InvoiceID,ProductID,ProductName,Category,Size,Color,Quantity,Price,OrderDate
HD00001,7a707f6c-7a4b-4392-80c8-475eb6eb4bc8,Quần Tây Nam Lịch Lãm Công Sở,Quần,29,Đen,2,489000,13/05/2026
HD00001,773638cb-7eea-46c3-8af4-3bce1ecb5dd2,Áo Polo Nam Công Sở Premium,Áo thun,XXL,Xanh Navy,2,350000,13/05/2026
HD00002,bb06c357-8eb3-4ffe-a765-1307de4e19eb,Mũ Len Unisex Mùa Đông Ấm Áp,Nón,Free Size,Xám,1,150000,30/03/2026
HD00002,0f6632d3-5cf7-42d2-9157-f13f0084a634,Áo Khoác Nam Denim Classic,Áo khoác,M,Xanh,1,550000,30/03/2026
HD00003,47321475-4386-4cf5-8b77-af01547cd204,Quần Baggy Nữ Hàn Quốc,Quần,XL,Đen,1,429000,21/04/2025
HD00003,cc14f38d-1c5d-44e4-a577-c2add0a1b47e,Áo Sơ Mi Nữ Linen Kem,Áo sơ mi,L,Be,1,359000,21/04/2025
HD00003,b3d420d4-d451-4c61-bd20-6636b4973e09,Cardigan Nữ Len Dệt Kim Kem,Cardigan,L,Be,1,499000,21/04/2025
HD00004,462e9e6e-f5a5-4689-bca8-aa61f7489a66,Hoodie Unisex Nỉ Bông Có Mũ,Áo khoác,XL,Xám,1,380000,28/02/2026
HD00004,740d378a-17ab-4db0-aa7b-961840cb0ad8,Blazer Nữ Premium,Blazer,L,Đen,2,990000,28/02/2026
HD00004,1654922e-d123-4e17-9ca0-cdae32820ab6,Vớ Unisex Cotton Cổ Cao Sọc,Nón,Free Size,Trắng,2,49000,28/02/2026
HD00005,1d9f44d7-0657-47ec-baf9-659b9bfe2f6d,Áo Len Nam Cổ Lọ Ấm Áp,Áo len,L,Đen,1,520000,24/03/2026
HD00005,bb06c357-8eb3-4ffe-a765-1307de4e19eb,Mũ Len Unisex Mùa Đông Ấm Áp,Nón,Free Size,Xám,1,150000,24/03/2026
HD00005,0f6632d3-5cf7-42d2-9157-f13f0084a634,Áo Khoác Nam Denim Classic,Áo khoác,L,Xanh,1,550000,24/03/2026
HD00006,47321475-4386-4cf5-8b77-af01547cd204,Quần Baggy Nữ Hàn Quốc,Quần,S,Đen,2,429000,28/01/2026
HD00006,cc14f38d-1c5d-44e4-a577-c2add0a1b47e,Áo Sơ Mi Nữ Linen Kem,Áo sơ mi,L,Be,2,359000,28/01/2026
HD00007,7af62054-cb7c-43d5-8a7a-f6de97b8440d,Blazer Nữ Công Sở Premium,Blazer,L,Trắng,2,820000,21/02/2026
HD00007,1d8256e6-c737-4a4c-86b9-b28f0c3112eb,Áo Sơ Mi Nữ Oxford Trắng,Áo sơ mi,M,Trắng,2,329000,21/02/2026
HD00007,2d01e356-ac67-4d6f-83ce-e2c9ad89a55d,Quần Tây Nữ Ống Suông,Quần,L,Đen,2,459000,21/02/2026
HD00008,47321475-4386-4cf5-8b77-af01547cd204,Quần Baggy Nữ Hàn Quốc,Quần,M,Đen,1,429000,09/09/2025
HD00008,b3d420d4-d451-4c61-bd20-6636b4973e09,Cardigan Nữ Len Dệt Kim Kem,Cardigan,M,Be,2,499000,09/09/2025
HD00009,e6f18dbb-acb7-46bb-a116-d6111d7b40f8,Quần Jogger Nam Thể Thao Nỉ,Quần,L,Xám,1,320000,26/10/2025
HD00009,52f6d247-50fb-43f7-ab47-14cc9380a683,Áo Sơ Mi Nam Cổ Tàu Casual,Áo sơ mi,M,Nâu,2,299000,26/10/2025
HD00010,668c0c46-b451-49fb-a269-45e518a0a645,Quần Jeans Nam Slimfit,Quần,30,Xanh đậm,2,549000,29/01/2026
HD00010,93efef1b-4c47-4682-af31-84004a28c573,Nón Snapback Unisex,Nón,Free Size,Xám,1,220000,29/01/2026
HD00010,e0f136c6-62be-4f5c-a912-54349bbee80a,Chân Váy Nữ Midi Xếp Ly,Váy,L,Đen,2,320000,29/01/2026
HD00010,7a707f6c-7a4b-4392-80c8-475eb6eb4bc8,Quần Tây Nam Lịch Lãm Công Sở,Quần,29,Đen,1,489000,29/01/2026
HD00011,b8a6d3f1-ad5c-4c5b-adf9-7e766ed462a5,Nón Bucket Unisex Vải Kaki Trơn,Nón,Free Size,Đen,1,150000,21/03/2026
HD00011,0537aac5-9d37-4ea1-bee3-5ed3851cc79d,Áo Sơ Mi Nam Vải Linen Xanh,Áo sơ mi,L,Xanh,2,340000,21/03/2026
HD00011,7a1e5705-4b19-42f7-a7ec-504fb2481cc2,Thắt Lưng Da Nam Khóa Tự Động,Nón,Free Size,Đen,1,350000,21/03/2026
HD00012,1d8256e6-c737-4a4c-86b9-b28f0c3112eb,Áo Sơ Mi Nữ Oxford Trắng,Áo sơ mi,S,Trắng,1,329000,29/10/2025
HD00012,2d01e356-ac67-4d6f-83ce-e2c9ad89a55d,Quần Tây Nữ Ống Suông,Quần,S,Đen,1,459000,29/10/2025
HD00013,93c3d112-b724-48cb-bee5-b2dcef7f1d55,Áo Khoác Gió Unisex Thể Thao,Áo khoác,L,Đen,2,350000,18/04/2026
HD00013,3ffeadc2-56cb-4267-a02b-00fc51a7a1b2,Áo Khoác Bomber Unisex Da Lộn,Áo khoác,XL,Đen,2,599000,18/04/2026
HD00013,8a7e2af6-1dec-44a6-bf40-5c5c403abe8c,Áo Sơ Mi Nam Vải Oxford Trắng,Áo sơ mi,XL,Trắng,1,320000,18/04/2026
HD00014,7a707f6c-7a4b-4392-80c8-475eb6eb4bc8,Quần Tây Nam Lịch Lãm Công Sở,Quần,33,Đen,1,489000,19/01/2026
HD00014,bf8bb740-6ff2-40aa-b164-ac144119c781,Giày Tây Nam Derby Lịch Lãm,Giày,42,Xám,1,990000,19/01/2026
HD00015,c9e6150b-fdf6-4a91-8f2c-d8bab75b9f2b,Hoodie Unisex Local Brand Cực Chất,Áo khoác,M,Nâu,1,399000,23/10/2025
HD00015,b8a6d3f1-ad5c-4c5b-adf9-7e766ed462a5,Nón Bucket Unisex Vải Kaki Trơn,Nón,Free Size,Đen,1,150000,23/10/2025
HD00015,591f87ca-ccec-4d04-af4e-fe941c4ee72e,Giày Sneaker Trắng Unisex Streetwear,Giày,39,Trắng,2,650000,23/10/2025
HD00015,b9070ded-f7bb-4ae7-8384-31f433f188c1,Quần Jogger Nam Kaki Túi Hộp,Quần,XL,Đen,2,350000,23/10/2025
HD00016,d687bdc0-7bd2-4fb3-b157-ef8d3c1b2135,Quần Jogger Unisex Nỉ Basic,Quần,XL,Xám,2,280000,29/03/2026
HD00016,d15def0c-3a31-492a-ac97-382525c2218a,Áo Sweater Unisex Trơn Basic,Áo khoác,M,Nâu,2,320000,29/03/2026
HD00017,d230d9ed-71e2-4378-9fb2-15dd13a37357,Áo Hoodie Unisex,Áo khoác,XXL,Nâu,2,399000,29/12/2025
HD00017,49f47c17-2a4e-45e3-8c86-564e0b68bf44,Chân Váy Nữ Chữ A Da Lộn,Váy,S,Be,2,299000,29/12/2025
HD00017,7cdfc8c2-6d7e-4c07-9981-f669040ff7a9,Áo Khoác Gió Nam Chống Nước,Áo khoác,L,Đen,1,450000,29/12/2025
HD00018,f79701c0-468d-45ca-a063-f2c32fead22e,Áo Polo Nam Basic,Áo thun,XL,Xanh Navy,2,279000,01/12/2025
HD00018,565df8e7-d30d-4935-a0a2-bcd5ab5bf4a2,Quần Jeans Nam Slimfit Đen,Quần,31,Đen,1,549000,01/12/2025
HD00019,8211c7e6-49da-422e-8c8e-61bf0288e356,Áo Thun Nam Oversize Cực Chất,Áo thun,M,Đen,1,220000,24/03/2025
HD00019,b9070ded-f7bb-4ae7-8384-31f433f188c1,Quần Jogger Nam Kaki Túi Hộp,Quần,M,Đen,1,350000,24/03/2025
HD00019,306ab081-eb9c-4df5-8b30-1f55f1daa354,Quần Kaki Nam Short Casual,Quần,L,Đen,2,249000,24/03/2025
HD00020,0f6632d3-5cf7-42d2-9157-f13f0084a634,Áo Khoác Nam Denim Classic,Áo khoác,M,Xanh,2,550000,05/06/2025
HD00020,1d9f44d7-0657-47ec-baf9-659b9bfe2f6d,Áo Len Nam Cổ Lọ Ấm Áp,Áo len,XL,Đen,1,520000,05/06/2025
HD00020,bb06c357-8eb3-4ffe-a765-1307de4e19eb,Mũ Len Unisex Mùa Đông Ấm Áp,Nón,Free Size,Xám,1,150000,05/06/2025
HD00021,7a707f6c-7a4b-4392-80c8-475eb6eb4bc8,Quần Tây Nam Lịch Lãm Công Sở,Quần,33,Đen,1,489000,19/10/2025
HD00021,fc61ed45-ce98-480f-a519-02961cff9b10,Giày Chạy Bộ Nữ Siêu Nhẹ,Giày,39,Đen,2,750000,19/10/2025
HD00021,f79701c0-468d-45ca-a063-f2c32fead22e,Áo Polo Nam Basic,Áo thun,M,Xanh Navy,2,279000,19/10/2025
HD00021,b44f5194-d6f8-497b-b568-738d7d09c9e4,Áo Thun Nữ Croptop Cổ Tim,Áo thun,M,Trắng,1,120000,19/10/2025
HD00022,d687bdc0-7bd2-4fb3-b157-ef8d3c1b2135,Quần Jogger Unisex Nỉ Basic,Quần,L,Xám,1,280000,07/02/2025
HD00022,d15def0c-3a31-492a-ac97-382525c2218a,Áo Sweater Unisex Trơn Basic,Áo khoác,XL,Nâu,2,320000,07/02/2025
HD00022,61017231-ff80-414c-8355-84b4bfd8f3fb,Áo Sơ Mi Nữ Oxford,Áo sơ mi,L,Trắng,1,329000,07/02/2025
HD00023,b9070ded-f7bb-4ae7-8384-31f433f188c1,Quần Jogger Nam Kaki Túi Hộp,Quần,L,Đen,2,350000,31/03/2025
HD00023,8211c7e6-49da-422e-8c8e-61bf0288e356,Áo Thun Nam Oversize Cực Chất,Áo thun,L,Đen,1,220000,31/03/2025
HD00023,99f07ede-2b19-4f58-949e-3c20b4da9416,Nón Snapback Unisex Streetwear,Nón,Free Size,Xám,2,220000,31/03/2025
HD00023,8a7e2af6-1dec-44a6-bf40-5c5c403abe8c,Áo Sơ Mi Nam Vải Oxford Trắng,Áo sơ mi,XL,Trắng,2,320000,31/03/2025
HD00024,7a707f6c-7a4b-4392-80c8-475eb6eb4bc8,Quần Tây Nam Lịch Lãm Công Sở,Quần,29,Đen,2,489000,27/01/2025
HD00024,898c5b5f-febc-4b99-837c-f9d94f5e2e07,Váy Nữ Suông Linen Thoải Mái,Váy,M,Xanh,2,420000,27/01/2025
HD00024,41ba1486-c8ed-42ba-8e21-a7baaaf113a7,Quần Short Nữ,Quần,L,Xanh,1,259000,27/01/2025
HD00024,4ef3b541-6c86-4287-8090-28809b3559fe,Giày Chạy Bộ Nam Running Sport,Giày,43,Đen,1,790000,27/01/2025
HD00025,105ad1ba-828c-468d-b1e2-33860aced25e,Giày Tây Nam Oxford Da Bò,Giày,40,Xám,1,1200000,01/05/2026
HD00025,5aee6bb0-ffad-4321-976e-a7a74709d94d,Dép Unisex Quai Ngang Êm Chân,Giày,41,Đen,1,150000,01/05/2026
HD00025,a9bbcc47-d51e-49fb-aab9-04649744ad76,Áo Thun Nam Cổ Tim Trơn,Áo thun,M,Đen,1,160000,01/05/2026
HD00025,1d99fb01-0c7c-4f56-86b7-e573663b11e2,Áo Thun Nam Oversize Streetwear,Áo thun,L,Đen,2,239000,01/05/2026
HD00026,105ad1ba-828c-468d-b1e2-33860aced25e,Giày Tây Nam Oxford Da Bò,Giày,40,Xám,2,1200000,18/04/2026
HD00026,3d8984b4-57a3-4d52-913c-2a11d9222ede,Áo Thun Nam Basic,Áo thun,XL,Trắng,1,199000,18/04/2026
HD00026,c04e8b6a-b8be-4231-9377-710ae7bb8e46,Áo Body Nữ Croptop,Áo body,M,Đen,1,289000,18/04/2026
HD00026,bb06c357-8eb3-4ffe-a765-1307de4e19eb,Mũ Len Unisex Mùa Đông Ấm Áp,Nón,Free Size,Xám,1,150000,18/04/2026
HD00026,db900625-f6c9-41e1-a4eb-2042fcd9496f,Giày Cao Gót Nữ Đế Nhọn Công Sở,Giày,39,Trắng,1,490000,18/04/2026
HD00027,7a707f6c-7a4b-4392-80c8-475eb6eb4bc8,Quần Tây Nam Lịch Lãm Công Sở,Quần,32,Đen,1,489000,02/04/2026
HD00027,565df8e7-d30d-4935-a0a2-bcd5ab5bf4a2,Quần Jeans Nam Slimfit Đen,Quần,30,Đen,1,549000,02/04/2026
HD00027,fbf0bc5c-dbfc-4b4a-9648-0be35b76943f,Quần Jogger Unisex Kaki Túi Hộp,Quần,XL,Đen,1,320000,02/04/2026
HD00027,8a7e2af6-1dec-44a6-bf40-5c5c403abe8c,Áo Sơ Mi Nam Vải Oxford Trắng,Áo sơ mi,S,Trắng,2,320000,02/04/2026
HD00027,12c3c23d-b26f-4090-b661-3e330f928a84,Nón Thể Thao Unisex,Nón,Free Size,Trắng,1,160000,02/04/2026
HD00028,d687bdc0-7bd2-4fb3-b157-ef8d3c1b2135,Quần Jogger Unisex Nỉ Basic,Quần,L,Xám,2,280000,11/04/2025
HD00028,d15def0c-3a31-492a-ac97-382525c2218a,Áo Sweater Unisex Trơn Basic,Áo khoác,M,Nâu,2,320000,11/04/2025
HD00029,591f87ca-ccec-4d04-af4e-fe941c4ee72e,Giày Sneaker Trắng Unisex Streetwear,Giày,39,Trắng,1,650000,24/07/2025
HD00029,f79701c0-468d-45ca-a063-f2c32fead22e,Áo Polo Nam Basic,Áo thun,M,Xanh Navy,2,279000,24/07/2025
HD00030,db900625-f6c9-41e1-a4eb-2042fcd9496f,Giày Cao Gót Nữ Đế Nhọn Công Sở,Giày,38,Trắng,2,490000,04/09/2025
HD00030,c36ca838-024f-462b-b202-e125f17c3a90,Áo Body Nữ Tay Dài Ôm Sát,Áo body,M,Đen,2,299000,04/09/2025
HD00030,409dbb70-64f9-445d-b146-33a6ba02b819,Váy Nữ Dự Tiệc Trễ Vai Sang Chảnh,Váy,L,Đỏ,2,690000,04/09/2025
HD00031,d687bdc0-7bd2-4fb3-b157-ef8d3c1b2135,Quần Jogger Unisex Nỉ Basic,Quần,M,Xám,2,280000,15/08/2025
HD00031,ca7585c8-ddbf-4d1d-a666-37a7b963d906,Balo Unisex Thời Trang Chống Nước,Nón,Free Size,Trắng,1,450000,15/08/2025
HD00032,8211c7e6-49da-422e-8c8e-61bf0288e356,Áo Thun Nam Oversize Cực Chất,Áo thun,L,Đen,1,220000,10/08/2025
HD00032,99f07ede-2b19-4f58-949e-3c20b4da9416,Nón Snapback Unisex Streetwear,Nón,Free Size,Xám,1,220000,10/08/2025
HD00032,b9070ded-f7bb-4ae7-8384-31f433f188c1,Quần Jogger Nam Kaki Túi Hộp,Quần,L,Đen,2,350000,10/08/2025
HD00033,bb06c357-8eb3-4ffe-a765-1307de4e19eb,Mũ Len Unisex Mùa Đông Ấm Áp,Nón,Free Size,Xám,1,150000,09/02/2026
HD00033,1d9f44d7-0657-47ec-baf9-659b9bfe2f6d,Áo Len Nam Cổ Lọ Ấm Áp,Áo len,M,Đen,1,520000,09/02/2026
HD00033,0f6632d3-5cf7-42d2-9157-f13f0084a634,Áo Khoác Nam Denim Classic,Áo khoác,L,Xanh,2,550000,09/02/2026
HD00033,ca7585c8-ddbf-4d1d-a666-37a7b963d906,Balo Unisex Thời Trang Chống Nước,Nón,Free Size,Trắng,2,450000,09/02/2026
HD00034,db900625-f6c9-41e1-a4eb-2042fcd9496f,Giày Cao Gót Nữ Đế Nhọn Công Sở,Giày,37,Trắng,1,490000,12/11/2025
HD00034,c36ca838-024f-462b-b202-e125f17c3a90,Áo Body Nữ Tay Dài Ôm Sát,Áo body,S,Đen,2,299000,12/11/2025
HD00035,3d8984b4-57a3-4d52-913c-2a11d9222ede,Áo Thun Nam Basic,Áo thun,XL,Trắng,1,199000,02/02/2025
HD00035,f905c3e5-b9ef-496a-9516-a5cd2ae75514,Áo Hoodie Unisex Basic,Áo khoác,M,Đen,1,399000,02/02/2025
HD00035,b518aad8-1fbb-4d46-bc3c-1e531b3b1a8d,Áo Thun Nam Trơn Cổ Tròn,Áo thun,S,Đen,2,150000,02/02/2025
HD00036,7a707f6c-7a4b-4392-80c8-475eb6eb4bc8,Quần Tây Nam Lịch Lãm Công Sở,Quần,31,Đen,1,489000,26/07/2025
HD00036,bf8bb740-6ff2-40aa-b164-ac144119c781,Giày Tây Nam Derby Lịch Lãm,Giày,39,Xám,1,990000,26/07/2025
HD00036,773638cb-7eea-46c3-8af4-3bce1ecb5dd2,Áo Polo Nam Công Sở Premium,Áo thun,S,Xanh Navy,1,350000,26/07/2025
HD00037,565df8e7-d30d-4935-a0a2-bcd5ab5bf4a2,Quần Jeans Nam Slimfit Đen,Quần,29,Đen,1,549000,02/02/2025
HD00037,f79701c0-468d-45ca-a063-f2c32fead22e,Áo Polo Nam Basic,Áo thun,XL,Xanh Navy,1,279000,02/02/2025
HD00037,591f87ca-ccec-4d04-af4e-fe941c4ee72e,Giày Sneaker Trắng Unisex Streetwear,Giày,38,Trắng,1,650000,02/02/2025
HD00037,626b4040-d17f-4bae-a99a-a9bd43b0140b,Áo Len Nam Cổ Lọ,Áo len,L,Đen,2,520000,02/02/2025
HD00038,773638cb-7eea-46c3-8af4-3bce1ecb5dd2,Áo Polo Nam Công Sở Premium,Áo thun,L,Xanh Navy,2,350000,12/10/2025
HD00038,b3d420d4-d451-4c61-bd20-6636b4973e09,Cardigan Nữ Len Dệt Kim Kem,Cardigan,S,Be,1,499000,12/10/2025
HD00038,2aad4182-f5b2-4e66-a70b-32fe3626ae38,Nón Bucket Basic Unisex,Nón,Free Size,Đen,2,180000,12/10/2025
HD00039,ca7585c8-ddbf-4d1d-a666-37a7b963d906,Balo Unisex Thời Trang Chống Nước,Nón,Free Size,Trắng,2,450000,07/10/2025
HD00039,d687bdc0-7bd2-4fb3-b157-ef8d3c1b2135,Quần Jogger Unisex Nỉ Basic,Quần,L,Xám,2,280000,07/10/2025
HD00039,d15def0c-3a31-492a-ac97-382525c2218a,Áo Sweater Unisex Trơn Basic,Áo khoác,L,Nâu,1,320000,07/10/2025
HD00040,b8a6d3f1-ad5c-4c5b-adf9-7e766ed462a5,Nón Bucket Unisex Vải Kaki Trơn,Nón,Free Size,Đen,2,150000,13/05/2025
HD00040,591f87ca-ccec-4d04-af4e-fe941c4ee72e,Giày Sneaker Trắng Unisex Streetwear,Giày,42,Trắng,1,650000,13/05/2025
HD00041,b9070ded-f7bb-4ae7-8384-31f433f188c1,Quần Jogger Nam Kaki Túi Hộp,Quần,L,Đen,2,350000,19/02/2025
HD00041,35c4d88a-3b69-47a7-933e-e5bc205c5fd5,Quần Jeans Nữ Skinny Cạp Cao,Quần,L,Xanh,2,489000,19/02/2025
HD00041,e7a2f4b5-bf3f-47e0-b981-e6142607b6bc,Giày Chunky Sneaker Unisex,Giày,38,Trắng,2,850000,19/02/2025
HD00042,ac85d49f-37a3-47d2-9850-04adc3abecfb,Mắt Kính Unisex Chống Tia UV,Nón,Free Size,Đen,1,290000,24/03/2025
HD00042,872f179f-f0d5-4bcd-a90e-d10870eac50d,Giày Boot Da Nữ Cổ Cao Cá Tính,Giày,39,Trắng,1,890000,24/03/2025
HD00042,00cd794a-d248-4ee5-82bc-6f47e4552024,Giày Thể Thao Unisex Chunky,Giày,40,Trắng,2,850000,24/03/2025
HD00042,52f6d247-50fb-43f7-ab47-14cc9380a683,Áo Sơ Mi Nam Cổ Tàu Casual,Áo sơ mi,L,Nâu,2,299000,24/03/2025
HD00043,2d01e356-ac67-4d6f-83ce-e2c9ad89a55d,Quần Tây Nữ Ống Suông,Quần,S,Đen,1,459000,31/08/2025
HD00043,1d8256e6-c737-4a4c-86b9-b28f0c3112eb,Áo Sơ Mi Nữ Oxford Trắng,Áo sơ mi,L,Trắng,2,329000,31/08/2025
HD00043,7af62054-cb7c-43d5-8a7a-f6de97b8440d,Blazer Nữ Công Sở Premium,Blazer,S,Trắng,2,820000,31/08/2025
HD00044,b518aad8-1fbb-4d46-bc3c-1e531b3b1a8d,Áo Thun Nam Trơn Cổ Tròn,Áo thun,M,Đen,1,150000,25/02/2025
HD00044,93c3d112-b724-48cb-bee5-b2dcef7f1d55,Áo Khoác Gió Unisex Thể Thao,Áo khoác,M,Đen,1,350000,25/02/2025
HD00044,99f07ede-2b19-4f58-949e-3c20b4da9416,Nón Snapback Unisex Streetwear,Nón,Free Size,Xám,1,220000,25/02/2025
HD00044,49f47c17-2a4e-45e3-8c86-564e0b68bf44,Chân Váy Nữ Chữ A Da Lộn,Váy,L,Be,1,299000,25/02/2025
HD00045,b9070ded-f7bb-4ae7-8384-31f433f188c1,Quần Jogger Nam Kaki Túi Hộp,Quần,XL,Đen,2,350000,18/01/2026
HD00045,8211c7e6-49da-422e-8c8e-61bf0288e356,Áo Thun Nam Oversize Cực Chất,Áo thun,L,Đen,1,220000,18/01/2026
HD00045,99f07ede-2b19-4f58-949e-3c20b4da9416,Nón Snapback Unisex Streetwear,Nón,Free Size,Xám,1,220000,18/01/2026
HD00046,5b589295-6165-44f3-840e-bdf84d3c964e,Áo Body Nữ Giữ Nhiệt Bamboo Cổ Tròn,Áo body,S,Trắng,1,329000,02/10/2025
HD00046,d756eba2-7d66-4274-b91e-a18e6827f867,Giày Boot Da Nam Chelsea Lịch Lãm,Giày,43,Xám,2,1100000,02/10/2025
HD00047,b3d420d4-d451-4c61-bd20-6636b4973e09,Cardigan Nữ Len Dệt Kim Kem,Cardigan,L,Be,2,499000,29/03/2026
HD00047,cc14f38d-1c5d-44e4-a577-c2add0a1b47e,Áo Sơ Mi Nữ Linen Kem,Áo sơ mi,L,Be,1,359000,29/03/2026
HD00048,591f87ca-ccec-4d04-af4e-fe941c4ee72e,Giày Sneaker Trắng Unisex Streetwear,Giày,40,Trắng,2,650000,08/10/2025
HD00048,b8a6d3f1-ad5c-4c5b-adf9-7e766ed462a5,Nón Bucket Unisex Vải Kaki Trơn,Nón,Free Size,Đen,2,150000,08/10/2025
HD00048,c9e6150b-fdf6-4a91-8f2c-d8bab75b9f2b,Hoodie Unisex Local Brand Cực Chất,Áo khoác,L,Nâu,2,399000,08/10/2025
HD00049,d687bdc0-7bd2-4fb3-b157-ef8d3c1b2135,Quần Jogger Unisex Nỉ Basic,Quần,M,Xám,2,280000,18/02/2026
HD00049,d15def0c-3a31-492a-ac97-382525c2218a,Áo Sweater Unisex Trơn Basic,Áo khoác,L,Nâu,1,320000,18/02/2026
HD00049,ca7585c8-ddbf-4d1d-a666-37a7b963d906,Balo Unisex Thời Trang Chống Nước,Nón,Free Size,Trắng,1,450000,18/02/2026
HD00050,591f87ca-ccec-4d04-af4e-fe941c4ee72e,Giày Sneaker Trắng Unisex Streetwear,Giày,41,Trắng,2,650000,05/02/2026
HD00050,b8a6d3f1-ad5c-4c5b-adf9-7e766ed462a5,Nón Bucket Unisex Vải Kaki Trơn,Nón,Free Size,Đen,1,150000,05/02/2026
HD00051,3519fffb-6ea3-4fe0-947e-6d8b8e470b7a,Váy Nữ Maxi Đi Biển Dịu Dàng,Váy,S,Be,1,550000,28/06/2025
HD00051,45cc86fe-2abb-4420-8516-4718ae1f9990,Cardigan Nữ Oversize,Cardigan,L,Nâu,2,459000,28/06/2025
HD00051,9b3e4d7c-96f1-4236-826e-5f32678a9fc4,Quần Jeans Nam,Quần,32,Xanh nhạt,1,549000,28/06/2025
HD00051,01a62d8d-11a8-4f0e-95c8-28324f5438b6,Áo Body Nữ Basic Cổ Lọ,Áo body,M,Trắng,1,269000,28/06/2025
HD00051,f79701c0-468d-45ca-a063-f2c32fead22e,Áo Polo Nam Basic,Áo thun,L,Xanh Navy,1,279000,28/06/2025
HD00052,ca7585c8-ddbf-4d1d-a666-37a7b963d906,Balo Unisex Thời Trang Chống Nước,Nón,Free Size,Trắng,2,450000,15/06/2025
HD00052,d15def0c-3a31-492a-ac97-382525c2218a,Áo Sweater Unisex Trơn Basic,Áo khoác,L,Nâu,2,320000,15/06/2025
HD00053,75973f59-8a40-4d42-b894-5375a84f3374,Áo Khoác Varsity Unisex Streetwear,Áo khoác,XL,Đen Trắng,2,639000,13/12/2025
HD00053,20ecab60-6f47-43a3-b5a2-8c73d262ff50,Váy Nữ Dự Tiệc Cao Cấp,Váy,S,Đỏ,2,690000,13/12/2025
HD00053,f05e6db1-a12e-426c-aa6d-d5e504740533,Áo Body Nữ Tay Dài,Áo body,S,Đen,2,299000,13/12/2025
HD00053,1d9f44d7-0657-47ec-baf9-659b9bfe2f6d,Áo Len Nam Cổ Lọ Ấm Áp,Áo len,XL,Đen,1,520000,13/12/2025
HD00054,12c3c23d-b26f-4090-b661-3e330f928a84,Nón Thể Thao Unisex,Nón,Free Size,Trắng,2,160000,20/06/2025
HD00054,e6f18dbb-acb7-46bb-a116-d6111d7b40f8,Quần Jogger Nam Thể Thao Nỉ,Quần,L,Xám,2,320000,20/06/2025
HD00054,99f07ede-2b19-4f58-949e-3c20b4da9416,Nón Snapback Unisex Streetwear,Nón,Free Size,Xám,2,220000,20/06/2025
HD00055,12c3c23d-b26f-4090-b661-3e330f928a84,Nón Thể Thao Unisex,Nón,Free Size,Trắng,2,160000,24/06/2025
HD00055,4ef3b541-6c86-4287-8090-28809b3559fe,Giày Chạy Bộ Nam Running Sport,Giày,42,Đen,2,790000,24/06/2025
HD00056,1d8256e6-c737-4a4c-86b9-b28f0c3112eb,Áo Sơ Mi Nữ Oxford Trắng,Áo sơ mi,L,Trắng,2,329000,11/04/2026
HD00056,2d01e356-ac67-4d6f-83ce-e2c9ad89a55d,Quần Tây Nữ Ống Suông,Quần,L,Đen,1,459000,11/04/2026
HD00056,7af62054-cb7c-43d5-8a7a-f6de97b8440d,Blazer Nữ Công Sở Premium,Blazer,L,Trắng,1,820000,11/04/2026
HD00057,b3d420d4-d451-4c61-bd20-6636b4973e09,Cardigan Nữ Len Dệt Kim Kem,Cardigan,S,Be,2,499000,07/05/2026
HD00057,47321475-4386-4cf5-8b77-af01547cd204,Quần Baggy Nữ Hàn Quốc,Quần,S,Đen,2,429000,07/05/2026
HD00057,cc14f38d-1c5d-44e4-a577-c2add0a1b47e,Áo Sơ Mi Nữ Linen Kem,Áo sơ mi,S,Be,1,359000,07/05/2026
HD00058,ca7585c8-ddbf-4d1d-a666-37a7b963d906,Balo Unisex Thời Trang Chống Nước,Nón,Free Size,Trắng,1,450000,26/02/2026
HD00058,d687bdc0-7bd2-4fb3-b157-ef8d3c1b2135,Quần Jogger Unisex Nỉ Basic,Quần,M,Xám,2,280000,26/02/2026
HD00058,33732f38-6563-44e9-a85f-09fcdda0aa6f,Blazer Nữ Dáng Ngắn Thời Thượng,Blazer,M,Be,1,790000,26/02/2026
HD00059,b8a6d3f1-ad5c-4c5b-adf9-7e766ed462a5,Nón Bucket Unisex Vải Kaki Trơn,Nón,Free Size,Đen,2,150000,29/06/2025
HD00059,c9e6150b-fdf6-4a91-8f2c-d8bab75b9f2b,Hoodie Unisex Local Brand Cực Chất,Áo khoác,M,Nâu,1,399000,29/06/2025
HD00059,cda0d51d-8c0e-423b-a4de-8d22cec903bf,Thắt Lưng Da Nữ Khóa Tròn Cổ Điển,Nón,Free Size,Trắng,1,250000,29/06/2025
HD00060,5aee6bb0-ffad-4321-976e-a7a74709d94d,Dép Unisex Quai Ngang Êm Chân,Giày,42,Đen,1,150000,02/02/2025
HD00060,f715e6cf-f139-40fc-9411-eb5a1391b6a3,Quần Short Unisex Nỉ Thể Thao,Quần,M,Đen,2,189000,02/02/2025
HD00060,5a9e4c10-4d85-4ae9-99d0-4ecdbc69964b,Áo Thun Unisex In Chữ Streetwear,Áo thun,M,Đen,2,189000,02/02/2025
HD00060,740d378a-17ab-4db0-aa7b-961840cb0ad8,Blazer Nữ Premium,Blazer,L,Đen,1,990000,02/02/2025
HD00061,2d01e356-ac67-4d6f-83ce-e2c9ad89a55d,Quần Tây Nữ Ống Suông,Quần,S,Đen,1,459000,28/04/2026
HD00061,7af62054-cb7c-43d5-8a7a-f6de97b8440d,Blazer Nữ Công Sở Premium,Blazer,L,Trắng,1,820000,28/04/2026
HD00061,c356d946-1d0c-4868-a400-11e664e1c6c1,Áo Thun Nam Cotton Organic,Áo thun,L,Xám,1,190000,28/04/2026
HD00062,2d01e356-ac67-4d6f-83ce-e2c9ad89a55d,Quần Tây Nữ Ống Suông,Quần,L,Đen,1,459000,04/01/2026
HD00062,7af62054-cb7c-43d5-8a7a-f6de97b8440d,Blazer Nữ Công Sở Premium,Blazer,M,Trắng,1,820000,04/01/2026
HD00062,1d8256e6-c737-4a4c-86b9-b28f0c3112eb,Áo Sơ Mi Nữ Oxford Trắng,Áo sơ mi,S,Trắng,2,329000,04/01/2026
HD00063,bf8bb740-6ff2-40aa-b164-ac144119c781,Giày Tây Nam Derby Lịch Lãm,Giày,40,Xám,2,990000,02/03/2025
HD00063,773638cb-7eea-46c3-8af4-3bce1ecb5dd2,Áo Polo Nam Công Sở Premium,Áo thun,XXL,Xanh Navy,1,350000,02/03/2025
HD00063,898c5b5f-febc-4b99-837c-f9d94f5e2e07,Váy Nữ Suông Linen Thoải Mái,Váy,S,Xanh,1,420000,02/03/2025
HD00064,2d01e356-ac67-4d6f-83ce-e2c9ad89a55d,Quần Tây Nữ Ống Suông,Quần,S,Đen,2,459000,01/04/2026
HD00064,1d8256e6-c737-4a4c-86b9-b28f0c3112eb,Áo Sơ Mi Nữ Oxford Trắng,Áo sơ mi,S,Trắng,2,329000,01/04/2026
HD00065,47321475-4386-4cf5-8b77-af01547cd204,Quần Baggy Nữ Hàn Quốc,Quần,S,Đen,1,429000,24/03/2026
HD00065,b3d420d4-d451-4c61-bd20-6636b4973e09,Cardigan Nữ Len Dệt Kim Kem,Cardigan,L,Be,1,499000,24/03/2026
HD00065,35c4d88a-3b69-47a7-933e-e5bc205c5fd5,Quần Jeans Nữ Skinny Cạp Cao,Quần,M,Xanh,1,489000,24/03/2026
HD00066,1d8256e6-c737-4a4c-86b9-b28f0c3112eb,Áo Sơ Mi Nữ Oxford Trắng,Áo sơ mi,L,Trắng,1,329000,08/02/2026
HD00066,7af62054-cb7c-43d5-8a7a-f6de97b8440d,Blazer Nữ Công Sở Premium,Blazer,S,Trắng,1,820000,08/02/2026
HD00066,2d01e356-ac67-4d6f-83ce-e2c9ad89a55d,Quần Tây Nữ Ống Suông,Quần,L,Đen,1,459000,08/02/2026
HD00066,105ad1ba-828c-468d-b1e2-33860aced25e,Giày Tây Nam Oxford Da Bò,Giày,41,Xám,1,1200000,08/02/2026
HD00067,256a70eb-d06d-417a-bf57-9b60da0305c5,Giày Thể Thao Nam,Giày,42,Xám,1,720000,13/05/2026
HD00067,acaeda25-b325-467b-b332-a71ebd9078d8,Áo Khoác Nam Bomber Nhung Tăm,Áo khoác,L,Đen,1,499000,13/05/2026
HD00067,0d2d0b09-60dc-474a-a0d4-d49689e230b8,Quần Jeans Nữ Ống Rộng Culottes,Quần,S,Kem,2,529000,13/05/2026
HD00067,23cbc0c9-3f70-46ca-82e3-35767699a754,Giày Slip On Unisex Vải Canvas,Giày,37,Đen,2,399000,13/05/2026
HD00068,591f87ca-ccec-4d04-af4e-fe941c4ee72e,Giày Sneaker Trắng Unisex Streetwear,Giày,41,Trắng,2,650000,07/07/2025
HD00068,b8a6d3f1-ad5c-4c5b-adf9-7e766ed462a5,Nón Bucket Unisex Vải Kaki Trơn,Nón,Free Size,Đen,2,150000,07/07/2025
HD00069,de2469aa-98bb-4048-b2d6-ca06feaff0f9,Ví Da Unisex Đựng Thẻ Tiện Lợi,Nón,Free Size,Navy,2,190000,14/02/2026
HD00069,462e9e6e-f5a5-4689-bca8-aa61f7489a66,Hoodie Unisex Nỉ Bông Có Mũ,Áo khoác,XL,Xám,2,380000,14/02/2026
HD00070,b3d420d4-d451-4c61-bd20-6636b4973e09,Cardigan Nữ Len Dệt Kim Kem,Cardigan,S,Be,1,499000,08/04/2025
HD00070,cc14f38d-1c5d-44e4-a577-c2add0a1b47e,Áo Sơ Mi Nữ Linen Kem,Áo sơ mi,M,Be,1,359000,08/04/2025
HD00070,47321475-4386-4cf5-8b77-af01547cd204,Quần Baggy Nữ Hàn Quốc,Quần,XL,Đen,1,429000,08/04/2025
HD00071,409dbb70-64f9-445d-b146-33a6ba02b819,Váy Nữ Dự Tiệc Trễ Vai Sang Chảnh,Váy,S,Đỏ,2,690000,06/10/2025
HD00071,c36ca838-024f-462b-b202-e125f17c3a90,Áo Body Nữ Tay Dài Ôm Sát,Áo body,L,Đen,1,299000,06/10/2025
HD00072,f79701c0-468d-45ca-a063-f2c32fead22e,Áo Polo Nam Basic,Áo thun,L,Xanh Navy,2,279000,13/08/2025
HD00072,591f87ca-ccec-4d04-af4e-fe941c4ee72e,Giày Sneaker Trắng Unisex Streetwear,Giày,38,Trắng,1,650000,13/08/2025
HD00073,e6f18dbb-acb7-46bb-a116-d6111d7b40f8,Quần Jogger Nam Thể Thao Nỉ,Quần,L,Xám,2,320000,10/08/2025
HD00073,12c3c23d-b26f-4090-b661-3e330f928a84,Nón Thể Thao Unisex,Nón,Free Size,Trắng,1,160000,10/08/2025
HD00074,565df8e7-d30d-4935-a0a2-bcd5ab5bf4a2,Quần Jeans Nam Slimfit Đen,Quần,31,Đen,1,549000,03/05/2026
HD00074,f79701c0-468d-45ca-a063-f2c32fead22e,Áo Polo Nam Basic,Áo thun,M,Xanh Navy,1,279000,03/05/2026
HD00075,d15def0c-3a31-492a-ac97-382525c2218a,Áo Sweater Unisex Trơn Basic,Áo khoác,XL,Nâu,1,320000,29/12/2025
HD00075,ca7585c8-ddbf-4d1d-a666-37a7b963d906,Balo Unisex Thời Trang Chống Nước,Nón,Free Size,Trắng,1,450000,29/12/2025
HD00075,d687bdc0-7bd2-4fb3-b157-ef8d3c1b2135,Quần Jogger Unisex Nỉ Basic,Quần,XL,Xám,1,280000,29/12/2025
HD00076,99f07ede-2b19-4f58-949e-3c20b4da9416,Nón Snapback Unisex Streetwear,Nón,Free Size,Xám,1,220000,23/03/2025
HD00076,b9070ded-f7bb-4ae7-8384-31f433f188c1,Quần Jogger Nam Kaki Túi Hộp,Quần,XL,Đen,2,350000,23/03/2025
HD00076,8211c7e6-49da-422e-8c8e-61bf0288e356,Áo Thun Nam Oversize Cực Chất,Áo thun,XL,Đen,1,220000,23/03/2025
HD00076,2aad4182-f5b2-4e66-a70b-32fe3626ae38,Nón Bucket Basic Unisex,Nón,Free Size,Đen,1,180000,23/03/2025
HD00077,409dbb70-64f9-445d-b146-33a6ba02b819,Váy Nữ Dự Tiệc Trễ Vai Sang Chảnh,Váy,S,Đỏ,2,690000,14/05/2026
HD00077,c36ca838-024f-462b-b202-e125f17c3a90,Áo Body Nữ Tay Dài Ôm Sát,Áo body,L,Đen,1,299000,14/05/2026
HD00078,773638cb-7eea-46c3-8af4-3bce1ecb5dd2,Áo Polo Nam Công Sở Premium,Áo thun,S,Xanh Navy,1,350000,09/03/2025
HD00078,bf8bb740-6ff2-40aa-b164-ac144119c781,Giày Tây Nam Derby Lịch Lãm,Giày,40,Xám,2,990000,09/03/2025
HD00079,d687bdc0-7bd2-4fb3-b157-ef8d3c1b2135,Quần Jogger Unisex Nỉ Basic,Quần,L,Xám,1,280000,12/04/2026
HD00079,ca7585c8-ddbf-4d1d-a666-37a7b963d906,Balo Unisex Thời Trang Chống Nước,Nón,Free Size,Trắng,2,450000,12/04/2026
HD00080,ca7585c8-ddbf-4d1d-a666-37a7b963d906,Balo Unisex Thời Trang Chống Nước,Nón,Free Size,Trắng,1,450000,31/01/2025
HD00080,d15def0c-3a31-492a-ac97-382525c2218a,Áo Sweater Unisex Trơn Basic,Áo khoác,L,Nâu,2,320000,31/01/2025
HD00080,d687bdc0-7bd2-4fb3-b157-ef8d3c1b2135,Quần Jogger Unisex Nỉ Basic,Quần,M,Xám,2,280000,31/01/2025
HD00081,b8a6d3f1-ad5c-4c5b-adf9-7e766ed462a5,Nón Bucket Unisex Vải Kaki Trơn,Nón,Free Size,Đen,2,150000,24/03/2026
HD00081,f905c3e5-b9ef-496a-9516-a5cd2ae75514,Áo Hoodie Unisex Basic,Áo khoác,M,Đen,1,399000,24/03/2026
HD00082,cda0d51d-8c0e-423b-a4de-8d22cec903bf,Thắt Lưng Da Nữ Khóa Tròn Cổ Điển,Nón,Free Size,Trắng,1,250000,02/02/2026
HD00082,57d427ce-2cb0-4659-b346-22ed27f9bafa,Quần Baggy Nữ,Quần,S,Đen,1,429000,02/02/2026
HD00082,00cd794a-d248-4ee5-82bc-6f47e4552024,Giày Thể Thao Unisex Chunky,Giày,37,Trắng,1,850000,02/02/2026
HD00082,2abe7389-f13b-422a-b6f1-a2c95273e319,Sandal Unisex Dây Chéo Học Sinh,Giày,41,Đen,2,250000,02/02/2026
HD00083,8a7e2af6-1dec-44a6-bf40-5c5c403abe8c,Áo Sơ Mi Nam Vải Oxford Trắng,Áo sơ mi,L,Trắng,1,320000,25/09/2025
HD00083,e7988e60-9056-472a-b914-5ab26da5917c,Quần Jeans Nam Rách Gối Streetwear,Quần,31,Xanh nhạt,2,599000,25/09/2025
HD00084,47321475-4386-4cf5-8b77-af01547cd204,Quần Baggy Nữ Hàn Quốc,Quần,XL,Đen,1,429000,05/05/2026
HD00084,cc14f38d-1c5d-44e4-a577-c2add0a1b47e,Áo Sơ Mi Nữ Linen Kem,Áo sơ mi,M,Be,2,359000,05/05/2026
HD00085,2d01e356-ac67-4d6f-83ce-e2c9ad89a55d,Quần Tây Nữ Ống Suông,Quần,S,Đen,1,459000,07/01/2026
HD00085,7af62054-cb7c-43d5-8a7a-f6de97b8440d,Blazer Nữ Công Sở Premium,Blazer,M,Trắng,1,820000,07/01/2026
HD00085,1d8256e6-c737-4a4c-86b9-b28f0c3112eb,Áo Sơ Mi Nữ Oxford Trắng,Áo sơ mi,M,Trắng,2,329000,07/01/2026
HD00086,b9070ded-f7bb-4ae7-8384-31f433f188c1,Quần Jogger Nam Kaki Túi Hộp,Quần,M,Đen,2,350000,18/01/2025
HD00086,99f07ede-2b19-4f58-949e-3c20b4da9416,Nón Snapback Unisex Streetwear,Nón,Free Size,Xám,2,220000,18/01/2025
HD00086,e9b18016-ac13-4aa7-8e3b-9df31db133d7,Váy Tennis Nữ,Váy,S,Trắng,1,280000,18/01/2025
HD00087,773638cb-7eea-46c3-8af4-3bce1ecb5dd2,Áo Polo Nam Công Sở Premium,Áo thun,XXL,Xanh Navy,1,350000,13/02/2025
HD00087,7a707f6c-7a4b-4392-80c8-475eb6eb4bc8,Quần Tây Nam Lịch Lãm Công Sở,Quần,30,Đen,2,489000,13/02/2025
HD00087,bf8bb740-6ff2-40aa-b164-ac144119c781,Giày Tây Nam Derby Lịch Lãm,Giày,41,Xám,2,990000,13/02/2025
HD00088,0f6632d3-5cf7-42d2-9157-f13f0084a634,Áo Khoác Nam Denim Classic,Áo khoác,L,Xanh,2,550000,03/02/2025
HD00088,bb06c357-8eb3-4ffe-a765-1307de4e19eb,Mũ Len Unisex Mùa Đông Ấm Áp,Nón,Free Size,Xám,2,150000,03/02/2025
HD00088,8a7e2af6-1dec-44a6-bf40-5c5c403abe8c,Áo Sơ Mi Nam Vải Oxford Trắng,Áo sơ mi,L,Trắng,2,320000,03/02/2025
HD00089,b9070ded-f7bb-4ae7-8384-31f433f188c1,Quần Jogger Nam Kaki Túi Hộp,Quần,M,Đen,2,350000,16/02/2026
HD00089,99f07ede-2b19-4f58-949e-3c20b4da9416,Nón Snapback Unisex Streetwear,Nón,Free Size,Xám,2,220000,16/02/2026
HD00089,8211c7e6-49da-422e-8c8e-61bf0288e356,Áo Thun Nam Oversize Cực Chất,Áo thun,XL,Đen,2,220000,16/02/2026
HD00090,9339978c-7737-41bc-b043-029aeb186aac,Áo Polo Nam Basic,Áo thun,L,Xanh Navy,2,279000,20/07/2025
HD00090,de2469aa-98bb-4048-b2d6-ca06feaff0f9,Ví Da Unisex Đựng Thẻ Tiện Lợi,Nón,Free Size,Navy,1,190000,20/07/2025
HD00091,d687bdc0-7bd2-4fb3-b157-ef8d3c1b2135,Quần Jogger Unisex Nỉ Basic,Quần,XL,Xám,1,280000,28/10/2025
HD00091,ca7585c8-ddbf-4d1d-a666-37a7b963d906,Balo Unisex Thời Trang Chống Nước,Nón,Free Size,Trắng,1,450000,28/10/2025
HD00091,f79701c0-468d-45ca-a063-f2c32fead22e,Áo Polo Nam Basic,Áo thun,XL,Xanh Navy,1,279000,28/10/2025
HD00092,ca7585c8-ddbf-4d1d-a666-37a7b963d906,Balo Unisex Thời Trang Chống Nước,Nón,Free Size,Trắng,2,450000,18/01/2026
HD00092,d15def0c-3a31-492a-ac97-382525c2218a,Áo Sweater Unisex Trơn Basic,Áo khoác,L,Nâu,1,320000,18/01/2026
HD00092,d687bdc0-7bd2-4fb3-b157-ef8d3c1b2135,Quần Jogger Unisex Nỉ Basic,Quần,M,Xám,1,280000,18/01/2026
HD00093,b518aad8-1fbb-4d46-bc3c-1e531b3b1a8d,Áo Thun Nam Trơn Cổ Tròn,Áo thun,L,Trắng,2,150000,24/08/2025
HD00093,43d6febf-f863-4841-9ca6-94f3edbcb83a,Giày Búp Bê Nữ Da Mềm Mại,Giày,38,Trắng,1,350000,24/08/2025
HD00093,740d378a-17ab-4db0-aa7b-961840cb0ad8,Blazer Nữ Premium,Blazer,XL,Đen,1,990000,24/08/2025
HD00094,4bdea4f1-6aa9-4f3d-99e7-1c679695c149,Cardigan Nữ Dệt Kim,Cardigan,L,Be,2,499000,26/11/2025
HD00094,b44f5194-d6f8-497b-b568-738d7d09c9e4,Áo Thun Nữ Croptop Cổ Tim,Áo thun,M,Trắng,2,120000,26/11/2025
HD00095,7a707f6c-7a4b-4392-80c8-475eb6eb4bc8,Quần Tây Nam Lịch Lãm Công Sở,Quần,29,Đen,1,489000,29/11/2025
HD00095,bf8bb740-6ff2-40aa-b164-ac144119c781,Giày Tây Nam Derby Lịch Lãm,Giày,40,Xám,1,990000,29/11/2025
HD00095,773638cb-7eea-46c3-8af4-3bce1ecb5dd2,Áo Polo Nam Công Sở Premium,Áo thun,S,Xanh Navy,2,350000,29/11/2025
HD00096,12c3c23d-b26f-4090-b661-3e330f928a84,Nón Thể Thao Unisex,Nón,Free Size,Trắng,1,160000,19/07/2025
HD00096,e6f18dbb-acb7-46bb-a116-d6111d7b40f8,Quần Jogger Nam Thể Thao Nỉ,Quần,L,Xám,2,320000,19/07/2025
HD00096,4ef3b541-6c86-4287-8090-28809b3559fe,Giày Chạy Bộ Nam Running Sport,Giày,42,Đen,1,790000,19/07/2025
HD00097,b9070ded-f7bb-4ae7-8384-31f433f188c1,Quần Jogger Nam Kaki Túi Hộp,Quần,XL,Đen,1,350000,12/03/2025
HD00097,8211c7e6-49da-422e-8c8e-61bf0288e356,Áo Thun Nam Oversize Cực Chất,Áo thun,L,Đen,1,220000,12/03/2025
HD00097,99f07ede-2b19-4f58-949e-3c20b4da9416,Nón Snapback Unisex Streetwear,Nón,Free Size,Xám,1,220000,12/03/2025
HD00098,99f07ede-2b19-4f58-949e-3c20b4da9416,Nón Snapback Unisex Streetwear,Nón,Free Size,Xám,1,220000,09/07/2025
HD00098,8211c7e6-49da-422e-8c8e-61bf0288e356,Áo Thun Nam Oversize Cực Chất,Áo thun,M,Đen,2,220000,09/07/2025
HD00099,f905c3e5-b9ef-496a-9516-a5cd2ae75514,Áo Hoodie Unisex Basic,Áo khoác,M,Nâu,2,399000,14/03/2026
HD00099,668c0c46-b451-49fb-a269-45e518a0a645,Quần Jeans Nam Slimfit,Quần,30,Xanh đậm,2,549000,14/03/2026
HD00099,1d99fb01-0c7c-4f56-86b7-e573663b11e2,Áo Thun Nam Oversize Streetwear,Áo thun,M,Đen,2,239000,14/03/2026
HD00099,c90322dd-72a9-41d6-bbd0-c581d78ab911,Giày Sneaker Trắng Unisex,Giày,38,Trắng,1,650000,14/03/2026
HD00100,12c3c23d-b26f-4090-b661-3e330f928a84,Nón Thể Thao Unisex,Nón,Free Size,Trắng,1,160000,02/04/2025
HD00100,4ef3b541-6c86-4287-8090-28809b3559fe,Giày Chạy Bộ Nam Running Sport,Giày,42,Đen,1,790000,02/04/2025
HD00100,e6f18dbb-acb7-46bb-a116-d6111d7b40f8,Quần Jogger Nam Thể Thao Nỉ,Quần,XL,Xám,2,320000,02/04/2025
HD00100,2d01e356-ac67-4d6f-83ce-e2c9ad89a55d,Quần Tây Nữ Ống Suông,Quần,L,Đen,1,459000,02/04/2025
HD00101,409dbb70-64f9-445d-b146-33a6ba02b819,Váy Nữ Dự Tiệc Trễ Vai Sang Chảnh,Váy,S,Đỏ,1,690000,03/01/2025
HD00101,c36ca838-024f-462b-b202-e125f17c3a90,Áo Body Nữ Tay Dài Ôm Sát,Áo body,M,Đen,2,299000,03/01/2025
HD00101,db900625-f6c9-41e1-a4eb-2042fcd9496f,Giày Cao Gót Nữ Đế Nhọn Công Sở,Giày,36,Trắng,1,490000,03/01/2025
HD00102,6567b83c-7707-4f60-b9df-577208962783,Blazer Nữ Kẻ Caro Phong Cách Hàn,Blazer,S,Xám,1,850000,04/11/2025
HD00102,72b9161e-e55b-4802-a1c7-d7f33e5ccb0d,Quần Jogger Nam,Quần,L,Xám,2,320000,04/11/2025
HD00102,1246b9f6-1cf6-4a6f-a0c4-8f8e34c3e4e8,Giày Running Sport Unisex,Giày,42,Đen,1,790000,04/11/2025
HD00103,c9e6150b-fdf6-4a91-8f2c-d8bab75b9f2b,Hoodie Unisex Local Brand Cực Chất,Áo khoác,M,Nâu,1,399000,07/03/2026
HD00103,b8a6d3f1-ad5c-4c5b-adf9-7e766ed462a5,Nón Bucket Unisex Vải Kaki Trơn,Nón,Free Size,Đen,1,150000,07/03/2026
HD00104,2d01e356-ac67-4d6f-83ce-e2c9ad89a55d,Quần Tây Nữ Ống Suông,Quần,M,Đen,2,459000,06/07/2025
HD00104,1d8256e6-c737-4a4c-86b9-b28f0c3112eb,Áo Sơ Mi Nữ Oxford Trắng,Áo sơ mi,S,Trắng,2,329000,06/07/2025
HD00104,a7c450bf-193d-4223-b178-523acdd5ce71,Quần Kaki Nam Dáng Suông,Quần,32,Kem,1,389000,06/07/2025
HD00105,1d9f44d7-0657-47ec-baf9-659b9bfe2f6d,Áo Len Nam Cổ Lọ Ấm Áp,Áo len,M,Đen,2,520000,07/02/2025
HD00105,bb06c357-8eb3-4ffe-a765-1307de4e19eb,Mũ Len Unisex Mùa Đông Ấm Áp,Nón,Free Size,Xám,1,150000,07/02/2025
HD00105,0f6632d3-5cf7-42d2-9157-f13f0084a634,Áo Khoác Nam Denim Classic,Áo khoác,M,Xanh,2,550000,07/02/2025
HD00106,2d01e356-ac67-4d6f-83ce-e2c9ad89a55d,Quần Tây Nữ Ống Suông,Quần,L,Đen,2,459000,08/03/2026
HD00106,7af62054-cb7c-43d5-8a7a-f6de97b8440d,Blazer Nữ Công Sở Premium,Blazer,L,Trắng,2,820000,08/03/2026
HD00107,bb06c357-8eb3-4ffe-a765-1307de4e19eb,Mũ Len Unisex Mùa Đông Ấm Áp,Nón,Free Size,Xám,1,150000,01/02/2025
HD00107,0f6632d3-5cf7-42d2-9157-f13f0084a634,Áo Khoác Nam Denim Classic,Áo khoác,XL,Xanh,1,550000,01/02/2025
HD00107,1d9f44d7-0657-47ec-baf9-659b9bfe2f6d,Áo Len Nam Cổ Lọ Ấm Áp,Áo len,XL,Đen,1,520000,01/02/2025
HD00108,020a480f-a235-4103-9eaf-f34d0cff36ed,Quần Jeans Nữ Skinny,Quần,M,Xanh,1,489000,03/10/2025
HD00108,3ef4444d-e48a-41d7-aca5-dff0114fd772,Váy Công Sở Nữ,Váy,M,Kem,2,390000,03/10/2025
HD00109,d15def0c-3a31-492a-ac97-382525c2218a,Áo Sweater Unisex Trơn Basic,Áo khoác,M,Nâu,1,320000,24/05/2025
HD00109,ca7585c8-ddbf-4d1d-a666-37a7b963d906,Balo Unisex Thời Trang Chống Nước,Nón,Free Size,Trắng,1,450000,24/05/2025
HD00109,d687bdc0-7bd2-4fb3-b157-ef8d3c1b2135,Quần Jogger Unisex Nỉ Basic,Quần,L,Xám,1,280000,24/05/2025
HD00109,93efef1b-4c47-4682-af31-84004a28c573,Nón Snapback Unisex,Nón,Free Size,Xám,2,220000,24/05/2025
HD00110,7a707f6c-7a4b-4392-80c8-475eb6eb4bc8,Quần Tây Nam Lịch Lãm Công Sở,Quần,30,Đen,2,489000,09/06/2025
HD00110,35c4d88a-3b69-47a7-933e-e5bc205c5fd5,Quần Jeans Nữ Skinny Cạp Cao,Quần,M,Xanh,1,489000,09/06/2025
HD00110,00ea76e6-8a78-4510-9aa1-8c8d3f1e0ea4,Áo Body Nữ Cổ Vuông,Áo body,M,Hồng,2,329000,09/06/2025
HD00110,206646b2-8c77-4e51-b71d-a942c17cbc4b,Quần Short Unisex Dù Gió,Quần,XL,Xanh,1,150000,09/06/2025
HD00111,8a7e2af6-1dec-44a6-bf40-5c5c403abe8c,Áo Sơ Mi Nam Vải Oxford Trắng,Áo sơ mi,M,Trắng,2,320000,10/11/2025
HD00111,57d427ce-2cb0-4659-b346-22ed27f9bafa,Quần Baggy Nữ,Quần,L,Đen,1,429000,10/11/2025
HD00111,668c0c46-b451-49fb-a269-45e518a0a645,Quần Jeans Nam Slimfit,Quần,30,Xanh đậm,2,549000,10/11/2025
HD00111,47321475-4386-4cf5-8b77-af01547cd204,Quần Baggy Nữ Hàn Quốc,Quần,M,Đen,1,429000,10/11/2025
HD00111,626b4040-d17f-4bae-a99a-a9bd43b0140b,Áo Len Nam Cổ Lọ,Áo len,L,Xám,1,520000,10/11/2025
HD00112,773638cb-7eea-46c3-8af4-3bce1ecb5dd2,Áo Polo Nam Công Sở Premium,Áo thun,S,Xanh Navy,1,350000,10/04/2025
HD00112,bf8bb740-6ff2-40aa-b164-ac144119c781,Giày Tây Nam Derby Lịch Lãm,Giày,42,Xám,1,990000,10/04/2025
HD00112,7a707f6c-7a4b-4392-80c8-475eb6eb4bc8,Quần Tây Nam Lịch Lãm Công Sở,Quần,29,Đen,1,489000,10/04/2025
HD00113,8211c7e6-49da-422e-8c8e-61bf0288e356,Áo Thun Nam Oversize Cực Chất,Áo thun,M,Đen,2,220000,07/05/2026
HD00113,b9070ded-f7bb-4ae7-8384-31f433f188c1,Quần Jogger Nam Kaki Túi Hộp,Quần,L,Đen,1,350000,07/05/2026
HD00113,99f07ede-2b19-4f58-949e-3c20b4da9416,Nón Snapback Unisex Streetwear,Nón,Free Size,Xám,1,220000,07/05/2026
HD00114,bb06c357-8eb3-4ffe-a765-1307de4e19eb,Mũ Len Unisex Mùa Đông Ấm Áp,Nón,Free Size,Xám,2,150000,19/09/2025
HD00114,1d9f44d7-0657-47ec-baf9-659b9bfe2f6d,Áo Len Nam Cổ Lọ Ấm Áp,Áo len,M,Đen,2,520000,19/09/2025
HD00114,0f6632d3-5cf7-42d2-9157-f13f0084a634,Áo Khoác Nam Denim Classic,Áo khoác,L,Xanh,2,550000,19/09/2025
HD00115,7af62054-cb7c-43d5-8a7a-f6de97b8440d,Blazer Nữ Công Sở Premium,Blazer,M,Trắng,2,820000,26/10/2025
HD00115,1d8256e6-c737-4a4c-86b9-b28f0c3112eb,Áo Sơ Mi Nữ Oxford Trắng,Áo sơ mi,S,Trắng,2,329000,26/10/2025
HD00115,2d01e356-ac67-4d6f-83ce-e2c9ad89a55d,Quần Tây Nữ Ống Suông,Quần,M,Đen,1,459000,26/10/2025
HD00116,3040b7d2-2bea-4c81-bd8c-2c17927ad9e2,Quần Culottes Nữ,Quần,S,Be,1,379000,30/03/2025
HD00116,d230d9ed-71e2-4378-9fb2-15dd13a37357,Áo Hoodie Unisex,Áo khoác,L,Xám,2,399000,30/03/2025
HD00116,57d427ce-2cb0-4659-b346-22ed27f9bafa,Quần Baggy Nữ,Quần,L,Đen,1,429000,30/03/2025
HD00116,93c3d112-b724-48cb-bee5-b2dcef7f1d55,Áo Khoác Gió Unisex Thể Thao,Áo khoác,L,Đen,2,350000,30/03/2025
HD00116,90594d6e-3ae8-44bc-be8b-4d8d5d4c89fe,Cardigan Nữ Basic,Cardigan,S,Trắng,1,379000,30/03/2025
HD00117,bca6a5e3-a504-49ff-8fe8-bf5c131d57e5,Áo Sơ Mi Nam Kẻ Sọc Công Sở,Áo sơ mi,XL,Xanh,1,330000,18/02/2025
HD00117,fba0cb23-9cc9-40ed-a279-a57f1c6ac794,Áo Khoác Nam Bomber,Áo khoác,XL,Đen,2,499000,18/02/2025
HD00117,4ef3b541-6c86-4287-8090-28809b3559fe,Giày Chạy Bộ Nam Running Sport,Giày,41,Đen,1,790000,18/02/2025
HD00117,20b29c90-bea4-432c-ac66-0b72cbccdf6a,Áo Sơ Mi Nữ Linen,Áo sơ mi,M,Be,1,359000,18/02/2025
HD00117,591f87ca-ccec-4d04-af4e-fe941c4ee72e,Giày Sneaker Trắng Unisex Streetwear,Giày,41,Trắng,1,650000,18/02/2025
HD00118,99f07ede-2b19-4f58-949e-3c20b4da9416,Nón Snapback Unisex Streetwear,Nón,Free Size,Xám,1,220000,17/03/2025
HD00118,5fe8aacd-2167-47c0-925f-693248a365fe,Giày Slip On Unisex,Giày,39,Đen,2,499000,17/03/2025
HD00118,16685b4a-ab63-4a1f-ab9f-b4255995921e,Blazer Nữ Basic,Blazer,S,Be,2,720000,17/03/2025
HD00118,f05e6db1-a12e-426c-aa6d-d5e504740533,Áo Body Nữ Tay Dài,Áo body,M,Đen,1,299000,17/03/2025
HD00118,3ffeadc2-56cb-4267-a02b-00fc51a7a1b2,Áo Khoác Bomber Unisex Da Lộn,Áo khoác,XL,Đen,1,599000,17/03/2025
HD00119,41ba1486-c8ed-42ba-8e21-a7baaaf113a7,Quần Short Nữ,Quần,M,Xanh,2,259000,21/06/2025
HD00119,c36ca838-024f-462b-b202-e125f17c3a90,Áo Body Nữ Tay Dài Ôm Sát,Áo body,L,Đen,1,299000,21/06/2025
HD00119,2139d828-a4c0-4f2e-90e4-3cfb3420bf70,Bộ Vest Nam Cao Cấp Sang Trọng,Blazer,XL,Đen,1,1500000,21/06/2025
HD00119,3ef4444d-e48a-41d7-aca5-dff0114fd772,Váy Công Sở Nữ,Váy,M,Đen,1,390000,21/06/2025
HD00119,b518aad8-1fbb-4d46-bc3c-1e531b3b1a8d,Áo Thun Nam Trơn Cổ Tròn,Áo thun,XL,Trắng,2,150000,21/06/2025
HD00120,12c3c23d-b26f-4090-b661-3e330f928a84,Nón Thể Thao Unisex,Nón,Free Size,Trắng,1,160000,05/02/2026
HD00120,e6f18dbb-acb7-46bb-a116-d6111d7b40f8,Quần Jogger Nam Thể Thao Nỉ,Quần,XL,Xám,1,320000,05/02/2026
HD00121,b9070ded-f7bb-4ae7-8384-31f433f188c1,Quần Jogger Nam Kaki Túi Hộp,Quần,XL,Đen,1,350000,15/05/2025
HD00121,99f07ede-2b19-4f58-949e-3c20b4da9416,Nón Snapback Unisex Streetwear,Nón,Free Size,Xám,2,220000,15/05/2025
HD00121,8211c7e6-49da-422e-8c8e-61bf0288e356,Áo Thun Nam Oversize Cực Chất,Áo thun,M,Đen,1,220000,15/05/2025
HD00121,01a62d8d-11a8-4f0e-95c8-28324f5438b6,Áo Body Nữ Basic Cổ Lọ,Áo body,M,Trắng,2,269000,15/05/2025
HD00122,47321475-4386-4cf5-8b77-af01547cd204,Quần Baggy Nữ Hàn Quốc,Quần,S,Đen,2,429000,28/12/2025
HD00122,b3d420d4-d451-4c61-bd20-6636b4973e09,Cardigan Nữ Len Dệt Kim Kem,Cardigan,M,Be,1,499000,28/12/2025
HD00122,cc14f38d-1c5d-44e4-a577-c2add0a1b47e,Áo Sơ Mi Nữ Linen Kem,Áo sơ mi,S,Be,2,359000,28/12/2025
HD00123,bb06c357-8eb3-4ffe-a765-1307de4e19eb,Mũ Len Unisex Mùa Đông Ấm Áp,Nón,Free Size,Xám,1,150000,08/05/2025
HD00123,1d9f44d7-0657-47ec-baf9-659b9bfe2f6d,Áo Len Nam Cổ Lọ Ấm Áp,Áo len,M,Đen,1,520000,08/05/2025
HD00123,0f6632d3-5cf7-42d2-9157-f13f0084a634,Áo Khoác Nam Denim Classic,Áo khoác,L,Xanh,1,550000,08/05/2025
HD00124,e6f18dbb-acb7-46bb-a116-d6111d7b40f8,Quần Jogger Nam Thể Thao Nỉ,Quần,XL,Xám,2,320000,26/07/2025
HD00124,12c3c23d-b26f-4090-b661-3e330f928a84,Nón Thể Thao Unisex,Nón,Free Size,Trắng,2,160000,26/07/2025
HD00125,c36ca838-024f-462b-b202-e125f17c3a90,Áo Body Nữ Tay Dài Ôm Sát,Áo body,L,Đen,2,299000,21/11/2025
HD00125,409dbb70-64f9-445d-b146-33a6ba02b819,Váy Nữ Dự Tiệc Trễ Vai Sang Chảnh,Váy,S,Đỏ,1,690000,21/11/2025
HD00126,565df8e7-d30d-4935-a0a2-bcd5ab5bf4a2,Quần Jeans Nam Slimfit Đen,Quần,32,Đen,2,549000,18/10/2025
HD00126,591f87ca-ccec-4d04-af4e-fe941c4ee72e,Giày Sneaker Trắng Unisex Streetwear,Giày,39,Trắng,2,650000,18/10/2025
HD00127,bb06c357-8eb3-4ffe-a765-1307de4e19eb,Mũ Len Unisex Mùa Đông Ấm Áp,Nón,Free Size,Xám,1,150000,15/03/2025
HD00127,1d9f44d7-0657-47ec-baf9-659b9bfe2f6d,Áo Len Nam Cổ Lọ Ấm Áp,Áo len,M,Đen,1,520000,15/03/2025
HD00128,b3d420d4-d451-4c61-bd20-6636b4973e09,Cardigan Nữ Len Dệt Kim Kem,Cardigan,M,Be,1,499000,15/06/2025
HD00128,cc14f38d-1c5d-44e4-a577-c2add0a1b47e,Áo Sơ Mi Nữ Linen Kem,Áo sơ mi,L,Be,2,359000,15/06/2025
HD00129,4ef3b541-6c86-4287-8090-28809b3559fe,Giày Chạy Bộ Nam Running Sport,Giày,42,Đen,1,790000,17/04/2025
HD00129,e6f18dbb-acb7-46bb-a116-d6111d7b40f8,Quần Jogger Nam Thể Thao Nỉ,Quần,M,Xám,1,320000,17/04/2025
HD00130,52f6d247-50fb-43f7-ab47-14cc9380a683,Áo Sơ Mi Nam Cổ Tàu Casual,Áo sơ mi,XL,Nâu,2,299000,05/02/2026
HD00130,2aad4182-f5b2-4e66-a70b-32fe3626ae38,Nón Bucket Basic Unisex,Nón,Free Size,Đen,1,180000,05/02/2026
HD00130,0e0448a2-c2bd-4e80-b627-8787750e4656,Áo Sơ Mi Nam Caro,Áo sơ mi,M,Đỏ,1,299000,05/02/2026
HD00130,93c3d112-b724-48cb-bee5-b2dcef7f1d55,Áo Khoác Gió Unisex Thể Thao,Áo khoác,L,Đen,1,350000,05/02/2026
HD00131,8211c7e6-49da-422e-8c8e-61bf0288e356,Áo Thun Nam Oversize Cực Chất,Áo thun,M,Đen,2,220000,28/04/2025
HD00131,b9070ded-f7bb-4ae7-8384-31f433f188c1,Quần Jogger Nam Kaki Túi Hộp,Quần,XL,Đen,1,350000,28/04/2025
HD00131,99f07ede-2b19-4f58-949e-3c20b4da9416,Nón Snapback Unisex Streetwear,Nón,Free Size,Xám,1,220000,28/04/2025
HD00131,4b45ae2f-6d60-448a-85ad-61b9796446ed,Áo Thun Tay Lỡ Unisex Form Rộng,Áo thun,M,Trắng,2,199000,28/04/2025
HD00132,626b4040-d17f-4bae-a99a-a9bd43b0140b,Áo Len Nam Cổ Lọ,Áo len,XL,Xám,1,520000,09/03/2025
HD00132,3ef4444d-e48a-41d7-aca5-dff0114fd772,Váy Công Sở Nữ,Váy,XL,Đen,1,390000,09/03/2025
HD00132,86a9c31d-97c5-47fc-b2ce-292729ac16ad,Nón Bucket Unisex Họa Tiết Loang,Nón,Free Size,Đen,2,180000,09/03/2025
HD00132,00cd794a-d248-4ee5-82bc-6f47e4552024,Giày Thể Thao Unisex Chunky,Giày,39,Trắng,2,850000,09/03/2025
HD00132,bb06c357-8eb3-4ffe-a765-1307de4e19eb,Mũ Len Unisex Mùa Đông Ấm Áp,Nón,Free Size,Xám,2,150000,09/03/2025
HD00133,cda0d51d-8c0e-423b-a4de-8d22cec903bf,Thắt Lưng Da Nữ Khóa Tròn Cổ Điển,Nón,Free Size,Trắng,2,250000,06/11/2025
HD00133,56edf28b-737a-4e1d-8e76-51796deff112,Nón Lưỡi Trai Unisex Basic Đen,Nón,Free Size,Đen,2,99000,06/11/2025
HD00133,2840661b-b758-4365-9ddb-51837e109ce7,Áo Thun Nam Local Brand,Áo thun,S,Trắng,1,199000,06/11/2025
HD00133,7af62054-cb7c-43d5-8a7a-f6de97b8440d,Blazer Nữ Công Sở Premium,Blazer,S,Trắng,2,820000,06/11/2025
HD00133,42df8548-dbbf-40a4-a6f2-f989e10394fd,Blazer Nữ Hàn Quốc,Blazer,M,Kem,1,790000,06/11/2025
HD00134,591f87ca-ccec-4d04-af4e-fe941c4ee72e,Giày Sneaker Trắng Unisex Streetwear,Giày,41,Trắng,1,650000,06/11/2025
HD00134,f79701c0-468d-45ca-a063-f2c32fead22e,Áo Polo Nam Basic,Áo thun,M,Xanh Navy,1,279000,06/11/2025
HD00135,12c3c23d-b26f-4090-b661-3e330f928a84,Nón Thể Thao Unisex,Nón,Free Size,Trắng,1,160000,24/01/2026
HD00135,e6f18dbb-acb7-46bb-a116-d6111d7b40f8,Quần Jogger Nam Thể Thao Nỉ,Quần,XL,Xám,1,320000,24/01/2026
HD00135,4ef3b541-6c86-4287-8090-28809b3559fe,Giày Chạy Bộ Nam Running Sport,Giày,41,Đen,2,790000,24/01/2026
HD00136,0f6632d3-5cf7-42d2-9157-f13f0084a634,Áo Khoác Nam Denim Classic,Áo khoác,XL,Xanh,2,550000,20/04/2026
HD00136,bb06c357-8eb3-4ffe-a765-1307de4e19eb,Mũ Len Unisex Mùa Đông Ấm Áp,Nón,Free Size,Xám,1,150000,20/04/2026
HD00136,1d9f44d7-0657-47ec-baf9-659b9bfe2f6d,Áo Len Nam Cổ Lọ Ấm Áp,Áo len,L,Đen,1,520000,20/04/2026
HD00137,1d8256e6-c737-4a4c-86b9-b28f0c3112eb,Áo Sơ Mi Nữ Oxford Trắng,Áo sơ mi,M,Trắng,1,329000,11/02/2025
HD00137,2d01e356-ac67-4d6f-83ce-e2c9ad89a55d,Quần Tây Nữ Ống Suông,Quần,S,Đen,1,459000,11/02/2025
HD00137,7af62054-cb7c-43d5-8a7a-f6de97b8440d,Blazer Nữ Công Sở Premium,Blazer,M,Trắng,1,820000,11/02/2025
HD00138,d15def0c-3a31-492a-ac97-382525c2218a,Áo Sweater Unisex Trơn Basic,Áo khoác,XL,Nâu,1,320000,17/09/2025
HD00138,d687bdc0-7bd2-4fb3-b157-ef8d3c1b2135,Quần Jogger Unisex Nỉ Basic,Quần,L,Xám,2,280000,17/09/2025
HD00139,99f07ede-2b19-4f58-949e-3c20b4da9416,Nón Snapback Unisex Streetwear,Nón,Free Size,Xám,2,220000,11/05/2026
HD00139,8211c7e6-49da-422e-8c8e-61bf0288e356,Áo Thun Nam Oversize Cực Chất,Áo thun,M,Đen,2,220000,11/05/2026
HD00140,409dbb70-64f9-445d-b146-33a6ba02b819,Váy Nữ Dự Tiệc Trễ Vai Sang Chảnh,Váy,M,Đỏ,2,690000,04/02/2026
HD00140,db900625-f6c9-41e1-a4eb-2042fcd9496f,Giày Cao Gót Nữ Đế Nhọn Công Sở,Giày,36,Trắng,2,490000,04/02/2026
HD00141,23cbc0c9-3f70-46ca-82e3-35767699a754,Giày Slip On Unisex Vải Canvas,Giày,42,Đen,2,399000,11/09/2025
HD00141,35c4d88a-3b69-47a7-933e-e5bc205c5fd5,Quần Jeans Nữ Skinny Cạp Cao,Quần,M,Xanh,2,489000,11/09/2025
HD00141,3dbb0578-dc6f-4fc7-b609-b0fec9796c29,Áo Thun Unisex Loang Màu Tiedye,Áo thun,L,Đen,1,210000,11/09/2025
HD00141,1654922e-d123-4e17-9ca0-cdae32820ab6,Vớ Unisex Cotton Cổ Cao Sọc,Nón,Free Size,Trắng,2,49000,11/09/2025
HD00141,e668318e-62fd-4730-9829-e614a2db7729,Blazer Nữ Form Rộng,Blazer,L,Xám,2,850000,11/09/2025
HD00142,c36ca838-024f-462b-b202-e125f17c3a90,Áo Body Nữ Tay Dài Ôm Sát,Áo body,S,Đen,1,299000,14/05/2025
HD00142,db900625-f6c9-41e1-a4eb-2042fcd9496f,Giày Cao Gót Nữ Đế Nhọn Công Sở,Giày,35,Trắng,2,490000,14/05/2025
HD00142,409dbb70-64f9-445d-b146-33a6ba02b819,Váy Nữ Dự Tiệc Trễ Vai Sang Chảnh,Váy,S,Đỏ,2,690000,14/05/2025
HD00142,c9abc8f4-c333-4a02-9fdb-0a7346bdc75f,Váy Nữ Hoa Nhí Dáng A,Váy,L,Hồng,2,390000,14/05/2025
HD00143,a9bbcc47-d51e-49fb-aab9-04649744ad76,Áo Thun Nam Cổ Tim Trơn,Áo thun,S,Đen,1,160000,08/06/2025
HD00143,7a707f6c-7a4b-4392-80c8-475eb6eb4bc8,Quần Tây Nam Lịch Lãm Công Sở,Quần,30,Đen,1,489000,08/06/2025
HD00143,e5f19f93-1057-4ec4-880f-a16e5fbcb39c,Váy Tennis Nữ Xếp Ly Trắng,Váy,M,Trắng,2,280000,08/06/2025
HD00144,12c3c23d-b26f-4090-b661-3e330f928a84,Nón Thể Thao Unisex,Nón,Free Size,Trắng,2,160000,21/02/2026
HD00144,e6f18dbb-acb7-46bb-a116-d6111d7b40f8,Quần Jogger Nam Thể Thao Nỉ,Quần,XL,Xám,1,320000,21/02/2026
HD00144,4ef3b541-6c86-4287-8090-28809b3559fe,Giày Chạy Bộ Nam Running Sport,Giày,40,Đen,1,790000,21/02/2026
HD00145,d687bdc0-7bd2-4fb3-b157-ef8d3c1b2135,Quần Jogger Unisex Nỉ Basic,Quần,XL,Xám,2,280000,14/03/2026
HD00145,d15def0c-3a31-492a-ac97-382525c2218a,Áo Sweater Unisex Trơn Basic,Áo khoác,M,Nâu,1,320000,14/03/2026
HD00145,ca7585c8-ddbf-4d1d-a666-37a7b963d906,Balo Unisex Thời Trang Chống Nước,Nón,Free Size,Trắng,1,450000,14/03/2026
HD00146,c356d946-1d0c-4868-a400-11e664e1c6c1,Áo Thun Nam Cotton Organic,Áo thun,M,Xám,2,190000,28/04/2026
HD00146,95eb8021-2598-4aeb-92e1-99f5e709c28c,Cardigan Nữ Hàn Quốc,Cardigan,L,Đen,1,430000,28/04/2026
HD00146,c04e8b6a-b8be-4231-9377-710ae7bb8e46,Áo Body Nữ Croptop,Áo body,S,Đen,1,289000,28/04/2026
HD00146,5b589295-6165-44f3-840e-bdf84d3c964e,Áo Body Nữ Giữ Nhiệt Bamboo Cổ Tròn,Áo body,M,Trắng,2,329000,28/04/2026
HD00147,f79701c0-468d-45ca-a063-f2c32fead22e,Áo Polo Nam Basic,Áo thun,XL,Xanh Navy,2,279000,11/11/2025
HD00147,591f87ca-ccec-4d04-af4e-fe941c4ee72e,Giày Sneaker Trắng Unisex Streetwear,Giày,38,Trắng,2,650000,11/11/2025
HD00147,565df8e7-d30d-4935-a0a2-bcd5ab5bf4a2,Quần Jeans Nam Slimfit Đen,Quần,31,Đen,2,549000,11/11/2025
HD00147,5a9e4c10-4d85-4ae9-99d0-4ecdbc69964b,Áo Thun Unisex In Chữ Streetwear,Áo thun,M,Đen,2,189000,11/11/2025
HD00148,409dbb70-64f9-445d-b146-33a6ba02b819,Váy Nữ Dự Tiệc Trễ Vai Sang Chảnh,Váy,L,Đỏ,2,690000,19/03/2026
HD00148,c36ca838-024f-462b-b202-e125f17c3a90,Áo Body Nữ Tay Dài Ôm Sát,Áo body,M,Đen,1,299000,19/03/2026
HD00149,4ef3b541-6c86-4287-8090-28809b3559fe,Giày Chạy Bộ Nam Running Sport,Giày,43,Đen,1,790000,04/05/2025
HD00149,e6f18dbb-acb7-46bb-a116-d6111d7b40f8,Quần Jogger Nam Thể Thao Nỉ,Quần,XL,Xám,2,320000,04/05/2025
HD00149,12c3c23d-b26f-4090-b661-3e330f928a84,Nón Thể Thao Unisex,Nón,Free Size,Trắng,2,160000,04/05/2025
HD00150,bb06c357-8eb3-4ffe-a765-1307de4e19eb,Mũ Len Unisex Mùa Đông Ấm Áp,Nón,Free Size,Xám,1,150000,02/04/2025
HD00150,0f6632d3-5cf7-42d2-9157-f13f0084a634,Áo Khoác Nam Denim Classic,Áo khoác,XL,Xanh,2,550000,02/04/2025
HD00150,1d9f44d7-0657-47ec-baf9-659b9bfe2f6d,Áo Len Nam Cổ Lọ Ấm Áp,Áo len,L,Đen,1,520000,02/04/2025
HD00151,bf8bb740-6ff2-40aa-b164-ac144119c781,Giày Tây Nam Derby Lịch Lãm,Giày,41,Xám,2,990000,22/05/2025
HD00151,7a707f6c-7a4b-4392-80c8-475eb6eb4bc8,Quần Tây Nam Lịch Lãm Công Sở,Quần,31,Đen,1,489000,22/05/2025
HD00151,773638cb-7eea-46c3-8af4-3bce1ecb5dd2,Áo Polo Nam Công Sở Premium,Áo thun,XXL,Xanh Navy,1,350000,22/05/2025
HD00152,16685b4a-ab63-4a1f-ab9f-b4255995921e,Blazer Nữ Basic,Blazer,S,Đen,2,720000,12/03/2026
HD00152,e1fb3fad-6974-423e-b5e0-33e5c3f7a559,Áo Khoác Nam Varsity,Áo khoác,L,Đen Trắng,1,639000,12/03/2026
HD00152,b675c96d-da9f-4712-a11c-0596cc052da0,Giày Sneaker Cổ Cao Unisex,Giày,37,Trắng,1,690000,12/03/2026
HD00153,0f6632d3-5cf7-42d2-9157-f13f0084a634,Áo Khoác Nam Denim Classic,Áo khoác,M,Xanh,1,550000,14/06/2025
HD00153,1d9f44d7-0657-47ec-baf9-659b9bfe2f6d,Áo Len Nam Cổ Lọ Ấm Áp,Áo len,M,Đen,2,520000,14/06/2025
HD00154,d15def0c-3a31-492a-ac97-382525c2218a,Áo Sweater Unisex Trơn Basic,Áo khoác,XL,Nâu,2,320000,15/06/2025
HD00154,ca7585c8-ddbf-4d1d-a666-37a7b963d906,Balo Unisex Thời Trang Chống Nước,Nón,Free Size,Trắng,2,450000,15/06/2025
HD00154,1d99fb01-0c7c-4f56-86b7-e573663b11e2,Áo Thun Nam Oversize Streetwear,Áo thun,XL,Đen,2,239000,15/06/2025
HD00155,db900625-f6c9-41e1-a4eb-2042fcd9496f,Giày Cao Gót Nữ Đế Nhọn Công Sở,Giày,37,Trắng,2,490000,22/02/2025
HD00155,409dbb70-64f9-445d-b146-33a6ba02b819,Váy Nữ Dự Tiệc Trễ Vai Sang Chảnh,Váy,S,Đỏ,2,690000,22/02/2025
HD00156,591f87ca-ccec-4d04-af4e-fe941c4ee72e,Giày Sneaker Trắng Unisex Streetwear,Giày,41,Trắng,2,650000,29/09/2025
HD00156,b8a6d3f1-ad5c-4c5b-adf9-7e766ed462a5,Nón Bucket Unisex Vải Kaki Trơn,Nón,Free Size,Đen,2,150000,29/09/2025
HD00156,c9e6150b-fdf6-4a91-8f2c-d8bab75b9f2b,Hoodie Unisex Local Brand Cực Chất,Áo khoác,L,Nâu,1,399000,29/09/2025
HD00157,409dbb70-64f9-445d-b146-33a6ba02b819,Váy Nữ Dự Tiệc Trễ Vai Sang Chảnh,Váy,M,Đỏ,2,690000,17/11/2025
HD00157,c36ca838-024f-462b-b202-e125f17c3a90,Áo Body Nữ Tay Dài Ôm Sát,Áo body,M,Đen,1,299000,17/11/2025
HD00157,db900625-f6c9-41e1-a4eb-2042fcd9496f,Giày Cao Gót Nữ Đế Nhọn Công Sở,Giày,35,Trắng,1,490000,17/11/2025
HD00158,591f87ca-ccec-4d04-af4e-fe941c4ee72e,Giày Sneaker Trắng Unisex Streetwear,Giày,38,Trắng,2,650000,02/05/2026
HD00158,565df8e7-d30d-4935-a0a2-bcd5ab5bf4a2,Quần Jeans Nam Slimfit Đen,Quần,30,Đen,1,549000,02/05/2026
HD00159,565df8e7-d30d-4935-a0a2-bcd5ab5bf4a2,Quần Jeans Nam Slimfit Đen,Quần,29,Đen,1,549000,26/08/2025
HD00159,f79701c0-468d-45ca-a063-f2c32fead22e,Áo Polo Nam Basic,Áo thun,M,Xanh Navy,2,279000,26/08/2025
HD00159,591f87ca-ccec-4d04-af4e-fe941c4ee72e,Giày Sneaker Trắng Unisex Streetwear,Giày,39,Trắng,2,650000,26/08/2025
HD00160,565df8e7-d30d-4935-a0a2-bcd5ab5bf4a2,Quần Jeans Nam Slimfit Đen,Quần,31,Đen,2,549000,28/03/2026
HD00160,f79701c0-468d-45ca-a063-f2c32fead22e,Áo Polo Nam Basic,Áo thun,S,Xanh Navy,1,279000,28/03/2026
HD00161,7af62054-cb7c-43d5-8a7a-f6de97b8440d,Blazer Nữ Công Sở Premium,Blazer,L,Trắng,1,820000,14/05/2026
HD00161,1d8256e6-c737-4a4c-86b9-b28f0c3112eb,Áo Sơ Mi Nữ Oxford Trắng,Áo sơ mi,L,Trắng,1,329000,14/05/2026
HD00161,2d01e356-ac67-4d6f-83ce-e2c9ad89a55d,Quần Tây Nữ Ống Suông,Quần,L,Đen,2,459000,14/05/2026
HD00162,12c3c23d-b26f-4090-b661-3e330f928a84,Nón Thể Thao Unisex,Nón,Free Size,Trắng,1,160000,25/06/2025
HD00162,4ef3b541-6c86-4287-8090-28809b3559fe,Giày Chạy Bộ Nam Running Sport,Giày,43,Đen,1,790000,25/06/2025
HD00162,e6f18dbb-acb7-46bb-a116-d6111d7b40f8,Quần Jogger Nam Thể Thao Nỉ,Quần,XL,Xám,2,320000,25/06/2025
HD00163,d15def0c-3a31-492a-ac97-382525c2218a,Áo Sweater Unisex Trơn Basic,Áo khoác,XL,Nâu,2,320000,12/11/2025
HD00163,d687bdc0-7bd2-4fb3-b157-ef8d3c1b2135,Quần Jogger Unisex Nỉ Basic,Quần,M,Xám,2,280000,12/11/2025
HD00163,4e83e6d5-6bb8-4d62-b032-d8ffc5ee62ef,Quần Jeans Nam Ống Đứng Regular,Quần,30,Xanh đậm,2,529000,12/11/2025
HD00164,db900625-f6c9-41e1-a4eb-2042fcd9496f,Giày Cao Gót Nữ Đế Nhọn Công Sở,Giày,36,Trắng,1,490000,21/05/2025
HD00164,c36ca838-024f-462b-b202-e125f17c3a90,Áo Body Nữ Tay Dài Ôm Sát,Áo body,M,Đen,1,299000,21/05/2025
HD00165,db900625-f6c9-41e1-a4eb-2042fcd9496f,Giày Cao Gót Nữ Đế Nhọn Công Sở,Giày,36,Trắng,2,490000,14/05/2025
HD00165,c36ca838-024f-462b-b202-e125f17c3a90,Áo Body Nữ Tay Dài Ôm Sát,Áo body,L,Đen,2,299000,14/05/2025
HD00166,6f18cc28-04f2-411d-8e77-8735933ad66c,Nón Lưỡi Trai Unisex Thêu Chữ,Nón,Free Size,Trắng,1,120000,25/12/2025
HD00166,206646b2-8c77-4e51-b71d-a942c17cbc4b,Quần Short Unisex Dù Gió,Quần,L,Xanh,1,150000,25/12/2025
HD00166,591f87ca-ccec-4d04-af4e-fe941c4ee72e,Giày Sneaker Trắng Unisex Streetwear,Giày,39,Trắng,1,650000,25/12/2025
HD00167,2d01e356-ac67-4d6f-83ce-e2c9ad89a55d,Quần Tây Nữ Ống Suông,Quần,L,Đen,1,459000,02/03/2025
HD00167,3ffeadc2-56cb-4267-a02b-00fc51a7a1b2,Áo Khoác Bomber Unisex Da Lộn,Áo khoác,L,Đen,2,599000,02/03/2025
HD00167,710b70de-e346-422e-b35a-a3ce277dacb8,Áo Sơ Mi Nữ Cổ Đức Cách Điệu,Áo sơ mi,L,Trắng,1,310000,02/03/2025
HD00168,47321475-4386-4cf5-8b77-af01547cd204,Quần Baggy Nữ Hàn Quốc,Quần,L,Đen,2,429000,04/05/2025
HD00168,cc14f38d-1c5d-44e4-a577-c2add0a1b47e,Áo Sơ Mi Nữ Linen Kem,Áo sơ mi,M,Be,2,359000,04/05/2025
HD00168,409dbb70-64f9-445d-b146-33a6ba02b819,Váy Nữ Dự Tiệc Trễ Vai Sang Chảnh,Váy,L,Đỏ,1,690000,04/05/2025
HD00169,8211c7e6-49da-422e-8c8e-61bf0288e356,Áo Thun Nam Oversize Cực Chất,Áo thun,XL,Đen,1,220000,20/03/2025
HD00169,99f07ede-2b19-4f58-949e-3c20b4da9416,Nón Snapback Unisex Streetwear,Nón,Free Size,Xám,1,220000,20/03/2025
HD00169,0537aac5-9d37-4ea1-bee3-5ed3851cc79d,Áo Sơ Mi Nam Vải Linen Xanh,Áo sơ mi,L,Xanh,1,340000,20/03/2025
HD00170,cc14f38d-1c5d-44e4-a577-c2add0a1b47e,Áo Sơ Mi Nữ Linen Kem,Áo sơ mi,L,Be,2,359000,13/08/2025
HD00170,47321475-4386-4cf5-8b77-af01547cd204,Quần Baggy Nữ Hàn Quốc,Quần,S,Đen,1,429000,13/08/2025
HD00171,1d9f44d7-0657-47ec-baf9-659b9bfe2f6d,Áo Len Nam Cổ Lọ Ấm Áp,Áo len,M,Đen,2,520000,02/07/2025
HD00171,0f6632d3-5cf7-42d2-9157-f13f0084a634,Áo Khoác Nam Denim Classic,Áo khoác,XL,Xanh,2,550000,02/07/2025
HD00171,bb06c357-8eb3-4ffe-a765-1307de4e19eb,Mũ Len Unisex Mùa Đông Ấm Áp,Nón,Free Size,Xám,2,150000,02/07/2025
HD00172,201e6224-a601-46ee-bead-63759fec2f51,Áo Len Nam Cổ Tròn Cashmere,Áo len,S,Xám,1,650000,01/03/2026
HD00172,2840661b-b758-4365-9ddb-51837e109ce7,Áo Thun Nam Local Brand,Áo thun,L,Xám,2,199000,01/03/2026
HD00172,00cd794a-d248-4ee5-82bc-6f47e4552024,Giày Thể Thao Unisex Chunky,Giày,40,Trắng,1,850000,01/03/2026
HD00172,6217de90-58f8-4c3f-99e7-59c09b50f42d,Áo Khoác Nam Denim,Áo khoác,XL,Xanh,2,559000,01/03/2026
HD00172,863bc572-8ddb-47bc-98e0-bff31818a347,Quần Ống Rộng Nữ,Quần,S,Kem,2,399000,01/03/2026
HD00173,8211c7e6-49da-422e-8c8e-61bf0288e356,Áo Thun Nam Oversize Cực Chất,Áo thun,M,Đen,1,220000,15/04/2025
HD00173,b9070ded-f7bb-4ae7-8384-31f433f188c1,Quần Jogger Nam Kaki Túi Hộp,Quần,M,Đen,1,350000,15/04/2025
HD00173,99f07ede-2b19-4f58-949e-3c20b4da9416,Nón Snapback Unisex Streetwear,Nón,Free Size,Xám,1,220000,15/04/2025
HD00174,1d8256e6-c737-4a4c-86b9-b28f0c3112eb,Áo Sơ Mi Nữ Oxford Trắng,Áo sơ mi,L,Trắng,2,329000,31/10/2025
HD00174,2d01e356-ac67-4d6f-83ce-e2c9ad89a55d,Quần Tây Nữ Ống Suông,Quần,L,Đen,1,459000,31/10/2025
HD00174,7af62054-cb7c-43d5-8a7a-f6de97b8440d,Blazer Nữ Công Sở Premium,Blazer,L,Trắng,1,820000,31/10/2025
HD00175,d687bdc0-7bd2-4fb3-b157-ef8d3c1b2135,Quần Jogger Unisex Nỉ Basic,Quần,L,Xám,1,280000,21/04/2025
HD00175,86a9c31d-97c5-47fc-b2ce-292729ac16ad,Nón Bucket Unisex Họa Tiết Loang,Nón,Free Size,Đen,1,180000,21/04/2025
HD00175,00cd794a-d248-4ee5-82bc-6f47e4552024,Giày Thể Thao Unisex Chunky,Giày,41,Trắng,1,850000,21/04/2025
HD00175,b3d420d4-d451-4c61-bd20-6636b4973e09,Cardigan Nữ Len Dệt Kim Kem,Cardigan,M,Be,1,499000,21/04/2025
HD00176,773638cb-7eea-46c3-8af4-3bce1ecb5dd2,Áo Polo Nam Công Sở Premium,Áo thun,XL,Xanh Navy,2,350000,29/05/2025
HD00176,7a707f6c-7a4b-4392-80c8-475eb6eb4bc8,Quần Tây Nam Lịch Lãm Công Sở,Quần,31,Đen,1,489000,29/05/2025
HD00176,bf8bb740-6ff2-40aa-b164-ac144119c781,Giày Tây Nam Derby Lịch Lãm,Giày,41,Xám,2,990000,29/05/2025
HD00177,0f6632d3-5cf7-42d2-9157-f13f0084a634,Áo Khoác Nam Denim Classic,Áo khoác,M,Xanh,1,550000,04/02/2026
HD00177,1d9f44d7-0657-47ec-baf9-659b9bfe2f6d,Áo Len Nam Cổ Lọ Ấm Áp,Áo len,L,Đen,2,520000,04/02/2026
HD00177,9b3e4d7c-96f1-4236-826e-5f32678a9fc4,Quần Jeans Nam,Quần,29,Xanh nhạt,2,549000,04/02/2026
HD00178,4ef3b541-6c86-4287-8090-28809b3559fe,Giày Chạy Bộ Nam Running Sport,Giày,43,Đen,1,790000,21/08/2025
HD00178,e6f18dbb-acb7-46bb-a116-d6111d7b40f8,Quần Jogger Nam Thể Thao Nỉ,Quần,XL,Xám,1,320000,21/08/2025
HD00179,bf8bb740-6ff2-40aa-b164-ac144119c781,Giày Tây Nam Derby Lịch Lãm,Giày,41,Xám,1,990000,03/09/2025
HD00179,773638cb-7eea-46c3-8af4-3bce1ecb5dd2,Áo Polo Nam Công Sở Premium,Áo thun,XL,Xanh Navy,2,350000,03/09/2025
HD00180,47321475-4386-4cf5-8b77-af01547cd204,Quần Baggy Nữ Hàn Quốc,Quần,S,Đen,1,429000,19/05/2025
HD00180,cc14f38d-1c5d-44e4-a577-c2add0a1b47e,Áo Sơ Mi Nữ Linen Kem,Áo sơ mi,L,Be,2,359000,19/05/2025
HD00180,b3d420d4-d451-4c61-bd20-6636b4973e09,Cardigan Nữ Len Dệt Kim Kem,Cardigan,M,Be,1,499000,19/05/2025
HD00181,47321475-4386-4cf5-8b77-af01547cd204,Quần Baggy Nữ Hàn Quốc,Quần,M,Đen,2,429000,24/04/2025
HD00181,cc14f38d-1c5d-44e4-a577-c2add0a1b47e,Áo Sơ Mi Nữ Linen Kem,Áo sơ mi,S,Be,2,359000,24/04/2025
HD00182,99f07ede-2b19-4f58-949e-3c20b4da9416,Nón Snapback Unisex Streetwear,Nón,Free Size,Xám,1,220000,26/02/2026
HD00182,b9070ded-f7bb-4ae7-8384-31f433f188c1,Quần Jogger Nam Kaki Túi Hộp,Quần,L,Đen,2,350000,26/02/2026
HD00182,8211c7e6-49da-422e-8c8e-61bf0288e356,Áo Thun Nam Oversize Cực Chất,Áo thun,XL,Đen,2,220000,26/02/2026
HD00183,bb06c357-8eb3-4ffe-a765-1307de4e19eb,Mũ Len Unisex Mùa Đông Ấm Áp,Nón,Free Size,Xám,1,150000,15/03/2025
HD00183,1d9f44d7-0657-47ec-baf9-659b9bfe2f6d,Áo Len Nam Cổ Lọ Ấm Áp,Áo len,M,Đen,2,520000,15/03/2025
HD00183,6e959b97-7e1c-49d4-a62d-1d3bdaa3a97c,Áo Len Nam Hàn Quốc,Áo len,XL,Kem,1,499000,15/03/2025
HD00184,1d9f44d7-0657-47ec-baf9-659b9bfe2f6d,Áo Len Nam Cổ Lọ Ấm Áp,Áo len,XL,Đen,1,520000,09/04/2025
HD00184,0f6632d3-5cf7-42d2-9157-f13f0084a634,Áo Khoác Nam Denim Classic,Áo khoác,L,Xanh,1,550000,09/04/2025
HD00184,1d8256e6-c737-4a4c-86b9-b28f0c3112eb,Áo Sơ Mi Nữ Oxford Trắng,Áo sơ mi,S,Trắng,2,329000,09/04/2025
HD00185,565df8e7-d30d-4935-a0a2-bcd5ab5bf4a2,Quần Jeans Nam Slimfit Đen,Quần,30,Đen,1,549000,07/02/2025
HD00185,f79701c0-468d-45ca-a063-f2c32fead22e,Áo Polo Nam Basic,Áo thun,L,Xanh Navy,2,279000,07/02/2025
HD00186,47321475-4386-4cf5-8b77-af01547cd204,Quần Baggy Nữ Hàn Quốc,Quần,XL,Đen,2,429000,27/06/2025
HD00186,cc14f38d-1c5d-44e4-a577-c2add0a1b47e,Áo Sơ Mi Nữ Linen Kem,Áo sơ mi,L,Be,2,359000,27/06/2025
HD00186,b3d420d4-d451-4c61-bd20-6636b4973e09,Cardigan Nữ Len Dệt Kim Kem,Cardigan,M,Be,2,499000,27/06/2025
HD00187,d15def0c-3a31-492a-ac97-382525c2218a,Áo Sweater Unisex Trơn Basic,Áo khoác,L,Nâu,1,320000,17/01/2026
HD00187,ca7585c8-ddbf-4d1d-a666-37a7b963d906,Balo Unisex Thời Trang Chống Nước,Nón,Free Size,Trắng,1,450000,17/01/2026
HD00187,d687bdc0-7bd2-4fb3-b157-ef8d3c1b2135,Quần Jogger Unisex Nỉ Basic,Quần,L,Xám,2,280000,17/01/2026
HD00187,52f6d247-50fb-43f7-ab47-14cc9380a683,Áo Sơ Mi Nam Cổ Tàu Casual,Áo sơ mi,M,Nâu,2,299000,17/01/2026
HD00188,591f87ca-ccec-4d04-af4e-fe941c4ee72e,Giày Sneaker Trắng Unisex Streetwear,Giày,39,Trắng,1,650000,29/05/2025
HD00188,c9e6150b-fdf6-4a91-8f2c-d8bab75b9f2b,Hoodie Unisex Local Brand Cực Chất,Áo khoác,XL,Nâu,1,399000,29/05/2025
HD00189,c36ca838-024f-462b-b202-e125f17c3a90,Áo Body Nữ Tay Dài Ôm Sát,Áo body,M,Đen,1,299000,16/12/2025
HD00189,409dbb70-64f9-445d-b146-33a6ba02b819,Váy Nữ Dự Tiệc Trễ Vai Sang Chảnh,Váy,S,Đỏ,1,690000,16/12/2025
HD00189,db900625-f6c9-41e1-a4eb-2042fcd9496f,Giày Cao Gót Nữ Đế Nhọn Công Sở,Giày,36,Trắng,1,490000,16/12/2025
HD00190,8ad4ef8e-e76a-4754-9239-64101f13a08e,Quần Short Nữ Jeans Retro,Quần,M,Xanh,1,289000,07/09/2025
HD00190,2abe7389-f13b-422a-b6f1-a2c95273e319,Sandal Unisex Dây Chéo Học Sinh,Giày,40,Đen,2,250000,07/09/2025
HD00190,e668318e-62fd-4730-9829-e614a2db7729,Blazer Nữ Form Rộng,Blazer,L,Xám,1,850000,07/09/2025
HD00190,0d2d0b09-60dc-474a-a0d4-d49689e230b8,Quần Jeans Nữ Ống Rộng Culottes,Quần,M,Kem,1,529000,07/09/2025
HD00190,cda0d51d-8c0e-423b-a4de-8d22cec903bf,Thắt Lưng Da Nữ Khóa Tròn Cổ Điển,Nón,Free Size,Trắng,1,250000,07/09/2025
HD00191,7a707f6c-7a4b-4392-80c8-475eb6eb4bc8,Quần Tây Nam Lịch Lãm Công Sở,Quần,33,Đen,2,489000,31/05/2025
HD00191,bf8bb740-6ff2-40aa-b164-ac144119c781,Giày Tây Nam Derby Lịch Lãm,Giày,42,Xám,2,990000,31/05/2025
HD00192,3040b7d2-2bea-4c81-bd8c-2c17927ad9e2,Quần Culottes Nữ,Quần,L,Be,2,379000,29/01/2025
HD00192,b518aad8-1fbb-4d46-bc3c-1e531b3b1a8d,Áo Thun Nam Trơn Cổ Tròn,Áo thun,L,Trắng,2,150000,29/01/2025
HD00193,5b589295-6165-44f3-840e-bdf84d3c964e,Áo Body Nữ Giữ Nhiệt Bamboo Cổ Tròn,Áo body,S,Đen,1,329000,08/06/2025
HD00193,e1fb3fad-6974-423e-b5e0-33e5c3f7a559,Áo Khoác Nam Varsity,Áo khoác,L,Đen Trắng,1,639000,08/06/2025
HD00193,4b45ae2f-6d60-448a-85ad-61b9796446ed,Áo Thun Tay Lỡ Unisex Form Rộng,Áo thun,XL,Trắng,1,199000,08/06/2025
HD00194,7a707f6c-7a4b-4392-80c8-475eb6eb4bc8,Quần Tây Nam Lịch Lãm Công Sở,Quần,31,Đen,1,489000,18/02/2026
HD00194,bf8bb740-6ff2-40aa-b164-ac144119c781,Giày Tây Nam Derby Lịch Lãm,Giày,39,Xám,1,990000,18/02/2026
HD00194,773638cb-7eea-46c3-8af4-3bce1ecb5dd2,Áo Polo Nam Công Sở Premium,Áo thun,S,Xanh Navy,1,350000,18/02/2026
HD00195,591f87ca-ccec-4d04-af4e-fe941c4ee72e,Giày Sneaker Trắng Unisex Streetwear,Giày,38,Trắng,2,650000,16/04/2025
HD00195,c9e6150b-fdf6-4a91-8f2c-d8bab75b9f2b,Hoodie Unisex Local Brand Cực Chất,Áo khoác,XL,Nâu,2,399000,16/04/2025
HD00195,b8a6d3f1-ad5c-4c5b-adf9-7e766ed462a5,Nón Bucket Unisex Vải Kaki Trơn,Nón,Free Size,Đen,2,150000,16/04/2025
HD00196,c9e6150b-fdf6-4a91-8f2c-d8bab75b9f2b,Hoodie Unisex Local Brand Cực Chất,Áo khoác,L,Nâu,2,399000,25/02/2025
HD00196,b8a6d3f1-ad5c-4c5b-adf9-7e766ed462a5,Nón Bucket Unisex Vải Kaki Trơn,Nón,Free Size,Đen,1,150000,25/02/2025
HD00197,b9070ded-f7bb-4ae7-8384-31f433f188c1,Quần Jogger Nam Kaki Túi Hộp,Quần,XL,Đen,1,350000,04/05/2026
HD00197,99f07ede-2b19-4f58-949e-3c20b4da9416,Nón Snapback Unisex Streetwear,Nón,Free Size,Xám,2,220000,04/05/2026
HD00197,20b29c90-bea4-432c-ac66-0b72cbccdf6a,Áo Sơ Mi Nữ Linen,Áo sơ mi,M,Be,1,359000,04/05/2026
HD00198,bb06c357-8eb3-4ffe-a765-1307de4e19eb,Mũ Len Unisex Mùa Đông Ấm Áp,Nón,Free Size,Xám,1,150000,12/02/2025
HD00198,1d9f44d7-0657-47ec-baf9-659b9bfe2f6d,Áo Len Nam Cổ Lọ Ấm Áp,Áo len,M,Đen,1,520000,12/02/2025
HD00198,0f6632d3-5cf7-42d2-9157-f13f0084a634,Áo Khoác Nam Denim Classic,Áo khoác,XL,Xanh,1,550000,12/02/2025
HD00199,9339978c-7737-41bc-b043-029aeb186aac,Áo Polo Nam Basic,Áo thun,M,Trắng,1,279000,20/01/2025
HD00199,f905c3e5-b9ef-496a-9516-a5cd2ae75514,Áo Hoodie Unisex Basic,Áo khoác,XL,Nâu,2,399000,20/01/2025
HD00199,872f179f-f0d5-4bcd-a90e-d10870eac50d,Giày Boot Da Nữ Cổ Cao Cá Tính,Giày,38,Trắng,2,890000,20/01/2025
HD00199,43d6febf-f863-4841-9ca6-94f3edbcb83a,Giày Búp Bê Nữ Da Mềm Mại,Giày,38,Trắng,2,350000,20/01/2025
HD00200,591f87ca-ccec-4d04-af4e-fe941c4ee72e,Giày Sneaker Trắng Unisex Streetwear,Giày,41,Trắng,1,650000,07/10/2025
HD00200,b8a6d3f1-ad5c-4c5b-adf9-7e766ed462a5,Nón Bucket Unisex Vải Kaki Trơn,Nón,Free Size,Đen,1,150000,07/10/2025
HD00201,43d6febf-f863-4841-9ca6-94f3edbcb83a,Giày Búp Bê Nữ Da Mềm Mại,Giày,35,Trắng,1,350000,09/05/2026
HD00201,c9e6150b-fdf6-4a91-8f2c-d8bab75b9f2b,Hoodie Unisex Local Brand Cực Chất,Áo khoác,M,Nâu,1,399000,09/05/2026
HD00201,626b4040-d17f-4bae-a99a-a9bd43b0140b,Áo Len Nam Cổ Lọ,Áo len,L,Đen,1,520000,09/05/2026
HD00201,fb99d5a6-90f1-4a0e-931d-e0f87e9f92e9,Áo Body Nữ Basic,Áo body,S,Trắng,2,269000,09/05/2026
HD00201,c90322dd-72a9-41d6-bbd0-c581d78ab911,Giày Sneaker Trắng Unisex,Giày,41,Trắng,2,650000,09/05/2026
HD00202,bb06c357-8eb3-4ffe-a765-1307de4e19eb,Mũ Len Unisex Mùa Đông Ấm Áp,Nón,Free Size,Xám,2,150000,03/05/2025
HD00202,0f6632d3-5cf7-42d2-9157-f13f0084a634,Áo Khoác Nam Denim Classic,Áo khoác,L,Xanh,1,550000,03/05/2025
HD00203,1d8256e6-c737-4a4c-86b9-b28f0c3112eb,Áo Sơ Mi Nữ Oxford Trắng,Áo sơ mi,M,Trắng,2,329000,26/07/2025
HD00203,7af62054-cb7c-43d5-8a7a-f6de97b8440d,Blazer Nữ Công Sở Premium,Blazer,S,Trắng,2,820000,26/07/2025
HD00203,2d01e356-ac67-4d6f-83ce-e2c9ad89a55d,Quần Tây Nữ Ống Suông,Quần,M,Đen,2,459000,26/07/2025
HD00204,cc14f38d-1c5d-44e4-a577-c2add0a1b47e,Áo Sơ Mi Nữ Linen Kem,Áo sơ mi,S,Be,2,359000,27/08/2025
HD00204,47321475-4386-4cf5-8b77-af01547cd204,Quần Baggy Nữ Hàn Quốc,Quần,L,Đen,1,429000,27/08/2025
HD00204,b3d420d4-d451-4c61-bd20-6636b4973e09,Cardigan Nữ Len Dệt Kim Kem,Cardigan,M,Be,1,499000,27/08/2025
HD00205,47321475-4386-4cf5-8b77-af01547cd204,Quần Baggy Nữ Hàn Quốc,Quần,M,Đen,2,429000,07/02/2025
HD00205,cc14f38d-1c5d-44e4-a577-c2add0a1b47e,Áo Sơ Mi Nữ Linen Kem,Áo sơ mi,S,Be,1,359000,07/02/2025
HD00205,b3d420d4-d451-4c61-bd20-6636b4973e09,Cardigan Nữ Len Dệt Kim Kem,Cardigan,L,Be,2,499000,07/02/2025
HD00205,80fca8d2-8d12-40fd-aaf6-6c3e0e0d49ea,Cardigan Nữ Len Mỏng,Cardigan,M,Kem,2,399000,07/02/2025
HD00206,3ef4444d-e48a-41d7-aca5-dff0114fd772,Váy Công Sở Nữ,Váy,XL,Kem,1,390000,16/03/2025
HD00206,898c5b5f-febc-4b99-837c-f9d94f5e2e07,Váy Nữ Suông Linen Thoải Mái,Váy,M,Xanh,1,420000,16/03/2025
HD00206,9456490a-db92-4ace-9320-5e745196fa6b,Áo Thun Polo Unisex Oversize,Áo thun,L,Xanh Navy,2,259000,16/03/2025
HD00206,ca7585c8-ddbf-4d1d-a666-37a7b963d906,Balo Unisex Thời Trang Chống Nước,Nón,Free Size,Trắng,1,450000,16/03/2025
HD00206,0d2d0b09-60dc-474a-a0d4-d49689e230b8,Quần Jeans Nữ Ống Rộng Culottes,Quần,M,Kem,1,529000,16/03/2025
HD00207,75973f59-8a40-4d42-b894-5375a84f3374,Áo Khoác Varsity Unisex Streetwear,Áo khoác,L,Đen Trắng,2,639000,08/08/2025
HD00207,4b45ae2f-6d60-448a-85ad-61b9796446ed,Áo Thun Tay Lỡ Unisex Form Rộng,Áo thun,M,Trắng,1,199000,08/08/2025
HD00208,b8a6d3f1-ad5c-4c5b-adf9-7e766ed462a5,Nón Bucket Unisex Vải Kaki Trơn,Nón,Free Size,Đen,2,150000,10/10/2025
HD00208,591f87ca-ccec-4d04-af4e-fe941c4ee72e,Giày Sneaker Trắng Unisex Streetwear,Giày,40,Trắng,2,650000,10/10/2025
HD00209,c9e6150b-fdf6-4a91-8f2c-d8bab75b9f2b,Hoodie Unisex Local Brand Cực Chất,Áo khoác,XL,Nâu,2,399000,28/01/2026
HD00209,591f87ca-ccec-4d04-af4e-fe941c4ee72e,Giày Sneaker Trắng Unisex Streetwear,Giày,41,Trắng,1,650000,28/01/2026
HD00209,b8a6d3f1-ad5c-4c5b-adf9-7e766ed462a5,Nón Bucket Unisex Vải Kaki Trơn,Nón,Free Size,Đen,2,150000,28/01/2026
HD00210,773638cb-7eea-46c3-8af4-3bce1ecb5dd2,Áo Polo Nam Công Sở Premium,Áo thun,L,Xanh Navy,1,350000,26/09/2025
HD00210,7a707f6c-7a4b-4392-80c8-475eb6eb4bc8,Quần Tây Nam Lịch Lãm Công Sở,Quần,32,Đen,1,489000,26/09/2025
HD00211,b9070ded-f7bb-4ae7-8384-31f433f188c1,Quần Jogger Nam Kaki Túi Hộp,Quần,L,Đen,2,350000,11/05/2025
HD00211,99f07ede-2b19-4f58-949e-3c20b4da9416,Nón Snapback Unisex Streetwear,Nón,Free Size,Xám,1,220000,11/05/2025
HD00211,8211c7e6-49da-422e-8c8e-61bf0288e356,Áo Thun Nam Oversize Cực Chất,Áo thun,XL,Đen,1,220000,11/05/2025
HD00212,b8a6d3f1-ad5c-4c5b-adf9-7e766ed462a5,Nón Bucket Unisex Vải Kaki Trơn,Nón,Free Size,Đen,1,150000,12/10/2025
HD00212,591f87ca-ccec-4d04-af4e-fe941c4ee72e,Giày Sneaker Trắng Unisex Streetwear,Giày,38,Trắng,1,650000,12/10/2025
HD00213,409dbb70-64f9-445d-b146-33a6ba02b819,Váy Nữ Dự Tiệc Trễ Vai Sang Chảnh,Váy,L,Đỏ,2,690000,21/07/2025
HD00213,db900625-f6c9-41e1-a4eb-2042fcd9496f,Giày Cao Gót Nữ Đế Nhọn Công Sở,Giày,37,Trắng,2,490000,21/07/2025
HD00213,c36ca838-024f-462b-b202-e125f17c3a90,Áo Body Nữ Tay Dài Ôm Sát,Áo body,M,Đen,1,299000,21/07/2025
HD00214,23cbc0c9-3f70-46ca-82e3-35767699a754,Giày Slip On Unisex Vải Canvas,Giày,41,Đen,2,399000,01/10/2025
HD00214,00ea76e6-8a78-4510-9aa1-8c8d3f1e0ea4,Áo Body Nữ Cổ Vuông,Áo body,M,Hồng,2,329000,01/10/2025
HD00214,6217de90-58f8-4c3f-99e7-59c09b50f42d,Áo Khoác Nam Denim,Áo khoác,XL,Xanh,2,559000,01/10/2025
HD00215,409dbb70-64f9-445d-b146-33a6ba02b819,Váy Nữ Dự Tiệc Trễ Vai Sang Chảnh,Váy,S,Đỏ,2,690000,09/12/2025
HD00215,db900625-f6c9-41e1-a4eb-2042fcd9496f,Giày Cao Gót Nữ Đế Nhọn Công Sở,Giày,38,Trắng,2,490000,09/12/2025
HD00215,c36ca838-024f-462b-b202-e125f17c3a90,Áo Body Nữ Tay Dài Ôm Sát,Áo body,M,Đen,1,299000,09/12/2025
HD00216,1d9f44d7-0657-47ec-baf9-659b9bfe2f6d,Áo Len Nam Cổ Lọ Ấm Áp,Áo len,M,Đen,2,520000,10/06/2025
HD00216,5fe8aacd-2167-47c0-925f-693248a365fe,Giày Slip On Unisex,Giày,40,Đen,1,499000,10/06/2025
HD00216,201e6224-a601-46ee-bead-63759fec2f51,Áo Len Nam Cổ Tròn Cashmere,Áo len,S,Xám,1,650000,10/06/2025
HD00217,b9070ded-f7bb-4ae7-8384-31f433f188c1,Quần Jogger Nam Kaki Túi Hộp,Quần,XL,Đen,2,350000,11/04/2026
HD00217,8211c7e6-49da-422e-8c8e-61bf0288e356,Áo Thun Nam Oversize Cực Chất,Áo thun,L,Đen,2,220000,11/04/2026
HD00218,7a707f6c-7a4b-4392-80c8-475eb6eb4bc8,Quần Tây Nam Lịch Lãm Công Sở,Quần,31,Đen,1,489000,21/11/2025
HD00218,bf8bb740-6ff2-40aa-b164-ac144119c781,Giày Tây Nam Derby Lịch Lãm,Giày,41,Xám,1,990000,21/11/2025
HD00218,773638cb-7eea-46c3-8af4-3bce1ecb5dd2,Áo Polo Nam Công Sở Premium,Áo thun,XXL,Xanh Navy,2,350000,21/11/2025
HD00219,773638cb-7eea-46c3-8af4-3bce1ecb5dd2,Áo Polo Nam Công Sở Premium,Áo thun,M,Xanh Navy,1,350000,16/03/2025
HD00219,bf8bb740-6ff2-40aa-b164-ac144119c781,Giày Tây Nam Derby Lịch Lãm,Giày,42,Xám,2,990000,16/03/2025
HD00219,7a707f6c-7a4b-4392-80c8-475eb6eb4bc8,Quần Tây Nam Lịch Lãm Công Sở,Quần,31,Đen,1,489000,16/03/2025
HD00219,7a1e5705-4b19-42f7-a7ec-504fb2481cc2,Thắt Lưng Da Nam Khóa Tự Động,Nón,Free Size,Đen,1,350000,16/03/2025
HD00220,4ef3b541-6c86-4287-8090-28809b3559fe,Giày Chạy Bộ Nam Running Sport,Giày,41,Đen,1,790000,30/05/2025
HD00220,12c3c23d-b26f-4090-b661-3e330f928a84,Nón Thể Thao Unisex,Nón,Free Size,Trắng,1,160000,30/05/2025
HD00221,8211c7e6-49da-422e-8c8e-61bf0288e356,Áo Thun Nam Oversize Cực Chất,Áo thun,XL,Đen,2,220000,10/10/2025
HD00221,b9070ded-f7bb-4ae7-8384-31f433f188c1,Quần Jogger Nam Kaki Túi Hộp,Quần,XL,Đen,2,350000,10/10/2025
HD00222,f44172da-7e3c-467e-8c19-187fcb7ae23a,Áo Hoodie Unisex Zip Tiện Lợi,Áo khoác,XL,Đen,1,420000,08/01/2026
HD00222,43d6febf-f863-4841-9ca6-94f3edbcb83a,Giày Búp Bê Nữ Da Mềm Mại,Giày,39,Trắng,1,350000,08/01/2026
HD00222,f05e6db1-a12e-426c-aa6d-d5e504740533,Áo Body Nữ Tay Dài,Áo body,L,Đen,2,299000,08/01/2026
HD00222,b9070ded-f7bb-4ae7-8384-31f433f188c1,Quần Jogger Nam Kaki Túi Hộp,Quần,M,Đen,2,350000,08/01/2026
HD00223,1d9f44d7-0657-47ec-baf9-659b9bfe2f6d,Áo Len Nam Cổ Lọ Ấm Áp,Áo len,M,Đen,2,520000,29/05/2025
HD00223,0f6632d3-5cf7-42d2-9157-f13f0084a634,Áo Khoác Nam Denim Classic,Áo khoác,M,Xanh,1,550000,29/05/2025
HD00223,bb06c357-8eb3-4ffe-a765-1307de4e19eb,Mũ Len Unisex Mùa Đông Ấm Áp,Nón,Free Size,Xám,2,150000,29/05/2025
HD00224,409dbb70-64f9-445d-b146-33a6ba02b819,Váy Nữ Dự Tiệc Trễ Vai Sang Chảnh,Váy,L,Đỏ,2,690000,19/09/2025
HD00224,db900625-f6c9-41e1-a4eb-2042fcd9496f,Giày Cao Gót Nữ Đế Nhọn Công Sở,Giày,35,Trắng,1,490000,19/09/2025
HD00224,c36ca838-024f-462b-b202-e125f17c3a90,Áo Body Nữ Tay Dài Ôm Sát,Áo body,M,Đen,2,299000,19/09/2025
HD00225,565df8e7-d30d-4935-a0a2-bcd5ab5bf4a2,Quần Jeans Nam Slimfit Đen,Quần,31,Đen,2,549000,12/10/2025
HD00225,7af62054-cb7c-43d5-8a7a-f6de97b8440d,Blazer Nữ Công Sở Premium,Blazer,S,Trắng,1,820000,12/10/2025
HD00225,5b589295-6165-44f3-840e-bdf84d3c964e,Áo Body Nữ Giữ Nhiệt Bamboo Cổ Tròn,Áo body,M,Đen,1,329000,12/10/2025
HD00226,5aee6bb0-ffad-4321-976e-a7a74709d94d,Dép Unisex Quai Ngang Êm Chân,Giày,37,Đen,2,150000,28/06/2025
HD00226,93c3d112-b724-48cb-bee5-b2dcef7f1d55,Áo Khoác Gió Unisex Thể Thao,Áo khoác,XL,Đen,1,350000,28/06/2025
HD00227,2351fa2f-2c97-41ba-bcdd-77f50f0bac7b,Quần Kaki Nam Slimfit,Quần,31,Kem,2,389000,08/06/2025
HD00227,47321475-4386-4cf5-8b77-af01547cd204,Quần Baggy Nữ Hàn Quốc,Quần,S,Đen,2,429000,08/06/2025
HD00227,9339978c-7737-41bc-b043-029aeb186aac,Áo Polo Nam Basic,Áo thun,S,Trắng,2,279000,08/06/2025
HD00227,6b452c2a-fe5a-4690-b45c-b4a40e2c0822,Nón Thể Thao Unisex,Nón,Free Size,Trắng,2,190000,08/06/2025
HD00228,591f87ca-ccec-4d04-af4e-fe941c4ee72e,Giày Sneaker Trắng Unisex Streetwear,Giày,39,Trắng,2,650000,02/12/2025
HD00228,c9e6150b-fdf6-4a91-8f2c-d8bab75b9f2b,Hoodie Unisex Local Brand Cực Chất,Áo khoác,XL,Nâu,1,399000,02/12/2025
HD00229,12c3c23d-b26f-4090-b661-3e330f928a84,Nón Thể Thao Unisex,Nón,Free Size,Trắng,1,160000,14/06/2025
HD00229,4ef3b541-6c86-4287-8090-28809b3559fe,Giày Chạy Bộ Nam Running Sport,Giày,40,Đen,1,790000,14/06/2025
HD00229,e6f18dbb-acb7-46bb-a116-d6111d7b40f8,Quần Jogger Nam Thể Thao Nỉ,Quần,L,Xám,2,320000,14/06/2025
HD00230,4ef3b541-6c86-4287-8090-28809b3559fe,Giày Chạy Bộ Nam Running Sport,Giày,41,Đen,1,790000,30/04/2025
HD00230,e6f18dbb-acb7-46bb-a116-d6111d7b40f8,Quần Jogger Nam Thể Thao Nỉ,Quần,M,Xám,1,320000,30/04/2025
HD00231,7af62054-cb7c-43d5-8a7a-f6de97b8440d,Blazer Nữ Công Sở Premium,Blazer,S,Trắng,1,820000,03/02/2026
HD00231,2d01e356-ac67-4d6f-83ce-e2c9ad89a55d,Quần Tây Nữ Ống Suông,Quần,S,Đen,1,459000,03/02/2026
HD00231,872f179f-f0d5-4bcd-a90e-d10870eac50d,Giày Boot Da Nữ Cổ Cao Cá Tính,Giày,39,Trắng,1,890000,03/02/2026
HD00232,e7988e60-9056-472a-b914-5ab26da5917c,Quần Jeans Nam Rách Gối Streetwear,Quần,31,Xanh nhạt,2,599000,05/07/2025
HD00232,256a70eb-d06d-417a-bf57-9b60da0305c5,Giày Thể Thao Nam,Giày,41,Xám,1,720000,05/07/2025
HD00232,5aee6bb0-ffad-4321-976e-a7a74709d94d,Dép Unisex Quai Ngang Êm Chân,Giày,36,Đen,2,150000,05/07/2025
HD00232,e6f18dbb-acb7-46bb-a116-d6111d7b40f8,Quần Jogger Nam Thể Thao Nỉ,Quần,M,Xám,1,320000,05/07/2025
HD00233,d687bdc0-7bd2-4fb3-b157-ef8d3c1b2135,Quần Jogger Unisex Nỉ Basic,Quần,XL,Xám,1,280000,01/11/2025
HD00233,cc14f38d-1c5d-44e4-a577-c2add0a1b47e,Áo Sơ Mi Nữ Linen Kem,Áo sơ mi,S,Be,1,359000,01/11/2025
HD00234,c9e6150b-fdf6-4a91-8f2c-d8bab75b9f2b,Hoodie Unisex Local Brand Cực Chất,Áo khoác,L,Nâu,1,399000,19/07/2025
HD00234,591f87ca-ccec-4d04-af4e-fe941c4ee72e,Giày Sneaker Trắng Unisex Streetwear,Giày,42,Trắng,2,650000,19/07/2025
HD00235,b73fb852-1dd9-4829-86c6-c6c6f6ca7b73,Túi Tote Vải Unisex Tiện Lợi,Nón,Free Size,Trắng,2,120000,29/08/2025
HD00235,538c2225-906f-42c8-8875-c759a7017d20,Áo Sweater Unisex Cổ Tròn Nỉ,Áo khoác,XL,Nâu,1,310000,29/08/2025
HD00235,86a9c31d-97c5-47fc-b2ce-292729ac16ad,Nón Bucket Unisex Họa Tiết Loang,Nón,Free Size,Đen,1,180000,29/08/2025
HD00235,d687bdc0-7bd2-4fb3-b157-ef8d3c1b2135,Quần Jogger Unisex Nỉ Basic,Quần,M,Xám,1,280000,29/08/2025
HD00235,dda95a07-c578-4e4d-a707-ee9fa4ee14cc,Áo Len Nam Dệt Kim,Áo len,XL,Trắng,1,469000,29/08/2025
HD00236,12c3c23d-b26f-4090-b661-3e330f928a84,Nón Thể Thao Unisex,Nón,Free Size,Trắng,2,160000,09/11/2025
HD00236,35c4d88a-3b69-47a7-933e-e5bc205c5fd5,Quần Jeans Nữ Skinny Cạp Cao,Quần,M,Xanh,2,489000,09/11/2025
HD00237,6217de90-58f8-4c3f-99e7-59c09b50f42d,Áo Khoác Nam Denim,Áo khoác,XL,Xanh,1,559000,18/12/2025
HD00237,0e0448a2-c2bd-4e80-b627-8787750e4656,Áo Sơ Mi Nam Caro,Áo sơ mi,L,Đỏ,2,299000,18/12/2025
HD00237,e1fb3fad-6974-423e-b5e0-33e5c3f7a559,Áo Khoác Nam Varsity,Áo khoác,M,Đen Trắng,1,639000,18/12/2025
HD00237,45cc86fe-2abb-4420-8516-4718ae1f9990,Cardigan Nữ Oversize,Cardigan,M,Nâu,1,459000,18/12/2025
HD00237,863bc572-8ddb-47bc-98e0-bff31818a347,Quần Ống Rộng Nữ,Quần,M,Kem,2,399000,18/12/2025
HD00238,5aee6bb0-ffad-4321-976e-a7a74709d94d,Dép Unisex Quai Ngang Êm Chân,Giày,40,Đen,1,150000,30/05/2025
HD00238,0f6632d3-5cf7-42d2-9157-f13f0084a634,Áo Khoác Nam Denim Classic,Áo khoác,M,Xanh,2,550000,30/05/2025
HD00238,d687bdc0-7bd2-4fb3-b157-ef8d3c1b2135,Quần Jogger Unisex Nỉ Basic,Quần,XL,Xám,1,280000,30/05/2025
HD00238,599c0d70-ee05-4d99-a987-47c5d24f9546,Áo Sweater Unisex In Hình Cá Tính,Áo khoác,XL,Xám,1,350000,30/05/2025
HD00239,12c3c23d-b26f-4090-b661-3e330f928a84,Nón Thể Thao Unisex,Nón,Free Size,Trắng,1,160000,04/03/2025
HD00239,4ef3b541-6c86-4287-8090-28809b3559fe,Giày Chạy Bộ Nam Running Sport,Giày,43,Đen,1,790000,04/03/2025
HD00239,e6f18dbb-acb7-46bb-a116-d6111d7b40f8,Quần Jogger Nam Thể Thao Nỉ,Quần,XL,Xám,1,320000,04/03/2025
HD00240,409dbb70-64f9-445d-b146-33a6ba02b819,Váy Nữ Dự Tiệc Trễ Vai Sang Chảnh,Váy,L,Đỏ,1,690000,20/05/2025
HD00240,c36ca838-024f-462b-b202-e125f17c3a90,Áo Body Nữ Tay Dài Ôm Sát,Áo body,S,Đen,2,299000,20/05/2025
HD00240,db900625-f6c9-41e1-a4eb-2042fcd9496f,Giày Cao Gót Nữ Đế Nhọn Công Sở,Giày,37,Trắng,2,490000,20/05/2025
HD00240,d687bdc0-7bd2-4fb3-b157-ef8d3c1b2135,Quần Jogger Unisex Nỉ Basic,Quần,XL,Xám,1,280000,20/05/2025
HD00241,4ef3b541-6c86-4287-8090-28809b3559fe,Giày Chạy Bộ Nam Running Sport,Giày,41,Đen,2,790000,24/07/2025
HD00241,e6f18dbb-acb7-46bb-a116-d6111d7b40f8,Quần Jogger Nam Thể Thao Nỉ,Quần,XL,Xám,1,320000,24/07/2025
HD00242,0f6632d3-5cf7-42d2-9157-f13f0084a634,Áo Khoác Nam Denim Classic,Áo khoác,XL,Xanh,1,550000,07/01/2026
HD00242,bb06c357-8eb3-4ffe-a765-1307de4e19eb,Mũ Len Unisex Mùa Đông Ấm Áp,Nón,Free Size,Xám,2,150000,07/01/2026
HD00243,b9070ded-f7bb-4ae7-8384-31f433f188c1,Quần Jogger Nam Kaki Túi Hộp,Quần,M,Đen,2,350000,16/07/2025
HD00243,8211c7e6-49da-422e-8c8e-61bf0288e356,Áo Thun Nam Oversize Cực Chất,Áo thun,L,Đen,1,220000,16/07/2025
HD00244,bb06c357-8eb3-4ffe-a765-1307de4e19eb,Mũ Len Unisex Mùa Đông Ấm Áp,Nón,Free Size,Xám,1,150000,18/02/2025
HD00244,0f6632d3-5cf7-42d2-9157-f13f0084a634,Áo Khoác Nam Denim Classic,Áo khoác,M,Xanh,2,550000,18/02/2025
HD00245,591f87ca-ccec-4d04-af4e-fe941c4ee72e,Giày Sneaker Trắng Unisex Streetwear,Giày,39,Trắng,2,650000,09/01/2026
HD00245,f79701c0-468d-45ca-a063-f2c32fead22e,Áo Polo Nam Basic,Áo thun,L,Xanh Navy,1,279000,09/01/2026
HD00245,565df8e7-d30d-4935-a0a2-bcd5ab5bf4a2,Quần Jeans Nam Slimfit Đen,Quần,31,Đen,1,549000,09/01/2026
HD00246,b8a6d3f1-ad5c-4c5b-adf9-7e766ed462a5,Nón Bucket Unisex Vải Kaki Trơn,Nón,Free Size,Đen,2,150000,15/10/2025
HD00246,c9e6150b-fdf6-4a91-8f2c-d8bab75b9f2b,Hoodie Unisex Local Brand Cực Chất,Áo khoác,M,Nâu,1,399000,15/10/2025
HD00247,ca7585c8-ddbf-4d1d-a666-37a7b963d906,Balo Unisex Thời Trang Chống Nước,Nón,Free Size,Trắng,1,450000,29/07/2025
HD00247,d15def0c-3a31-492a-ac97-382525c2218a,Áo Sweater Unisex Trơn Basic,Áo khoác,XL,Nâu,1,320000,29/07/2025
HD00247,d687bdc0-7bd2-4fb3-b157-ef8d3c1b2135,Quần Jogger Unisex Nỉ Basic,Quần,L,Xám,2,280000,29/07/2025
HD00248,1d9f44d7-0657-47ec-baf9-659b9bfe2f6d,Áo Len Nam Cổ Lọ Ấm Áp,Áo len,L,Đen,2,520000,17/04/2025
HD00248,bb06c357-8eb3-4ffe-a765-1307de4e19eb,Mũ Len Unisex Mùa Đông Ấm Áp,Nón,Free Size,Xám,1,150000,17/04/2025
HD00248,0f6632d3-5cf7-42d2-9157-f13f0084a634,Áo Khoác Nam Denim Classic,Áo khoác,L,Xanh,2,550000,17/04/2025
HD00249,e6f18dbb-acb7-46bb-a116-d6111d7b40f8,Quần Jogger Nam Thể Thao Nỉ,Quần,M,Xám,2,320000,30/01/2026
HD00249,12c3c23d-b26f-4090-b661-3e330f928a84,Nón Thể Thao Unisex,Nón,Free Size,Trắng,1,160000,30/01/2026
HD00249,4ef3b541-6c86-4287-8090-28809b3559fe,Giày Chạy Bộ Nam Running Sport,Giày,42,Đen,2,790000,30/01/2026
HD00250,99f07ede-2b19-4f58-949e-3c20b4da9416,Nón Snapback Unisex Streetwear,Nón,Free Size,Xám,1,220000,23/11/2025
HD00250,8211c7e6-49da-422e-8c8e-61bf0288e356,Áo Thun Nam Oversize Cực Chất,Áo thun,XL,Đen,1,220000,23/11/2025
HD00250,b9070ded-f7bb-4ae7-8384-31f433f188c1,Quần Jogger Nam Kaki Túi Hộp,Quần,L,Đen,2,350000,23/11/2025
HD00251,03b22bfb-54c3-42d4-b00d-f03c542dacb4,Áo Polo Nam Sọc Ngang,Áo thun,M,Trắng,1,289000,05/02/2026
HD00251,14aa5a7e-58a7-4ee6-91dc-3b3841539483,Áo Thun Nam Graphic Print,Áo thun,XL,Xám,2,259000,05/02/2026
HD00251,5b589295-6165-44f3-840e-bdf84d3c964e,Áo Body Nữ Giữ Nhiệt Bamboo Cổ Tròn,Áo body,L,Đen,1,329000,05/02/2026
HD00251,c04e8b6a-b8be-4231-9377-710ae7bb8e46,Áo Body Nữ Croptop,Áo body,S,Đen,1,289000,05/02/2026
HD00252,d15def0c-3a31-492a-ac97-382525c2218a,Áo Sweater Unisex Trơn Basic,Áo khoác,L,Nâu,1,320000,29/11/2025
HD00252,ca7585c8-ddbf-4d1d-a666-37a7b963d906,Balo Unisex Thời Trang Chống Nước,Nón,Free Size,Trắng,1,450000,29/11/2025
HD00252,d687bdc0-7bd2-4fb3-b157-ef8d3c1b2135,Quần Jogger Unisex Nỉ Basic,Quần,M,Xám,2,280000,29/11/2025
HD00252,1d99fb01-0c7c-4f56-86b7-e573663b11e2,Áo Thun Nam Oversize Streetwear,Áo thun,XL,Đen,2,239000,29/11/2025
HD00253,b9070ded-f7bb-4ae7-8384-31f433f188c1,Quần Jogger Nam Kaki Túi Hộp,Quần,M,Đen,2,350000,09/09/2025
HD00253,8211c7e6-49da-422e-8c8e-61bf0288e356,Áo Thun Nam Oversize Cực Chất,Áo thun,L,Đen,2,220000,09/09/2025
HD00254,591f87ca-ccec-4d04-af4e-fe941c4ee72e,Giày Sneaker Trắng Unisex Streetwear,Giày,38,Trắng,1,650000,19/02/2025
HD00254,c9e6150b-fdf6-4a91-8f2c-d8bab75b9f2b,Hoodie Unisex Local Brand Cực Chất,Áo khoác,M,Nâu,2,399000,19/02/2025
HD00255,105ad1ba-828c-468d-b1e2-33860aced25e,Giày Tây Nam Oxford Da Bò,Giày,39,Xám,1,1200000,01/12/2025
HD00255,8a7e2af6-1dec-44a6-bf40-5c5c403abe8c,Áo Sơ Mi Nam Vải Oxford Trắng,Áo sơ mi,M,Trắng,1,320000,01/12/2025
HD00255,740d378a-17ab-4db0-aa7b-961840cb0ad8,Blazer Nữ Premium,Blazer,XL,Đen,2,990000,01/12/2025
HD00255,5b589295-6165-44f3-840e-bdf84d3c964e,Áo Body Nữ Giữ Nhiệt Bamboo Cổ Tròn,Áo body,S,Trắng,1,329000,01/12/2025
HD00255,57d427ce-2cb0-4659-b346-22ed27f9bafa,Quần Baggy Nữ,Quần,L,Đen,2,429000,01/12/2025
HD00256,fc61ed45-ce98-480f-a519-02961cff9b10,Giày Chạy Bộ Nữ Siêu Nhẹ,Giày,38,Đen,1,750000,12/09/2025
HD00256,31c0b020-668f-4c1e-aa4b-e58b7ea7da0f,Nón Lưỡi Trai Basic Unisex,Nón,FreeSize,Trắng,2,120000,12/09/2025
HD00256,00cd794a-d248-4ee5-82bc-6f47e4552024,Giày Thể Thao Unisex Chunky,Giày,39,Trắng,2,850000,12/09/2025
HD00256,b9070ded-f7bb-4ae7-8384-31f433f188c1,Quần Jogger Nam Kaki Túi Hộp,Quần,XL,Đen,1,350000,12/09/2025
HD00256,0537aac5-9d37-4ea1-bee3-5ed3851cc79d,Áo Sơ Mi Nam Vải Linen Xanh,Áo sơ mi,XL,Xanh,2,340000,12/09/2025
HD00257,7af62054-cb7c-43d5-8a7a-f6de97b8440d,Blazer Nữ Công Sở Premium,Blazer,S,Trắng,2,820000,09/02/2025
HD00257,2d01e356-ac67-4d6f-83ce-e2c9ad89a55d,Quần Tây Nữ Ống Suông,Quần,L,Đen,1,459000,09/02/2025
HD00258,591f87ca-ccec-4d04-af4e-fe941c4ee72e,Giày Sneaker Trắng Unisex Streetwear,Giày,41,Trắng,1,650000,13/04/2026
HD00258,b8a6d3f1-ad5c-4c5b-adf9-7e766ed462a5,Nón Bucket Unisex Vải Kaki Trơn,Nón,Free Size,Đen,1,150000,13/04/2026
HD00258,c9e6150b-fdf6-4a91-8f2c-d8bab75b9f2b,Hoodie Unisex Local Brand Cực Chất,Áo khoác,M,Nâu,1,399000,13/04/2026
HD00259,c9e6150b-fdf6-4a91-8f2c-d8bab75b9f2b,Hoodie Unisex Local Brand Cực Chất,Áo khoác,L,Nâu,2,399000,02/08/2025
HD00259,591f87ca-ccec-4d04-af4e-fe941c4ee72e,Giày Sneaker Trắng Unisex Streetwear,Giày,38,Trắng,1,650000,02/08/2025
HD00259,b8a6d3f1-ad5c-4c5b-adf9-7e766ed462a5,Nón Bucket Unisex Vải Kaki Trơn,Nón,Free Size,Đen,1,150000,02/08/2025
HD00260,d687bdc0-7bd2-4fb3-b157-ef8d3c1b2135,Quần Jogger Unisex Nỉ Basic,Quần,XL,Xám,1,280000,10/08/2025
HD00260,ca7585c8-ddbf-4d1d-a666-37a7b963d906,Balo Unisex Thời Trang Chống Nước,Nón,Free Size,Trắng,1,450000,10/08/2025
HD00260,d15def0c-3a31-492a-ac97-382525c2218a,Áo Sweater Unisex Trơn Basic,Áo khoác,L,Nâu,1,320000,10/08/2025
HD00261,1d9f44d7-0657-47ec-baf9-659b9bfe2f6d,Áo Len Nam Cổ Lọ Ấm Áp,Áo len,L,Đen,1,520000,05/05/2025
HD00261,bb06c357-8eb3-4ffe-a765-1307de4e19eb,Mũ Len Unisex Mùa Đông Ấm Áp,Nón,Free Size,Xám,1,150000,05/05/2025
HD00262,ca7585c8-ddbf-4d1d-a666-37a7b963d906,Balo Unisex Thời Trang Chống Nước,Nón,Free Size,Trắng,1,450000,31/03/2026
HD00262,d687bdc0-7bd2-4fb3-b157-ef8d3c1b2135,Quần Jogger Unisex Nỉ Basic,Quần,M,Xám,2,280000,31/03/2026
HD00262,47321475-4386-4cf5-8b77-af01547cd204,Quần Baggy Nữ Hàn Quốc,Quần,L,Đen,1,429000,31/03/2026
HD00263,f905c3e5-b9ef-496a-9516-a5cd2ae75514,Áo Hoodie Unisex Basic,Áo khoác,M,Nâu,2,399000,11/11/2025
HD00263,bb06c357-8eb3-4ffe-a765-1307de4e19eb,Mũ Len Unisex Mùa Đông Ấm Áp,Nón,Free Size,Xám,2,150000,11/11/2025
HD00263,0537aac5-9d37-4ea1-bee3-5ed3851cc79d,Áo Sơ Mi Nam Vải Linen Xanh,Áo sơ mi,L,Xanh,2,340000,11/11/2025
HD00264,7a707f6c-7a4b-4392-80c8-475eb6eb4bc8,Quần Tây Nam Lịch Lãm Công Sở,Quần,33,Đen,2,489000,15/04/2026
HD00264,bf8bb740-6ff2-40aa-b164-ac144119c781,Giày Tây Nam Derby Lịch Lãm,Giày,40,Xám,2,990000,15/04/2026
HD00264,773638cb-7eea-46c3-8af4-3bce1ecb5dd2,Áo Polo Nam Công Sở Premium,Áo thun,XL,Xanh Navy,1,350000,15/04/2026
HD00264,e0f136c6-62be-4f5c-a912-54349bbee80a,Chân Váy Nữ Midi Xếp Ly,Váy,M,Đen,2,320000,15/04/2026
HD00265,4e83e6d5-6bb8-4d62-b032-d8ffc5ee62ef,Quần Jeans Nam Ống Đứng Regular,Quần,33,Xanh đậm,1,529000,22/10/2025
HD00265,409dbb70-64f9-445d-b146-33a6ba02b819,Váy Nữ Dự Tiệc Trễ Vai Sang Chảnh,Váy,S,Đỏ,2,690000,22/10/2025
HD00266,872f179f-f0d5-4bcd-a90e-d10870eac50d,Giày Boot Da Nữ Cổ Cao Cá Tính,Giày,36,Trắng,1,890000,10/03/2025
HD00266,6e959b97-7e1c-49d4-a62d-1d3bdaa3a97c,Áo Len Nam Hàn Quốc,Áo len,L,Kem,2,499000,10/03/2025
HD00266,33732f38-6563-44e9-a85f-09fcdda0aa6f,Blazer Nữ Dáng Ngắn Thời Thượng,Blazer,S,Be,1,790000,10/03/2025
HD00267,591f87ca-ccec-4d04-af4e-fe941c4ee72e,Giày Sneaker Trắng Unisex Streetwear,Giày,42,Trắng,2,650000,19/05/2025
HD00267,c9e6150b-fdf6-4a91-8f2c-d8bab75b9f2b,Hoodie Unisex Local Brand Cực Chất,Áo khoác,L,Nâu,2,399000,19/05/2025
HD00268,8211c7e6-49da-422e-8c8e-61bf0288e356,Áo Thun Nam Oversize Cực Chất,Áo thun,XL,Đen,2,220000,25/02/2025
HD00268,b9070ded-f7bb-4ae7-8384-31f433f188c1,Quần Jogger Nam Kaki Túi Hộp,Quần,L,Đen,2,350000,25/02/2025
HD00268,99f07ede-2b19-4f58-949e-3c20b4da9416,Nón Snapback Unisex Streetwear,Nón,Free Size,Xám,1,220000,25/02/2025
HD00269,773638cb-7eea-46c3-8af4-3bce1ecb5dd2,Áo Polo Nam Công Sở Premium,Áo thun,XL,Xanh Navy,2,350000,16/05/2025
HD00269,bf8bb740-6ff2-40aa-b164-ac144119c781,Giày Tây Nam Derby Lịch Lãm,Giày,40,Xám,1,990000,16/05/2025
HD00270,b73fb852-1dd9-4829-86c6-c6c6f6ca7b73,Túi Tote Vải Unisex Tiện Lợi,Nón,Free Size,Trắng,2,120000,14/11/2025
HD00270,35c4d88a-3b69-47a7-933e-e5bc205c5fd5,Quần Jeans Nữ Skinny Cạp Cao,Quần,S,Xanh,2,489000,14/11/2025
HD00271,b3d420d4-d451-4c61-bd20-6636b4973e09,Cardigan Nữ Len Dệt Kim Kem,Cardigan,S,Be,2,499000,20/01/2026
HD00271,47321475-4386-4cf5-8b77-af01547cd204,Quần Baggy Nữ Hàn Quốc,Quần,L,Đen,1,429000,20/01/2026
HD00272,b518aad8-1fbb-4d46-bc3c-1e531b3b1a8d,Áo Thun Nam Trơn Cổ Tròn,Áo thun,L,Trắng,1,150000,03/05/2026
HD00272,2840661b-b758-4365-9ddb-51837e109ce7,Áo Thun Nam Local Brand,Áo thun,M,Xám,1,199000,03/05/2026
HD00273,99f07ede-2b19-4f58-949e-3c20b4da9416,Nón Snapback Unisex Streetwear,Nón,Free Size,Xám,1,220000,24/04/2025
HD00273,b9070ded-f7bb-4ae7-8384-31f433f188c1,Quần Jogger Nam Kaki Túi Hộp,Quần,L,Đen,2,350000,24/04/2025
HD00273,8211c7e6-49da-422e-8c8e-61bf0288e356,Áo Thun Nam Oversize Cực Chất,Áo thun,L,Đen,1,220000,24/04/2025
HD00274,7af62054-cb7c-43d5-8a7a-f6de97b8440d,Blazer Nữ Công Sở Premium,Blazer,S,Trắng,2,820000,02/11/2025
HD00274,2d01e356-ac67-4d6f-83ce-e2c9ad89a55d,Quần Tây Nữ Ống Suông,Quần,L,Đen,1,459000,02/11/2025
HD00275,409dbb70-64f9-445d-b146-33a6ba02b819,Váy Nữ Dự Tiệc Trễ Vai Sang Chảnh,Váy,S,Đỏ,2,690000,08/05/2025
HD00275,c36ca838-024f-462b-b202-e125f17c3a90,Áo Body Nữ Tay Dài Ôm Sát,Áo body,L,Đen,2,299000,08/05/2025
HD00275,dda95a07-c578-4e4d-a707-ee9fa4ee14cc,Áo Len Nam Dệt Kim,Áo len,L,Trắng,1,469000,08/05/2025
HD00276,93c3d112-b724-48cb-bee5-b2dcef7f1d55,Áo Khoác Gió Unisex Thể Thao,Áo khoác,L,Đen,2,350000,25/06/2025
HD00276,f60ed1b2-8aed-4bf4-9047-bcdb95f84623,Áo Sơ Mi Nữ Công Sở,Áo sơ mi,XL,Trắng,2,279000,25/06/2025
HD00276,20b29c90-bea4-432c-ac66-0b72cbccdf6a,Áo Sơ Mi Nữ Linen,Áo sơ mi,S,Be,2,359000,25/06/2025
HD00276,dc8af6b0-89d3-409a-98db-fb01be893d15,Giày Sneaker Da Lộn Unisex,Giày,39,Trắng,2,720000,25/06/2025
HD00277,db900625-f6c9-41e1-a4eb-2042fcd9496f,Giày Cao Gót Nữ Đế Nhọn Công Sở,Giày,37,Trắng,2,490000,18/01/2025
HD00277,409dbb70-64f9-445d-b146-33a6ba02b819,Váy Nữ Dự Tiệc Trễ Vai Sang Chảnh,Váy,M,Đỏ,1,690000,18/01/2025
HD00278,3519fffb-6ea3-4fe0-947e-6d8b8e470b7a,Váy Nữ Maxi Đi Biển Dịu Dàng,Váy,S,Be,2,550000,15/07/2025
HD00278,6217de90-58f8-4c3f-99e7-59c09b50f42d,Áo Khoác Nam Denim,Áo khoác,XL,Xanh,1,559000,15/07/2025
HD00279,47321475-4386-4cf5-8b77-af01547cd204,Quần Baggy Nữ Hàn Quốc,Quần,L,Đen,2,429000,17/04/2025
HD00279,b3d420d4-d451-4c61-bd20-6636b4973e09,Cardigan Nữ Len Dệt Kim Kem,Cardigan,S,Be,1,499000,17/04/2025
HD00280,8211c7e6-49da-422e-8c8e-61bf0288e356,Áo Thun Nam Oversize Cực Chất,Áo thun,L,Đen,2,220000,12/04/2025
HD00280,b9070ded-f7bb-4ae7-8384-31f433f188c1,Quần Jogger Nam Kaki Túi Hộp,Quần,M,Đen,1,350000,12/04/2025
HD00281,d15def0c-3a31-492a-ac97-382525c2218a,Áo Sweater Unisex Trơn Basic,Áo khoác,L,Nâu,1,320000,22/01/2026
HD00281,d687bdc0-7bd2-4fb3-b157-ef8d3c1b2135,Quần Jogger Unisex Nỉ Basic,Quần,XL,Xám,1,280000,22/01/2026
HD00282,773638cb-7eea-46c3-8af4-3bce1ecb5dd2,Áo Polo Nam Công Sở Premium,Áo thun,S,Xanh Navy,2,350000,12/07/2025
HD00282,7a707f6c-7a4b-4392-80c8-475eb6eb4bc8,Quần Tây Nam Lịch Lãm Công Sở,Quần,33,Đen,2,489000,12/07/2025
HD00282,bf8bb740-6ff2-40aa-b164-ac144119c781,Giày Tây Nam Derby Lịch Lãm,Giày,39,Xám,2,990000,12/07/2025
HD00283,b73fb852-1dd9-4829-86c6-c6c6f6ca7b73,Túi Tote Vải Unisex Tiện Lợi,Nón,Free Size,Trắng,2,120000,29/07/2025
HD00283,52f6d247-50fb-43f7-ab47-14cc9380a683,Áo Sơ Mi Nam Cổ Tàu Casual,Áo sơ mi,S,Nâu,2,299000,29/07/2025
HD00284,591f87ca-ccec-4d04-af4e-fe941c4ee72e,Giày Sneaker Trắng Unisex Streetwear,Giày,41,Trắng,2,650000,12/04/2025
HD00284,f79701c0-468d-45ca-a063-f2c32fead22e,Áo Polo Nam Basic,Áo thun,L,Xanh Navy,1,279000,12/04/2025
HD00284,565df8e7-d30d-4935-a0a2-bcd5ab5bf4a2,Quần Jeans Nam Slimfit Đen,Quần,32,Đen,1,549000,12/04/2025
HD00285,591f87ca-ccec-4d04-af4e-fe941c4ee72e,Giày Sneaker Trắng Unisex Streetwear,Giày,39,Trắng,2,650000,24/09/2025
HD00285,c9e6150b-fdf6-4a91-8f2c-d8bab75b9f2b,Hoodie Unisex Local Brand Cực Chất,Áo khoác,M,Nâu,2,399000,24/09/2025
HD00285,b8a6d3f1-ad5c-4c5b-adf9-7e766ed462a5,Nón Bucket Unisex Vải Kaki Trơn,Nón,Free Size,Đen,1,150000,24/09/2025
HD00286,c36ca838-024f-462b-b202-e125f17c3a90,Áo Body Nữ Tay Dài Ôm Sát,Áo body,M,Đen,2,299000,13/09/2025
HD00286,db900625-f6c9-41e1-a4eb-2042fcd9496f,Giày Cao Gót Nữ Đế Nhọn Công Sở,Giày,39,Trắng,1,490000,13/09/2025
HD00286,409dbb70-64f9-445d-b146-33a6ba02b819,Váy Nữ Dự Tiệc Trễ Vai Sang Chảnh,Váy,S,Đỏ,2,690000,13/09/2025
HD00287,f79701c0-468d-45ca-a063-f2c32fead22e,Áo Polo Nam Basic,Áo thun,L,Xanh Navy,1,279000,27/11/2025
HD00287,565df8e7-d30d-4935-a0a2-bcd5ab5bf4a2,Quần Jeans Nam Slimfit Đen,Quần,30,Đen,2,549000,27/11/2025
HD00287,591f87ca-ccec-4d04-af4e-fe941c4ee72e,Giày Sneaker Trắng Unisex Streetwear,Giày,41,Trắng,1,650000,27/11/2025
HD00288,1d9f44d7-0657-47ec-baf9-659b9bfe2f6d,Áo Len Nam Cổ Lọ Ấm Áp,Áo len,M,Đen,2,520000,25/04/2026
HD00288,0f6632d3-5cf7-42d2-9157-f13f0084a634,Áo Khoác Nam Denim Classic,Áo khoác,L,Xanh,2,550000,25/04/2026
HD00288,bb06c357-8eb3-4ffe-a765-1307de4e19eb,Mũ Len Unisex Mùa Đông Ấm Áp,Nón,Free Size,Xám,2,150000,25/04/2026
HD00289,7af62054-cb7c-43d5-8a7a-f6de97b8440d,Blazer Nữ Công Sở Premium,Blazer,M,Trắng,2,820000,28/06/2025
HD00289,1d8256e6-c737-4a4c-86b9-b28f0c3112eb,Áo Sơ Mi Nữ Oxford Trắng,Áo sơ mi,L,Trắng,1,329000,28/06/2025
HD00290,bf8bb740-6ff2-40aa-b164-ac144119c781,Giày Tây Nam Derby Lịch Lãm,Giày,39,Xám,2,990000,11/01/2025
HD00290,773638cb-7eea-46c3-8af4-3bce1ecb5dd2,Áo Polo Nam Công Sở Premium,Áo thun,S,Xanh Navy,2,350000,11/01/2025
HD00291,0f6632d3-5cf7-42d2-9157-f13f0084a634,Áo Khoác Nam Denim Classic,Áo khoác,M,Xanh,2,550000,09/05/2026
HD00291,bb06c357-8eb3-4ffe-a765-1307de4e19eb,Mũ Len Unisex Mùa Đông Ấm Áp,Nón,Free Size,Xám,1,150000,09/05/2026
HD00291,1d9f44d7-0657-47ec-baf9-659b9bfe2f6d,Áo Len Nam Cổ Lọ Ấm Áp,Áo len,M,Đen,2,520000,09/05/2026
HD00292,5a9e4c10-4d85-4ae9-99d0-4ecdbc69964b,Áo Thun Unisex In Chữ Streetwear,Áo thun,M,Đen,2,189000,24/03/2026
HD00292,b518aad8-1fbb-4d46-bc3c-1e531b3b1a8d,Áo Thun Nam Trơn Cổ Tròn,Áo thun,XL,Đen,1,150000,24/03/2026
HD00292,1d9f44d7-0657-47ec-baf9-659b9bfe2f6d,Áo Len Nam Cổ Lọ Ấm Áp,Áo len,L,Đen,1,520000,24/03/2026
HD00292,ca7585c8-ddbf-4d1d-a666-37a7b963d906,Balo Unisex Thời Trang Chống Nước,Nón,Free Size,Trắng,2,450000,24/03/2026
HD00293,4ef3b541-6c86-4287-8090-28809b3559fe,Giày Chạy Bộ Nam Running Sport,Giày,40,Đen,2,790000,01/06/2025
HD00293,b675c96d-da9f-4712-a11c-0596cc052da0,Giày Sneaker Cổ Cao Unisex,Giày,40,Trắng,2,690000,01/06/2025
HD00294,591f87ca-ccec-4d04-af4e-fe941c4ee72e,Giày Sneaker Trắng Unisex Streetwear,Giày,40,Trắng,1,650000,10/10/2025
HD00294,565df8e7-d30d-4935-a0a2-bcd5ab5bf4a2,Quần Jeans Nam Slimfit Đen,Quần,30,Đen,2,549000,10/10/2025
HD00294,f79701c0-468d-45ca-a063-f2c32fead22e,Áo Polo Nam Basic,Áo thun,S,Xanh Navy,1,279000,10/10/2025
HD00295,ca7585c8-ddbf-4d1d-a666-37a7b963d906,Balo Unisex Thời Trang Chống Nước,Nón,Free Size,Trắng,2,450000,22/12/2025
HD00295,d15def0c-3a31-492a-ac97-382525c2218a,Áo Sweater Unisex Trơn Basic,Áo khoác,M,Nâu,2,320000,22/12/2025
HD00295,d687bdc0-7bd2-4fb3-b157-ef8d3c1b2135,Quần Jogger Unisex Nỉ Basic,Quần,L,Xám,2,280000,22/12/2025
HD00296,4ef3b541-6c86-4287-8090-28809b3559fe,Giày Chạy Bộ Nam Running Sport,Giày,43,Đen,2,790000,10/02/2025
HD00296,1246b9f6-1cf6-4a6f-a0c4-8f8e34c3e4e8,Giày Running Sport Unisex,Giày,39,Đen,1,790000,10/02/2025
HD00296,95eb8021-2598-4aeb-92e1-99f5e709c28c,Cardigan Nữ Hàn Quốc,Cardigan,M,Đen,2,430000,10/02/2025
HD00296,3ffeadc2-56cb-4267-a02b-00fc51a7a1b2,Áo Khoác Bomber Unisex Da Lộn,Áo khoác,M,Đen,2,599000,10/02/2025
HD00296,61017231-ff80-414c-8355-84b4bfd8f3fb,Áo Sơ Mi Nữ Oxford,Áo sơ mi,M,Trắng,1,329000,10/02/2025
HD00297,e6f18dbb-acb7-46bb-a116-d6111d7b40f8,Quần Jogger Nam Thể Thao Nỉ,Quần,L,Xám,1,320000,27/07/2025
HD00297,4ef3b541-6c86-4287-8090-28809b3559fe,Giày Chạy Bộ Nam Running Sport,Giày,40,Đen,2,790000,27/07/2025
HD00297,12c3c23d-b26f-4090-b661-3e330f928a84,Nón Thể Thao Unisex,Nón,Free Size,Trắng,2,160000,27/07/2025
HD00298,c36ca838-024f-462b-b202-e125f17c3a90,Áo Body Nữ Tay Dài Ôm Sát,Áo body,S,Đen,2,299000,16/03/2025
HD00298,db900625-f6c9-41e1-a4eb-2042fcd9496f,Giày Cao Gót Nữ Đế Nhọn Công Sở,Giày,39,Trắng,2,490000,16/03/2025
HD00299,409dbb70-64f9-445d-b146-33a6ba02b819,Váy Nữ Dự Tiệc Trễ Vai Sang Chảnh,Váy,S,Đỏ,1,690000,28/11/2025
HD00299,db900625-f6c9-41e1-a4eb-2042fcd9496f,Giày Cao Gót Nữ Đế Nhọn Công Sở,Giày,36,Trắng,2,490000,28/11/2025
HD00300,cc14f38d-1c5d-44e4-a577-c2add0a1b47e,Áo Sơ Mi Nữ Linen Kem,Áo sơ mi,S,Be,2,359000,04/07/2025
HD00300,b3d420d4-d451-4c61-bd20-6636b4973e09,Cardigan Nữ Len Dệt Kim Kem,Cardigan,L,Be,1,499000,04/07/2025
HD00301,7af62054-cb7c-43d5-8a7a-f6de97b8440d,Blazer Nữ Công Sở Premium,Blazer,S,Trắng,1,820000,30/03/2026
HD00301,1d8256e6-c737-4a4c-86b9-b28f0c3112eb,Áo Sơ Mi Nữ Oxford Trắng,Áo sơ mi,M,Trắng,2,329000,30/03/2026
HD00302,b3d420d4-d451-4c61-bd20-6636b4973e09,Cardigan Nữ Len Dệt Kim Kem,Cardigan,L,Be,1,499000,21/04/2025
HD00302,47321475-4386-4cf5-8b77-af01547cd204,Quần Baggy Nữ Hàn Quốc,Quần,L,Đen,2,429000,21/04/2025
HD00302,cc14f38d-1c5d-44e4-a577-c2add0a1b47e,Áo Sơ Mi Nữ Linen Kem,Áo sơ mi,L,Be,2,359000,21/04/2025
HD00302,898c5b5f-febc-4b99-837c-f9d94f5e2e07,Váy Nữ Suông Linen Thoải Mái,Váy,S,Xanh,2,420000,21/04/2025
HD00303,47321475-4386-4cf5-8b77-af01547cd204,Quần Baggy Nữ Hàn Quốc,Quần,XL,Đen,1,429000,13/04/2025
HD00303,cc14f38d-1c5d-44e4-a577-c2add0a1b47e,Áo Sơ Mi Nữ Linen Kem,Áo sơ mi,L,Be,1,359000,13/04/2025
HD00303,b3d420d4-d451-4c61-bd20-6636b4973e09,Cardigan Nữ Len Dệt Kim Kem,Cardigan,S,Be,1,499000,13/04/2025
HD00304,f79701c0-468d-45ca-a063-f2c32fead22e,Áo Polo Nam Basic,Áo thun,XL,Xanh Navy,2,279000,26/02/2025
HD00304,b3d420d4-d451-4c61-bd20-6636b4973e09,Cardigan Nữ Len Dệt Kim Kem,Cardigan,L,Be,2,499000,26/02/2025
HD00305,e6f18dbb-acb7-46bb-a116-d6111d7b40f8,Quần Jogger Nam Thể Thao Nỉ,Quần,M,Xám,2,320000,18/06/2025
HD00305,00cd794a-d248-4ee5-82bc-6f47e4552024,Giày Thể Thao Unisex Chunky,Giày,41,Trắng,1,850000,18/06/2025
HD00306,b9070ded-f7bb-4ae7-8384-31f433f188c1,Quần Jogger Nam Kaki Túi Hộp,Quần,XL,Đen,2,350000,06/08/2025
HD00306,99f07ede-2b19-4f58-949e-3c20b4da9416,Nón Snapback Unisex Streetwear,Nón,Free Size,Xám,1,220000,06/08/2025
HD00307,ca7585c8-ddbf-4d1d-a666-37a7b963d906,Balo Unisex Thời Trang Chống Nước,Nón,Free Size,Trắng,1,450000,05/03/2025
HD00307,3d8984b4-57a3-4d52-913c-2a11d9222ede,Áo Thun Nam Basic,Áo thun,L,Trắng,1,199000,05/03/2025
HD00308,8211c7e6-49da-422e-8c8e-61bf0288e356,Áo Thun Nam Oversize Cực Chất,Áo thun,M,Đen,2,220000,19/01/2025
HD00308,b9070ded-f7bb-4ae7-8384-31f433f188c1,Quần Jogger Nam Kaki Túi Hộp,Quần,M,Đen,1,350000,19/01/2025
HD00308,99f07ede-2b19-4f58-949e-3c20b4da9416,Nón Snapback Unisex Streetwear,Nón,Free Size,Xám,1,220000,19/01/2025
HD00309,f44172da-7e3c-467e-8c19-187fcb7ae23a,Áo Hoodie Unisex Zip Tiện Lợi,Áo khoác,L,Đen,1,420000,04/07/2025
HD00309,201e6224-a601-46ee-bead-63759fec2f51,Áo Len Nam Cổ Tròn Cashmere,Áo len,L,Xám,1,650000,04/07/2025
HD00309,46605dff-a9ed-41df-a46a-88d80a783e20,Nón Lưỡi Trai Cao Cấp Unisex,Nón,Free Size,Navy,2,250000,04/07/2025
HD00309,2351fa2f-2c97-41ba-bcdd-77f50f0bac7b,Quần Kaki Nam Slimfit,Quần,32,Kem,2,389000,04/07/2025
HD00309,80fca8d2-8d12-40fd-aaf6-6c3e0e0d49ea,Cardigan Nữ Len Mỏng,Cardigan,M,Kem,1,399000,04/07/2025
HD00310,e6f18dbb-acb7-46bb-a116-d6111d7b40f8,Quần Jogger Nam Thể Thao Nỉ,Quần,M,Xám,2,320000,31/03/2026
HD00310,12c3c23d-b26f-4090-b661-3e330f928a84,Nón Thể Thao Unisex,Nón,Free Size,Trắng,1,160000,31/03/2026
HD00310,4ef3b541-6c86-4287-8090-28809b3559fe,Giày Chạy Bộ Nam Running Sport,Giày,40,Đen,1,790000,31/03/2026
HD00311,591f87ca-ccec-4d04-af4e-fe941c4ee72e,Giày Sneaker Trắng Unisex Streetwear,Giày,38,Trắng,2,650000,15/03/2025
HD00311,565df8e7-d30d-4935-a0a2-bcd5ab5bf4a2,Quần Jeans Nam Slimfit Đen,Quần,30,Đen,1,549000,15/03/2025
HD00312,b8a6d3f1-ad5c-4c5b-adf9-7e766ed462a5,Nón Bucket Unisex Vải Kaki Trơn,Nón,Free Size,Đen,1,150000,10/01/2025
HD00312,591f87ca-ccec-4d04-af4e-fe941c4ee72e,Giày Sneaker Trắng Unisex Streetwear,Giày,41,Trắng,1,650000,10/01/2025
HD00312,c9e6150b-fdf6-4a91-8f2c-d8bab75b9f2b,Hoodie Unisex Local Brand Cực Chất,Áo khoác,L,Nâu,1,399000,10/01/2025
HD00313,b3d420d4-d451-4c61-bd20-6636b4973e09,Cardigan Nữ Len Dệt Kim Kem,Cardigan,L,Be,1,499000,28/04/2026
HD00313,cc14f38d-1c5d-44e4-a577-c2add0a1b47e,Áo Sơ Mi Nữ Linen Kem,Áo sơ mi,S,Be,1,359000,28/04/2026
HD00314,b8a6d3f1-ad5c-4c5b-adf9-7e766ed462a5,Nón Bucket Unisex Vải Kaki Trơn,Nón,Free Size,Đen,2,150000,16/05/2025
HD00314,591f87ca-ccec-4d04-af4e-fe941c4ee72e,Giày Sneaker Trắng Unisex Streetwear,Giày,40,Trắng,1,650000,16/05/2025
HD00315,bb06c357-8eb3-4ffe-a765-1307de4e19eb,Mũ Len Unisex Mùa Đông Ấm Áp,Nón,Free Size,Xám,2,150000,08/02/2026
HD00315,1d9f44d7-0657-47ec-baf9-659b9bfe2f6d,Áo Len Nam Cổ Lọ Ấm Áp,Áo len,XL,Đen,1,520000,08/02/2026
HD00316,b8a6d3f1-ad5c-4c5b-adf9-7e766ed462a5,Nón Bucket Unisex Vải Kaki Trơn,Nón,Free Size,Đen,2,150000,29/03/2026
HD00316,c9e6150b-fdf6-4a91-8f2c-d8bab75b9f2b,Hoodie Unisex Local Brand Cực Chất,Áo khoác,L,Nâu,1,399000,29/03/2026
HD00317,0f6632d3-5cf7-42d2-9157-f13f0084a634,Áo Khoác Nam Denim Classic,Áo khoác,M,Xanh,1,550000,06/09/2025
HD00317,bb06c357-8eb3-4ffe-a765-1307de4e19eb,Mũ Len Unisex Mùa Đông Ấm Áp,Nón,Free Size,Xám,1,150000,06/09/2025
HD00317,4e83e6d5-6bb8-4d62-b032-d8ffc5ee62ef,Quần Jeans Nam Ống Đứng Regular,Quần,31,Xanh đậm,1,529000,06/09/2025
HD00318,773638cb-7eea-46c3-8af4-3bce1ecb5dd2,Áo Polo Nam Công Sở Premium,Áo thun,XXL,Xanh Navy,1,350000,12/10/2025
HD00318,7a707f6c-7a4b-4392-80c8-475eb6eb4bc8,Quần Tây Nam Lịch Lãm Công Sở,Quần,29,Đen,1,489000,12/10/2025
HD00319,47321475-4386-4cf5-8b77-af01547cd204,Quần Baggy Nữ Hàn Quốc,Quần,M,Đen,1,429000,10/02/2025
HD00319,b3d420d4-d451-4c61-bd20-6636b4973e09,Cardigan Nữ Len Dệt Kim Kem,Cardigan,S,Be,2,499000,10/02/2025
HD00320,1d9f44d7-0657-47ec-baf9-659b9bfe2f6d,Áo Len Nam Cổ Lọ Ấm Áp,Áo len,M,Đen,1,520000,04/02/2026
HD00320,0f6632d3-5cf7-42d2-9157-f13f0084a634,Áo Khoác Nam Denim Classic,Áo khoác,M,Xanh,2,550000,04/02/2026
HD00321,bf8bb740-6ff2-40aa-b164-ac144119c781,Giày Tây Nam Derby Lịch Lãm,Giày,42,Xám,2,990000,17/03/2026
HD00321,7a707f6c-7a4b-4392-80c8-475eb6eb4bc8,Quần Tây Nam Lịch Lãm Công Sở,Quần,30,Đen,1,489000,17/03/2026
HD00322,105ad1ba-828c-468d-b1e2-33860aced25e,Giày Tây Nam Oxford Da Bò,Giày,42,Xám,1,1200000,13/02/2025
HD00322,5fe8aacd-2167-47c0-925f-693248a365fe,Giày Slip On Unisex,Giày,40,Đen,1,499000,13/02/2025
HD00322,a7c450bf-193d-4223-b178-523acdd5ce71,Quần Kaki Nam Dáng Suông,Quần,30,Kem,1,389000,13/02/2025
HD00323,b8a6d3f1-ad5c-4c5b-adf9-7e766ed462a5,Nón Bucket Unisex Vải Kaki Trơn,Nón,Free Size,Đen,1,150000,21/10/2025
HD00323,c9e6150b-fdf6-4a91-8f2c-d8bab75b9f2b,Hoodie Unisex Local Brand Cực Chất,Áo khoác,L,Nâu,2,399000,21/10/2025
HD00323,591f87ca-ccec-4d04-af4e-fe941c4ee72e,Giày Sneaker Trắng Unisex Streetwear,Giày,41,Trắng,1,650000,21/10/2025
HD00323,4ef3b541-6c86-4287-8090-28809b3559fe,Giày Chạy Bộ Nam Running Sport,Giày,43,Đen,1,790000,21/10/2025
HD00324,2abe7389-f13b-422a-b6f1-a2c95273e319,Sandal Unisex Dây Chéo Học Sinh,Giày,36,Đen,1,250000,22/02/2026
HD00324,5a9e4c10-4d85-4ae9-99d0-4ecdbc69964b,Áo Thun Unisex In Chữ Streetwear,Áo thun,XL,Đen,1,189000,22/02/2026
HD00324,d230d9ed-71e2-4378-9fb2-15dd13a37357,Áo Hoodie Unisex,Áo khoác,XL,Xám,2,399000,22/02/2026
HD00324,565df8e7-d30d-4935-a0a2-bcd5ab5bf4a2,Quần Jeans Nam Slimfit Đen,Quần,29,Đen,2,549000,22/02/2026
HD00324,5aee6bb0-ffad-4321-976e-a7a74709d94d,Dép Unisex Quai Ngang Êm Chân,Giày,37,Đen,2,150000,22/02/2026
HD00325,591f87ca-ccec-4d04-af4e-fe941c4ee72e,Giày Sneaker Trắng Unisex Streetwear,Giày,38,Trắng,1,650000,13/05/2026
HD00325,b8a6d3f1-ad5c-4c5b-adf9-7e766ed462a5,Nón Bucket Unisex Vải Kaki Trơn,Nón,Free Size,Đen,1,150000,13/05/2026
HD00325,c9e6150b-fdf6-4a91-8f2c-d8bab75b9f2b,Hoodie Unisex Local Brand Cực Chất,Áo khoác,L,Nâu,2,399000,13/05/2026
HD00326,a7c450bf-193d-4223-b178-523acdd5ce71,Quần Kaki Nam Dáng Suông,Quần,29,Kem,2,389000,14/02/2026
HD00326,e9b18016-ac13-4aa7-8e3b-9df31db133d7,Váy Tennis Nữ,Váy,M,Trắng,2,280000,14/02/2026
HD00326,16685b4a-ab63-4a1f-ab9f-b4255995921e,Blazer Nữ Basic,Blazer,S,Đen,2,720000,14/02/2026
HD00327,f79701c0-468d-45ca-a063-f2c32fead22e,Áo Polo Nam Basic,Áo thun,S,Xanh Navy,1,279000,16/01/2026
HD00327,565df8e7-d30d-4935-a0a2-bcd5ab5bf4a2,Quần Jeans Nam Slimfit Đen,Quần,30,Đen,1,549000,16/01/2026
HD00327,591f87ca-ccec-4d04-af4e-fe941c4ee72e,Giày Sneaker Trắng Unisex Streetwear,Giày,38,Trắng,2,650000,16/01/2026
HD00328,ca7585c8-ddbf-4d1d-a666-37a7b963d906,Balo Unisex Thời Trang Chống Nước,Nón,Free Size,Trắng,1,450000,20/07/2025
HD00328,d15def0c-3a31-492a-ac97-382525c2218a,Áo Sweater Unisex Trơn Basic,Áo khoác,L,Nâu,2,320000,20/07/2025
HD00329,ca7585c8-ddbf-4d1d-a666-37a7b963d906,Balo Unisex Thời Trang Chống Nước,Nón,Free Size,Trắng,2,450000,28/01/2026
HD00329,d15def0c-3a31-492a-ac97-382525c2218a,Áo Sweater Unisex Trơn Basic,Áo khoác,M,Nâu,2,320000,28/01/2026
HD00329,d687bdc0-7bd2-4fb3-b157-ef8d3c1b2135,Quần Jogger Unisex Nỉ Basic,Quần,L,Xám,1,280000,28/01/2026
HD00330,cc14f38d-1c5d-44e4-a577-c2add0a1b47e,Áo Sơ Mi Nữ Linen Kem,Áo sơ mi,L,Be,1,359000,11/04/2025
HD00330,47321475-4386-4cf5-8b77-af01547cd204,Quần Baggy Nữ Hàn Quốc,Quần,S,Đen,2,429000,11/04/2025
HD00330,b3d420d4-d451-4c61-bd20-6636b4973e09,Cardigan Nữ Len Dệt Kim Kem,Cardigan,M,Be,1,499000,11/04/2025
HD00331,b3d420d4-d451-4c61-bd20-6636b4973e09,Cardigan Nữ Len Dệt Kim Kem,Cardigan,L,Be,2,499000,27/12/2025
HD00331,cc14f38d-1c5d-44e4-a577-c2add0a1b47e,Áo Sơ Mi Nữ Linen Kem,Áo sơ mi,L,Be,1,359000,27/12/2025
HD00331,47321475-4386-4cf5-8b77-af01547cd204,Quần Baggy Nữ Hàn Quốc,Quần,S,Đen,1,429000,27/12/2025
HD00332,99f07ede-2b19-4f58-949e-3c20b4da9416,Nón Snapback Unisex Streetwear,Nón,Free Size,Xám,2,220000,06/01/2026
HD00332,e1fb3fad-6974-423e-b5e0-33e5c3f7a559,Áo Khoác Nam Varsity,Áo khoác,L,Đen Trắng,2,639000,06/01/2026
HD00332,47321475-4386-4cf5-8b77-af01547cd204,Quần Baggy Nữ Hàn Quốc,Quần,S,Đen,1,429000,06/01/2026
HD00332,7af62054-cb7c-43d5-8a7a-f6de97b8440d,Blazer Nữ Công Sở Premium,Blazer,L,Trắng,1,820000,06/01/2026
HD00332,e5f19f93-1057-4ec4-880f-a16e5fbcb39c,Váy Tennis Nữ Xếp Ly Trắng,Váy,S,Trắng,2,280000,06/01/2026
HD00333,b9070ded-f7bb-4ae7-8384-31f433f188c1,Quần Jogger Nam Kaki Túi Hộp,Quần,L,Đen,2,350000,05/04/2025
HD00333,99f07ede-2b19-4f58-949e-3c20b4da9416,Nón Snapback Unisex Streetwear,Nón,Free Size,Xám,2,220000,05/04/2025
HD00333,8211c7e6-49da-422e-8c8e-61bf0288e356,Áo Thun Nam Oversize Cực Chất,Áo thun,XL,Đen,1,220000,05/04/2025
HD00334,bb06c357-8eb3-4ffe-a765-1307de4e19eb,Mũ Len Unisex Mùa Đông Ấm Áp,Nón,Free Size,Xám,2,150000,10/05/2025
HD00334,1d9f44d7-0657-47ec-baf9-659b9bfe2f6d,Áo Len Nam Cổ Lọ Ấm Áp,Áo len,L,Đen,2,520000,10/05/2025
HD00334,0f6632d3-5cf7-42d2-9157-f13f0084a634,Áo Khoác Nam Denim Classic,Áo khoác,XL,Xanh,1,550000,10/05/2025
HD00335,bf8bb740-6ff2-40aa-b164-ac144119c781,Giày Tây Nam Derby Lịch Lãm,Giày,42,Xám,1,990000,20/05/2025
HD00335,7a707f6c-7a4b-4392-80c8-475eb6eb4bc8,Quần Tây Nam Lịch Lãm Công Sở,Quần,31,Đen,1,489000,20/05/2025
HD00336,cc14f38d-1c5d-44e4-a577-c2add0a1b47e,Áo Sơ Mi Nữ Linen Kem,Áo sơ mi,L,Be,2,359000,05/01/2025
HD00336,47321475-4386-4cf5-8b77-af01547cd204,Quần Baggy Nữ Hàn Quốc,Quần,M,Đen,2,429000,05/01/2025
HD00337,12c3c23d-b26f-4090-b661-3e330f928a84,Nón Thể Thao Unisex,Nón,Free Size,Trắng,1,160000,23/04/2025
HD00337,4ef3b541-6c86-4287-8090-28809b3559fe,Giày Chạy Bộ Nam Running Sport,Giày,41,Đen,1,790000,23/04/2025
HD00338,591f87ca-ccec-4d04-af4e-fe941c4ee72e,Giày Sneaker Trắng Unisex Streetwear,Giày,40,Trắng,2,650000,22/03/2026
HD00338,c9e6150b-fdf6-4a91-8f2c-d8bab75b9f2b,Hoodie Unisex Local Brand Cực Chất,Áo khoác,M,Nâu,1,399000,22/03/2026
HD00338,b8a6d3f1-ad5c-4c5b-adf9-7e766ed462a5,Nón Bucket Unisex Vải Kaki Trơn,Nón,Free Size,Đen,1,150000,22/03/2026
HD00339,cc14f38d-1c5d-44e4-a577-c2add0a1b47e,Áo Sơ Mi Nữ Linen Kem,Áo sơ mi,S,Be,2,359000,08/04/2025
HD00339,b3d420d4-d451-4c61-bd20-6636b4973e09,Cardigan Nữ Len Dệt Kim Kem,Cardigan,S,Be,2,499000,08/04/2025
HD00339,47321475-4386-4cf5-8b77-af01547cd204,Quần Baggy Nữ Hàn Quốc,Quần,M,Đen,2,429000,08/04/2025
HD00340,565df8e7-d30d-4935-a0a2-bcd5ab5bf4a2,Quần Jeans Nam Slimfit Đen,Quần,32,Đen,1,549000,19/03/2026
HD00340,f79701c0-468d-45ca-a063-f2c32fead22e,Áo Polo Nam Basic,Áo thun,M,Xanh Navy,1,279000,19/03/2026
HD00340,591f87ca-ccec-4d04-af4e-fe941c4ee72e,Giày Sneaker Trắng Unisex Streetwear,Giày,39,Trắng,2,650000,19/03/2026
HD00341,47321475-4386-4cf5-8b77-af01547cd204,Quần Baggy Nữ Hàn Quốc,Quần,M,Đen,2,429000,17/01/2026
HD00341,6b452c2a-fe5a-4690-b45c-b4a40e2c0822,Nón Thể Thao Unisex,Nón,Free Size,Trắng,2,190000,17/01/2026
HD00341,6f18cc28-04f2-411d-8e77-8735933ad66c,Nón Lưỡi Trai Unisex Thêu Chữ,Nón,Free Size,Trắng,1,120000,17/01/2026
HD00341,2840661b-b758-4365-9ddb-51837e109ce7,Áo Thun Nam Local Brand,Áo thun,S,Trắng,1,199000,17/01/2026
HD00342,bf8bb740-6ff2-40aa-b164-ac144119c781,Giày Tây Nam Derby Lịch Lãm,Giày,39,Xám,2,990000,11/04/2025
HD00342,7a707f6c-7a4b-4392-80c8-475eb6eb4bc8,Quần Tây Nam Lịch Lãm Công Sở,Quần,30,Đen,1,489000,11/04/2025
HD00343,86a9c31d-97c5-47fc-b2ce-292729ac16ad,Nón Bucket Unisex Họa Tiết Loang,Nón,Free Size,Đen,2,180000,03/07/2025
HD00343,c36ca838-024f-462b-b202-e125f17c3a90,Áo Body Nữ Tay Dài Ôm Sát,Áo body,S,Đen,1,299000,03/07/2025
HD00344,0f6632d3-5cf7-42d2-9157-f13f0084a634,Áo Khoác Nam Denim Classic,Áo khoác,L,Xanh,2,550000,28/10/2025
HD00344,1d9f44d7-0657-47ec-baf9-659b9bfe2f6d,Áo Len Nam Cổ Lọ Ấm Áp,Áo len,M,Đen,1,520000,28/10/2025
HD00344,72b9161e-e55b-4802-a1c7-d7f33e5ccb0d,Quần Jogger Nam,Quần,XL,Đen,2,320000,28/10/2025
HD00345,e6f18dbb-acb7-46bb-a116-d6111d7b40f8,Quần Jogger Nam Thể Thao Nỉ,Quần,XL,Xám,2,320000,18/08/2025
HD00345,4ef3b541-6c86-4287-8090-28809b3559fe,Giày Chạy Bộ Nam Running Sport,Giày,42,Đen,1,790000,18/08/2025
HD00345,12c3c23d-b26f-4090-b661-3e330f928a84,Nón Thể Thao Unisex,Nón,Free Size,Trắng,2,160000,18/08/2025
HD00345,9339978c-7737-41bc-b043-029aeb186aac,Áo Polo Nam Basic,Áo thun,M,Trắng,1,279000,18/08/2025
HD00346,4ef3b541-6c86-4287-8090-28809b3559fe,Giày Chạy Bộ Nam Running Sport,Giày,41,Đen,2,790000,12/07/2025
HD00346,e6f18dbb-acb7-46bb-a116-d6111d7b40f8,Quần Jogger Nam Thể Thao Nỉ,Quần,L,Xám,2,320000,12/07/2025
HD00346,7a707f6c-7a4b-4392-80c8-475eb6eb4bc8,Quần Tây Nam Lịch Lãm Công Sở,Quần,30,Đen,1,489000,12/07/2025
HD00347,ca7585c8-ddbf-4d1d-a666-37a7b963d906,Balo Unisex Thời Trang Chống Nước,Nón,Free Size,Trắng,2,450000,14/01/2026
HD00347,08f8884f-159a-4ac0-956a-63c1d86d3552,Quần short Nam,Quần,L,Đen,2,189000,14/01/2026
HD00348,b3d420d4-d451-4c61-bd20-6636b4973e09,Cardigan Nữ Len Dệt Kim Kem,Cardigan,S,Be,2,499000,22/03/2025
HD00348,47321475-4386-4cf5-8b77-af01547cd204,Quần Baggy Nữ Hàn Quốc,Quần,L,Đen,1,429000,22/03/2025
HD00349,dda95a07-c578-4e4d-a707-ee9fa4ee14cc,Áo Len Nam Dệt Kim,Áo len,L,Trắng,2,469000,10/02/2026
HD00349,43d6febf-f863-4841-9ca6-94f3edbcb83a,Giày Búp Bê Nữ Da Mềm Mại,Giày,37,Trắng,2,350000,10/02/2026
HD00350,ca7585c8-ddbf-4d1d-a666-37a7b963d906,Balo Unisex Thời Trang Chống Nước,Nón,Free Size,Trắng,2,450000,24/07/2025
HD00350,d15def0c-3a31-492a-ac97-382525c2218a,Áo Sweater Unisex Trơn Basic,Áo khoác,M,Nâu,1,320000,24/07/2025
HD00351,bf8bb740-6ff2-40aa-b164-ac144119c781,Giày Tây Nam Derby Lịch Lãm,Giày,42,Xám,1,990000,16/07/2025
HD00351,7a707f6c-7a4b-4392-80c8-475eb6eb4bc8,Quần Tây Nam Lịch Lãm Công Sở,Quần,32,Đen,2,489000,16/07/2025
HD00351,61017231-ff80-414c-8355-84b4bfd8f3fb,Áo Sơ Mi Nữ Oxford,Áo sơ mi,L,Trắng,1,329000,16/07/2025
HD00352,b8a6d3f1-ad5c-4c5b-adf9-7e766ed462a5,Nón Bucket Unisex Vải Kaki Trơn,Nón,Free Size,Đen,1,150000,30/03/2026
HD00352,591f87ca-ccec-4d04-af4e-fe941c4ee72e,Giày Sneaker Trắng Unisex Streetwear,Giày,40,Trắng,2,650000,30/03/2026
HD00353,db900625-f6c9-41e1-a4eb-2042fcd9496f,Giày Cao Gót Nữ Đế Nhọn Công Sở,Giày,35,Trắng,1,490000,07/01/2025
HD00353,c36ca838-024f-462b-b202-e125f17c3a90,Áo Body Nữ Tay Dài Ôm Sát,Áo body,M,Đen,1,299000,07/01/2025
HD00354,14aa5a7e-58a7-4ee6-91dc-3b3841539483,Áo Thun Nam Graphic Print,Áo thun,L,Xám,1,259000,11/11/2025
HD00354,52f6d247-50fb-43f7-ab47-14cc9380a683,Áo Sơ Mi Nam Cổ Tàu Casual,Áo sơ mi,L,Nâu,2,299000,11/11/2025
HD00354,0d2d0b09-60dc-474a-a0d4-d49689e230b8,Quần Jeans Nữ Ống Rộng Culottes,Quần,M,Kem,2,529000,11/11/2025
HD00354,b518aad8-1fbb-4d46-bc3c-1e531b3b1a8d,Áo Thun Nam Trơn Cổ Tròn,Áo thun,S,Trắng,1,150000,11/11/2025
HD00355,409dbb70-64f9-445d-b146-33a6ba02b819,Váy Nữ Dự Tiệc Trễ Vai Sang Chảnh,Váy,S,Đỏ,2,690000,05/02/2025
HD00355,db900625-f6c9-41e1-a4eb-2042fcd9496f,Giày Cao Gót Nữ Đế Nhọn Công Sở,Giày,36,Trắng,2,490000,05/02/2025
HD00355,c36ca838-024f-462b-b202-e125f17c3a90,Áo Body Nữ Tay Dài Ôm Sát,Áo body,S,Đen,2,299000,05/02/2025
HD00356,e668318e-62fd-4730-9829-e614a2db7729,Blazer Nữ Form Rộng,Blazer,L,Xám,2,850000,18/07/2025
HD00356,6b452c2a-fe5a-4690-b45c-b4a40e2c0822,Nón Thể Thao Unisex,Nón,Free Size,Trắng,1,190000,18/07/2025
HD00357,c1e91e52-aef3-48ee-98d1-ddb905271917,Quần Tây Nữ Công Sở,Quần,L,Đen,1,459000,24/05/2025
HD00357,42027732-03d0-4a71-a42b-eafc03a8cc71,Áo Khoác Blazer Unisex Form Rộng,Blazer,XL,Xám,1,750000,24/05/2025
HD00357,52d573b6-f538-4651-9496-600f187e26cc,Cardigan Nữ Form Rộng Thêu Hoa,Cardigan,M,Nâu,1,480000,24/05/2025
HD00357,3ffeadc2-56cb-4267-a02b-00fc51a7a1b2,Áo Khoác Bomber Unisex Da Lộn,Áo khoác,M,Đen,1,599000,24/05/2025
HD00357,e7a2f4b5-bf3f-47e0-b981-e6142607b6bc,Giày Chunky Sneaker Unisex,Giày,41,Trắng,1,850000,24/05/2025
HD00358,1d9f44d7-0657-47ec-baf9-659b9bfe2f6d,Áo Len Nam Cổ Lọ Ấm Áp,Áo len,L,Đen,2,520000,10/01/2025
HD00358,bb06c357-8eb3-4ffe-a765-1307de4e19eb,Mũ Len Unisex Mùa Đông Ấm Áp,Nón,Free Size,Xám,2,150000,10/01/2025
HD00358,0f6632d3-5cf7-42d2-9157-f13f0084a634,Áo Khoác Nam Denim Classic,Áo khoác,M,Xanh,1,550000,10/01/2025
HD00359,d15def0c-3a31-492a-ac97-382525c2218a,Áo Sweater Unisex Trơn Basic,Áo khoác,M,Nâu,1,320000,30/08/2025
HD00359,ca7585c8-ddbf-4d1d-a666-37a7b963d906,Balo Unisex Thời Trang Chống Nước,Nón,Free Size,Trắng,1,450000,30/08/2025
HD00360,c36ca838-024f-462b-b202-e125f17c3a90,Áo Body Nữ Tay Dài Ôm Sát,Áo body,L,Đen,1,299000,30/04/2025
HD00360,409dbb70-64f9-445d-b146-33a6ba02b819,Váy Nữ Dự Tiệc Trễ Vai Sang Chảnh,Váy,L,Đỏ,1,690000,30/04/2025
HD00361,47321475-4386-4cf5-8b77-af01547cd204,Quần Baggy Nữ Hàn Quốc,Quần,M,Đen,2,429000,30/04/2026
HD00361,b3d420d4-d451-4c61-bd20-6636b4973e09,Cardigan Nữ Len Dệt Kim Kem,Cardigan,M,Be,2,499000,30/04/2026
HD00362,8a7e2af6-1dec-44a6-bf40-5c5c403abe8c,Áo Sơ Mi Nam Vải Oxford Trắng,Áo sơ mi,L,Trắng,2,320000,03/09/2025
HD00362,c9abc8f4-c333-4a02-9fdb-0a7346bdc75f,Váy Nữ Hoa Nhí Dáng A,Váy,L,Hồng,1,390000,03/09/2025
HD00363,c9e6150b-fdf6-4a91-8f2c-d8bab75b9f2b,Hoodie Unisex Local Brand Cực Chất,Áo khoác,L,Nâu,2,399000,01/05/2025
HD00363,b8a6d3f1-ad5c-4c5b-adf9-7e766ed462a5,Nón Bucket Unisex Vải Kaki Trơn,Nón,Free Size,Đen,2,150000,01/05/2025
HD00363,591f87ca-ccec-4d04-af4e-fe941c4ee72e,Giày Sneaker Trắng Unisex Streetwear,Giày,39,Trắng,1,650000,01/05/2025
HD00364,6b452c2a-fe5a-4690-b45c-b4a40e2c0822,Nón Thể Thao Unisex,Nón,Free Size,Trắng,2,190000,04/01/2026
HD00364,220243e7-0f72-4253-9861-6ff08f57a586,Áo Len Nam Form Rộng,Áo len,XL,Xám,2,559000,04/01/2026
HD00364,c36ca838-024f-462b-b202-e125f17c3a90,Áo Body Nữ Tay Dài Ôm Sát,Áo body,M,Đen,1,299000,04/01/2026
HD00365,75973f59-8a40-4d42-b894-5375a84f3374,Áo Khoác Varsity Unisex Streetwear,Áo khoác,XL,Đen Trắng,1,639000,10/06/2025
HD00365,93c3d112-b724-48cb-bee5-b2dcef7f1d55,Áo Khoác Gió Unisex Thể Thao,Áo khoác,M,Đen,1,350000,10/06/2025
HD00365,ca7585c8-ddbf-4d1d-a666-37a7b963d906,Balo Unisex Thời Trang Chống Nước,Nón,Free Size,Trắng,1,450000,10/06/2025
HD00365,d15def0c-3a31-492a-ac97-382525c2218a,Áo Sweater Unisex Trơn Basic,Áo khoác,XL,Nâu,1,320000,10/06/2025
HD00365,dda95a07-c578-4e4d-a707-ee9fa4ee14cc,Áo Len Nam Dệt Kim,Áo len,M,Trắng,1,469000,10/06/2025
HD00366,99f07ede-2b19-4f58-949e-3c20b4da9416,Nón Snapback Unisex Streetwear,Nón,Free Size,Xám,1,220000,03/11/2025
HD00366,8211c7e6-49da-422e-8c8e-61bf0288e356,Áo Thun Nam Oversize Cực Chất,Áo thun,XL,Đen,2,220000,03/11/2025
HD00366,b9070ded-f7bb-4ae7-8384-31f433f188c1,Quần Jogger Nam Kaki Túi Hộp,Quần,M,Đen,2,350000,03/11/2025
HD00366,668c0c46-b451-49fb-a269-45e518a0a645,Quần Jeans Nam Slimfit,Quần,32,Xanh đậm,2,549000,03/11/2025
HD00367,b9070ded-f7bb-4ae7-8384-31f433f188c1,Quần Jogger Nam Kaki Túi Hộp,Quần,M,Đen,2,350000,26/04/2025
HD00367,99f07ede-2b19-4f58-949e-3c20b4da9416,Nón Snapback Unisex Streetwear,Nón,Free Size,Xám,1,220000,26/04/2025
HD00368,43d6febf-f863-4841-9ca6-94f3edbcb83a,Giày Búp Bê Nữ Da Mềm Mại,Giày,36,Trắng,2,350000,04/05/2025
HD00368,2aad4182-f5b2-4e66-a70b-32fe3626ae38,Nón Bucket Basic Unisex,Nón,Free Size,Đen,2,180000,04/05/2025
HD00368,b3d420d4-d451-4c61-bd20-6636b4973e09,Cardigan Nữ Len Dệt Kim Kem,Cardigan,S,Be,1,499000,04/05/2025
HD00369,49f47c17-2a4e-45e3-8c86-564e0b68bf44,Chân Váy Nữ Chữ A Da Lộn,Váy,L,Be,1,299000,09/05/2026
HD00369,5fe8aacd-2167-47c0-925f-693248a365fe,Giày Slip On Unisex,Giày,39,Đen,1,499000,09/05/2026
HD00370,bb06c357-8eb3-4ffe-a765-1307de4e19eb,Mũ Len Unisex Mùa Đông Ấm Áp,Nón,Free Size,Xám,2,150000,09/12/2025
HD00370,0f6632d3-5cf7-42d2-9157-f13f0084a634,Áo Khoác Nam Denim Classic,Áo khoác,M,Xanh,1,550000,09/12/2025
HD00370,72b9161e-e55b-4802-a1c7-d7f33e5ccb0d,Quần Jogger Nam,Quần,M,Xám,2,320000,09/12/2025
HD00371,b3d420d4-d451-4c61-bd20-6636b4973e09,Cardigan Nữ Len Dệt Kim Kem,Cardigan,M,Be,2,499000,15/02/2025
HD00371,47321475-4386-4cf5-8b77-af01547cd204,Quần Baggy Nữ Hàn Quốc,Quần,S,Đen,2,429000,15/02/2025
HD00371,7a1e5705-4b19-42f7-a7ec-504fb2481cc2,Thắt Lưng Da Nam Khóa Tự Động,Nón,Free Size,Đen,2,350000,15/02/2025
HD00372,1d8256e6-c737-4a4c-86b9-b28f0c3112eb,Áo Sơ Mi Nữ Oxford Trắng,Áo sơ mi,M,Trắng,1,329000,12/06/2025
HD00372,2d01e356-ac67-4d6f-83ce-e2c9ad89a55d,Quần Tây Nữ Ống Suông,Quần,S,Đen,2,459000,12/06/2025
HD00373,0f6632d3-5cf7-42d2-9157-f13f0084a634,Áo Khoác Nam Denim Classic,Áo khoác,XL,Xanh,1,550000,27/12/2025
HD00373,bb06c357-8eb3-4ffe-a765-1307de4e19eb,Mũ Len Unisex Mùa Đông Ấm Áp,Nón,Free Size,Xám,1,150000,27/12/2025
HD00374,591f87ca-ccec-4d04-af4e-fe941c4ee72e,Giày Sneaker Trắng Unisex Streetwear,Giày,42,Trắng,2,650000,06/07/2025
HD00374,c9e6150b-fdf6-4a91-8f2c-d8bab75b9f2b,Hoodie Unisex Local Brand Cực Chất,Áo khoác,XL,Nâu,2,399000,06/07/2025
HD00375,7a707f6c-7a4b-4392-80c8-475eb6eb4bc8,Quần Tây Nam Lịch Lãm Công Sở,Quần,33,Đen,2,489000,16/03/2025
HD00375,773638cb-7eea-46c3-8af4-3bce1ecb5dd2,Áo Polo Nam Công Sở Premium,Áo thun,S,Xanh Navy,1,350000,16/03/2025
HD00375,bf8bb740-6ff2-40aa-b164-ac144119c781,Giày Tây Nam Derby Lịch Lãm,Giày,42,Xám,2,990000,16/03/2025
HD00376,c9e6150b-fdf6-4a91-8f2c-d8bab75b9f2b,Hoodie Unisex Local Brand Cực Chất,Áo khoác,M,Nâu,2,399000,03/04/2026
HD00376,2840661b-b758-4365-9ddb-51837e109ce7,Áo Thun Nam Local Brand,Áo thun,M,Xám,2,199000,03/04/2026
HD00376,93c3d112-b724-48cb-bee5-b2dcef7f1d55,Áo Khoác Gió Unisex Thể Thao,Áo khoác,M,Đen,1,350000,03/04/2026
HD00376,b44f5194-d6f8-497b-b568-738d7d09c9e4,Áo Thun Nữ Croptop Cổ Tim,Áo thun,S,Trắng,2,120000,03/04/2026
HD00377,cc14f38d-1c5d-44e4-a577-c2add0a1b47e,Áo Sơ Mi Nữ Linen Kem,Áo sơ mi,M,Be,2,359000,23/07/2025
HD00377,b3d420d4-d451-4c61-bd20-6636b4973e09,Cardigan Nữ Len Dệt Kim Kem,Cardigan,M,Be,1,499000,23/07/2025
HD00378,7cdfc8c2-6d7e-4c07-9981-f669040ff7a9,Áo Khoác Gió Nam Chống Nước,Áo khoác,M,Đen,1,450000,25/05/2025
HD00378,3ffeadc2-56cb-4267-a02b-00fc51a7a1b2,Áo Khoác Bomber Unisex Da Lộn,Áo khoác,XL,Đen,1,599000,25/05/2025
HD00378,1571231f-22cc-4ac1-94b1-c01fcb332ed7,Túi Bao Tử Unisex Chống Nước,Nón,Free Size,Navy,1,220000,25/05/2025
HD00378,2139d828-a4c0-4f2e-90e4-3cfb3420bf70,Bộ Vest Nam Cao Cấp Sang Trọng,Blazer,L,Đen,1,1500000,25/05/2025
HD00379,8211c7e6-49da-422e-8c8e-61bf0288e356,Áo Thun Nam Oversize Cực Chất,Áo thun,M,Đen,1,220000,16/08/2025
HD00379,99f07ede-2b19-4f58-949e-3c20b4da9416,Nón Snapback Unisex Streetwear,Nón,Free Size,Xám,1,220000,16/08/2025
HD00379,b9070ded-f7bb-4ae7-8384-31f433f188c1,Quần Jogger Nam Kaki Túi Hộp,Quần,XL,Đen,2,350000,16/08/2025
HD00380,ca7585c8-ddbf-4d1d-a666-37a7b963d906,Balo Unisex Thời Trang Chống Nước,Nón,Free Size,Trắng,1,450000,02/03/2026
HD00380,d687bdc0-7bd2-4fb3-b157-ef8d3c1b2135,Quần Jogger Unisex Nỉ Basic,Quần,L,Xám,1,280000,02/03/2026
HD00381,bb06c357-8eb3-4ffe-a765-1307de4e19eb,Mũ Len Unisex Mùa Đông Ấm Áp,Nón,Free Size,Xám,2,150000,26/07/2025
HD00381,0f6632d3-5cf7-42d2-9157-f13f0084a634,Áo Khoác Nam Denim Classic,Áo khoác,M,Xanh,2,550000,26/07/2025
HD00381,1d9f44d7-0657-47ec-baf9-659b9bfe2f6d,Áo Len Nam Cổ Lọ Ấm Áp,Áo len,M,Đen,1,520000,26/07/2025
HD00382,d687bdc0-7bd2-4fb3-b157-ef8d3c1b2135,Quần Jogger Unisex Nỉ Basic,Quần,M,Xám,1,280000,13/11/2025
HD00382,d15def0c-3a31-492a-ac97-382525c2218a,Áo Sweater Unisex Trơn Basic,Áo khoác,L,Nâu,2,320000,13/11/2025
HD00382,ca7585c8-ddbf-4d1d-a666-37a7b963d906,Balo Unisex Thời Trang Chống Nước,Nón,Free Size,Trắng,1,450000,13/11/2025
HD00383,12c3c23d-b26f-4090-b661-3e330f928a84,Nón Thể Thao Unisex,Nón,Free Size,Trắng,1,160000,24/09/2025
HD00383,4ef3b541-6c86-4287-8090-28809b3559fe,Giày Chạy Bộ Nam Running Sport,Giày,42,Đen,1,790000,24/09/2025
HD00383,57d427ce-2cb0-4659-b346-22ed27f9bafa,Quần Baggy Nữ,Quần,L,Đen,1,429000,24/09/2025
HD00384,7a707f6c-7a4b-4392-80c8-475eb6eb4bc8,Quần Tây Nam Lịch Lãm Công Sở,Quần,31,Đen,2,489000,18/05/2025
HD00384,773638cb-7eea-46c3-8af4-3bce1ecb5dd2,Áo Polo Nam Công Sở Premium,Áo thun,XXL,Xanh Navy,2,350000,18/05/2025
HD00385,7a1e5705-4b19-42f7-a7ec-504fb2481cc2,Thắt Lưng Da Nam Khóa Tự Động,Nón,Free Size,Đen,2,350000,27/12/2025
HD00385,7cdfc8c2-6d7e-4c07-9981-f669040ff7a9,Áo Khoác Gió Nam Chống Nước,Áo khoác,L,Đen,2,450000,27/12/2025
HD00385,b8a6d3f1-ad5c-4c5b-adf9-7e766ed462a5,Nón Bucket Unisex Vải Kaki Trơn,Nón,Free Size,Đen,1,150000,27/12/2025
HD00385,2aad4182-f5b2-4e66-a70b-32fe3626ae38,Nón Bucket Basic Unisex,Nón,Free Size,Đen,1,180000,27/12/2025
HD00385,5a9e4c10-4d85-4ae9-99d0-4ecdbc69964b,Áo Thun Unisex In Chữ Streetwear,Áo thun,L,Đen,2,189000,27/12/2025
HD00386,1d8256e6-c737-4a4c-86b9-b28f0c3112eb,Áo Sơ Mi Nữ Oxford Trắng,Áo sơ mi,L,Trắng,2,329000,05/06/2025
HD00386,7af62054-cb7c-43d5-8a7a-f6de97b8440d,Blazer Nữ Công Sở Premium,Blazer,L,Trắng,1,820000,05/06/2025
HD00387,b8a6d3f1-ad5c-4c5b-adf9-7e766ed462a5,Nón Bucket Unisex Vải Kaki Trơn,Nón,Free Size,Đen,2,150000,25/03/2026
HD00387,591f87ca-ccec-4d04-af4e-fe941c4ee72e,Giày Sneaker Trắng Unisex Streetwear,Giày,40,Trắng,2,650000,25/03/2026
HD00387,c9e6150b-fdf6-4a91-8f2c-d8bab75b9f2b,Hoodie Unisex Local Brand Cực Chất,Áo khoác,M,Nâu,1,399000,25/03/2026
HD00388,9b3e4d7c-96f1-4236-826e-5f32678a9fc4,Quần Jeans Nam,Quần,30,Đen,1,549000,03/10/2025
HD00388,e7a2f4b5-bf3f-47e0-b981-e6142607b6bc,Giày Chunky Sneaker Unisex,Giày,41,Trắng,1,850000,03/10/2025
HD00389,f79701c0-468d-45ca-a063-f2c32fead22e,Áo Polo Nam Basic,Áo thun,L,Xanh Navy,1,279000,03/08/2025
HD00389,565df8e7-d30d-4935-a0a2-bcd5ab5bf4a2,Quần Jeans Nam Slimfit Đen,Quần,30,Đen,2,549000,03/08/2025
HD00390,0f6632d3-5cf7-42d2-9157-f13f0084a634,Áo Khoác Nam Denim Classic,Áo khoác,XL,Xanh,2,550000,03/09/2025
HD00390,1d9f44d7-0657-47ec-baf9-659b9bfe2f6d,Áo Len Nam Cổ Lọ Ấm Áp,Áo len,XL,Đen,2,520000,03/09/2025
HD00391,47321475-4386-4cf5-8b77-af01547cd204,Quần Baggy Nữ Hàn Quốc,Quần,L,Đen,1,429000,28/02/2026
HD00391,b3d420d4-d451-4c61-bd20-6636b4973e09,Cardigan Nữ Len Dệt Kim Kem,Cardigan,L,Be,2,499000,28/02/2026
HD00391,cc14f38d-1c5d-44e4-a577-c2add0a1b47e,Áo Sơ Mi Nữ Linen Kem,Áo sơ mi,L,Be,1,359000,28/02/2026
HD00392,591f87ca-ccec-4d04-af4e-fe941c4ee72e,Giày Sneaker Trắng Unisex Streetwear,Giày,40,Trắng,1,650000,15/01/2026
HD00392,b8a6d3f1-ad5c-4c5b-adf9-7e766ed462a5,Nón Bucket Unisex Vải Kaki Trơn,Nón,Free Size,Đen,1,150000,15/01/2026
HD00392,c9e6150b-fdf6-4a91-8f2c-d8bab75b9f2b,Hoodie Unisex Local Brand Cực Chất,Áo khoác,M,Nâu,1,399000,15/01/2026
HD00393,2d01e356-ac67-4d6f-83ce-e2c9ad89a55d,Quần Tây Nữ Ống Suông,Quần,S,Đen,1,459000,07/04/2026
HD00393,7af62054-cb7c-43d5-8a7a-f6de97b8440d,Blazer Nữ Công Sở Premium,Blazer,S,Trắng,2,820000,07/04/2026
HD00394,acaeda25-b325-467b-b332-a71ebd9078d8,Áo Khoác Nam Bomber Nhung Tăm,Áo khoác,XL,Đen,1,499000,13/11/2025
HD00394,56edf28b-737a-4e1d-8e76-51796deff112,Nón Lưỡi Trai Unisex Basic Đen,Nón,Free Size,Đen,1,99000,13/11/2025
HD00395,0f6632d3-5cf7-42d2-9157-f13f0084a634,Áo Khoác Nam Denim Classic,Áo khoác,L,Xanh,2,550000,10/05/2025
HD00395,1d9f44d7-0657-47ec-baf9-659b9bfe2f6d,Áo Len Nam Cổ Lọ Ấm Áp,Áo len,L,Đen,1,520000,10/05/2025
HD00395,bb06c357-8eb3-4ffe-a765-1307de4e19eb,Mũ Len Unisex Mùa Đông Ấm Áp,Nón,Free Size,Xám,2,150000,10/05/2025
HD00396,75973f59-8a40-4d42-b894-5375a84f3374,Áo Khoác Varsity Unisex Streetwear,Áo khoác,M,Đen Trắng,1,639000,05/06/2025
HD00396,6f18cc28-04f2-411d-8e77-8735933ad66c,Nón Lưỡi Trai Unisex Thêu Chữ,Nón,Free Size,Trắng,1,120000,05/06/2025
HD00396,90594d6e-3ae8-44bc-be8b-4d8d5d4c89fe,Cardigan Nữ Basic,Cardigan,S,Trắng,2,379000,05/06/2025
HD00397,c9e6150b-fdf6-4a91-8f2c-d8bab75b9f2b,Hoodie Unisex Local Brand Cực Chất,Áo khoác,L,Nâu,1,399000,01/01/2026
HD00397,1d8256e6-c737-4a4c-86b9-b28f0c3112eb,Áo Sơ Mi Nữ Oxford Trắng,Áo sơ mi,M,Trắng,1,329000,01/01/2026
HD00397,7a707f6c-7a4b-4392-80c8-475eb6eb4bc8,Quần Tây Nam Lịch Lãm Công Sở,Quần,33,Đen,1,489000,01/01/2026
HD00398,7a707f6c-7a4b-4392-80c8-475eb6eb4bc8,Quần Tây Nam Lịch Lãm Công Sở,Quần,32,Đen,2,489000,05/02/2025
HD00398,773638cb-7eea-46c3-8af4-3bce1ecb5dd2,Áo Polo Nam Công Sở Premium,Áo thun,XL,Xanh Navy,2,350000,05/02/2025
HD00398,bf8bb740-6ff2-40aa-b164-ac144119c781,Giày Tây Nam Derby Lịch Lãm,Giày,42,Xám,1,990000,05/02/2025
HD00398,12c3c23d-b26f-4090-b661-3e330f928a84,Nón Thể Thao Unisex,Nón,Free Size,Trắng,2,160000,05/02/2025
HD00399,2aad4182-f5b2-4e66-a70b-32fe3626ae38,Nón Bucket Basic Unisex,Nón,Free Size,Đen,1,180000,17/04/2026
HD00399,8a7e2af6-1dec-44a6-bf40-5c5c403abe8c,Áo Sơ Mi Nam Vải Oxford Trắng,Áo sơ mi,L,Trắng,2,320000,17/04/2026
HD00399,61017231-ff80-414c-8355-84b4bfd8f3fb,Áo Sơ Mi Nữ Oxford,Áo sơ mi,L,Trắng,1,329000,17/04/2026
HD00399,93c3d112-b724-48cb-bee5-b2dcef7f1d55,Áo Khoác Gió Unisex Thể Thao,Áo khoác,M,Đen,2,350000,17/04/2026
HD00400,7af62054-cb7c-43d5-8a7a-f6de97b8440d,Blazer Nữ Công Sở Premium,Blazer,S,Trắng,2,820000,28/03/2025
HD00400,2d01e356-ac67-4d6f-83ce-e2c9ad89a55d,Quần Tây Nữ Ống Suông,Quần,M,Đen,2,459000,28/03/2025
HD00400,1d8256e6-c737-4a4c-86b9-b28f0c3112eb,Áo Sơ Mi Nữ Oxford Trắng,Áo sơ mi,L,Trắng,2,329000,28/03/2025
HD00401,47321475-4386-4cf5-8b77-af01547cd204,Quần Baggy Nữ Hàn Quốc,Quần,L,Đen,2,429000,28/08/2025
HD00401,b3d420d4-d451-4c61-bd20-6636b4973e09,Cardigan Nữ Len Dệt Kim Kem,Cardigan,S,Be,2,499000,28/08/2025
HD00401,cc14f38d-1c5d-44e4-a577-c2add0a1b47e,Áo Sơ Mi Nữ Linen Kem,Áo sơ mi,S,Be,1,359000,28/08/2025
HD00401,42027732-03d0-4a71-a42b-eafc03a8cc71,Áo Khoác Blazer Unisex Form Rộng,Blazer,XL,Xám,2,750000,28/08/2025
HD00402,ca7585c8-ddbf-4d1d-a666-37a7b963d906,Balo Unisex Thời Trang Chống Nước,Nón,Free Size,Trắng,2,450000,01/07/2025
HD00402,d687bdc0-7bd2-4fb3-b157-ef8d3c1b2135,Quần Jogger Unisex Nỉ Basic,Quần,L,Xám,1,280000,01/07/2025
HD00403,7a707f6c-7a4b-4392-80c8-475eb6eb4bc8,Quần Tây Nam Lịch Lãm Công Sở,Quần,33,Đen,1,489000,18/07/2025
HD00403,bf8bb740-6ff2-40aa-b164-ac144119c781,Giày Tây Nam Derby Lịch Lãm,Giày,42,Xám,1,990000,18/07/2025
HD00403,773638cb-7eea-46c3-8af4-3bce1ecb5dd2,Áo Polo Nam Công Sở Premium,Áo thun,XXL,Xanh Navy,2,350000,18/07/2025
HD00404,2d01e356-ac67-4d6f-83ce-e2c9ad89a55d,Quần Tây Nữ Ống Suông,Quần,L,Đen,2,459000,03/04/2026
HD00404,7af62054-cb7c-43d5-8a7a-f6de97b8440d,Blazer Nữ Công Sở Premium,Blazer,S,Trắng,2,820000,03/04/2026
HD00404,1d8256e6-c737-4a4c-86b9-b28f0c3112eb,Áo Sơ Mi Nữ Oxford Trắng,Áo sơ mi,M,Trắng,1,329000,03/04/2026
HD00404,b73fb852-1dd9-4829-86c6-c6c6f6ca7b73,Túi Tote Vải Unisex Tiện Lợi,Nón,Free Size,Trắng,2,120000,03/04/2026
HD00405,773638cb-7eea-46c3-8af4-3bce1ecb5dd2,Áo Polo Nam Công Sở Premium,Áo thun,S,Xanh Navy,2,350000,19/01/2026
HD00405,bf8bb740-6ff2-40aa-b164-ac144119c781,Giày Tây Nam Derby Lịch Lãm,Giày,39,Xám,2,990000,19/01/2026
HD00405,7a707f6c-7a4b-4392-80c8-475eb6eb4bc8,Quần Tây Nam Lịch Lãm Công Sở,Quần,31,Đen,1,489000,19/01/2026
HD00406,565df8e7-d30d-4935-a0a2-bcd5ab5bf4a2,Quần Jeans Nam Slimfit Đen,Quần,30,Đen,1,549000,05/05/2026
HD00406,591f87ca-ccec-4d04-af4e-fe941c4ee72e,Giày Sneaker Trắng Unisex Streetwear,Giày,38,Trắng,2,650000,05/05/2026
HD00407,898c5b5f-febc-4b99-837c-f9d94f5e2e07,Váy Nữ Suông Linen Thoải Mái,Váy,M,Xanh,2,420000,06/02/2026
HD00407,4e83e6d5-6bb8-4d62-b032-d8ffc5ee62ef,Quần Jeans Nam Ống Đứng Regular,Quần,32,Xanh đậm,1,529000,06/02/2026
HD00407,e7a2f4b5-bf3f-47e0-b981-e6142607b6bc,Giày Chunky Sneaker Unisex,Giày,41,Trắng,1,850000,06/02/2026
HD00407,1654922e-d123-4e17-9ca0-cdae32820ab6,Vớ Unisex Cotton Cổ Cao Sọc,Nón,Free Size,Trắng,1,49000,06/02/2026
HD00408,23cbc0c9-3f70-46ca-82e3-35767699a754,Giày Slip On Unisex Vải Canvas,Giày,40,Đen,2,399000,01/12/2025
HD00408,2abe7389-f13b-422a-b6f1-a2c95273e319,Sandal Unisex Dây Chéo Học Sinh,Giày,39,Đen,1,250000,01/12/2025
HD00409,f79701c0-468d-45ca-a063-f2c32fead22e,Áo Polo Nam Basic,Áo thun,M,Xanh Navy,1,279000,19/10/2025
HD00409,591f87ca-ccec-4d04-af4e-fe941c4ee72e,Giày Sneaker Trắng Unisex Streetwear,Giày,41,Trắng,2,650000,19/10/2025
HD00410,12c3c23d-b26f-4090-b661-3e330f928a84,Nón Thể Thao Unisex,Nón,Free Size,Trắng,1,160000,28/04/2026
HD00410,4ef3b541-6c86-4287-8090-28809b3559fe,Giày Chạy Bộ Nam Running Sport,Giày,43,Đen,2,790000,28/04/2026
HD00410,710b70de-e346-422e-b35a-a3ce277dacb8,Áo Sơ Mi Nữ Cổ Đức Cách Điệu,Áo sơ mi,S,Trắng,2,310000,28/04/2026
HD00411,f79701c0-468d-45ca-a063-f2c32fead22e,Áo Polo Nam Basic,Áo thun,S,Xanh Navy,2,279000,07/03/2025
HD00411,565df8e7-d30d-4935-a0a2-bcd5ab5bf4a2,Quần Jeans Nam Slimfit Đen,Quần,29,Đen,2,549000,07/03/2025
HD00412,47321475-4386-4cf5-8b77-af01547cd204,Quần Baggy Nữ Hàn Quốc,Quần,S,Đen,2,429000,22/01/2025
HD00412,b3d420d4-d451-4c61-bd20-6636b4973e09,Cardigan Nữ Len Dệt Kim Kem,Cardigan,S,Be,1,499000,22/01/2025
HD00412,23cbc0c9-3f70-46ca-82e3-35767699a754,Giày Slip On Unisex Vải Canvas,Giày,40,Đen,2,399000,22/01/2025
HD00413,591f87ca-ccec-4d04-af4e-fe941c4ee72e,Giày Sneaker Trắng Unisex Streetwear,Giày,40,Trắng,2,650000,23/01/2026
HD00413,f79701c0-468d-45ca-a063-f2c32fead22e,Áo Polo Nam Basic,Áo thun,S,Xanh Navy,1,279000,23/01/2026
HD00414,6d9ff3b3-09bc-4a76-b2f0-891905840fe3,Áo Thun Nữ Form Rộng Giấu Quần,Áo thun,L,Trắng,1,160000,18/10/2025
HD00414,6217de90-58f8-4c3f-99e7-59c09b50f42d,Áo Khoác Nam Denim,Áo khoác,M,Xanh,2,559000,18/10/2025
HD00414,41ba1486-c8ed-42ba-8e21-a7baaaf113a7,Quần Short Nữ,Quần,L,Xanh,1,259000,18/10/2025
HD00414,e09cd3a3-73e0-468b-b718-07db41b1465d,Váy Nữ Hoa Vintage,Váy,M,Hồng,2,450000,18/10/2025
HD00414,1d9f44d7-0657-47ec-baf9-659b9bfe2f6d,Áo Len Nam Cổ Lọ Ấm Áp,Áo len,XL,Đen,1,520000,18/10/2025
HD00415,201e6224-a601-46ee-bead-63759fec2f51,Áo Len Nam Cổ Tròn Cashmere,Áo len,L,Xám,2,650000,06/02/2026
HD00415,43d6febf-f863-4841-9ca6-94f3edbcb83a,Giày Búp Bê Nữ Da Mềm Mại,Giày,37,Trắng,2,350000,06/02/2026
HD00415,d687bdc0-7bd2-4fb3-b157-ef8d3c1b2135,Quần Jogger Unisex Nỉ Basic,Quần,L,Xám,2,280000,06/02/2026
HD00416,23cbc0c9-3f70-46ca-82e3-35767699a754,Giày Slip On Unisex Vải Canvas,Giày,39,Đen,1,399000,25/01/2026
HD00416,81735139-02ec-4da6-aa6b-74780cb71167,Áo Sơ Mi Nữ Voan Lụa Công Sở,Áo sơ mi,M,Trắng,2,380000,25/01/2026
HD00416,9b3e4d7c-96f1-4236-826e-5f32678a9fc4,Quần Jeans Nam,Quần,29,Đen,1,549000,25/01/2026
HD00417,c36ca838-024f-462b-b202-e125f17c3a90,Áo Body Nữ Tay Dài Ôm Sát,Áo body,S,Đen,1,299000,30/03/2026
HD00417,409dbb70-64f9-445d-b146-33a6ba02b819,Váy Nữ Dự Tiệc Trễ Vai Sang Chảnh,Váy,M,Đỏ,1,690000,30/03/2026
HD00417,db900625-f6c9-41e1-a4eb-2042fcd9496f,Giày Cao Gót Nữ Đế Nhọn Công Sở,Giày,39,Trắng,2,490000,30/03/2026
HD00418,1d8256e6-c737-4a4c-86b9-b28f0c3112eb,Áo Sơ Mi Nữ Oxford Trắng,Áo sơ mi,L,Trắng,2,329000,20/01/2025
HD00418,2d01e356-ac67-4d6f-83ce-e2c9ad89a55d,Quần Tây Nữ Ống Suông,Quần,M,Đen,1,459000,20/01/2025
HD00418,7af62054-cb7c-43d5-8a7a-f6de97b8440d,Blazer Nữ Công Sở Premium,Blazer,M,Trắng,1,820000,20/01/2025
HD00419,bb06c357-8eb3-4ffe-a765-1307de4e19eb,Mũ Len Unisex Mùa Đông Ấm Áp,Nón,Free Size,Xám,2,150000,06/06/2025
HD00419,1d9f44d7-0657-47ec-baf9-659b9bfe2f6d,Áo Len Nam Cổ Lọ Ấm Áp,Áo len,L,Đen,2,520000,06/06/2025
HD00419,0f6632d3-5cf7-42d2-9157-f13f0084a634,Áo Khoác Nam Denim Classic,Áo khoác,M,Xanh,2,550000,06/06/2025
HD00420,db900625-f6c9-41e1-a4eb-2042fcd9496f,Giày Cao Gót Nữ Đế Nhọn Công Sở,Giày,39,Trắng,2,490000,02/06/2025
HD00420,409dbb70-64f9-445d-b146-33a6ba02b819,Váy Nữ Dự Tiệc Trễ Vai Sang Chảnh,Váy,M,Đỏ,1,690000,02/06/2025
HD00420,c36ca838-024f-462b-b202-e125f17c3a90,Áo Body Nữ Tay Dài Ôm Sát,Áo body,S,Đen,2,299000,02/06/2025
HD00421,b3d420d4-d451-4c61-bd20-6636b4973e09,Cardigan Nữ Len Dệt Kim Kem,Cardigan,L,Be,2,499000,03/04/2025
HD00421,cc14f38d-1c5d-44e4-a577-c2add0a1b47e,Áo Sơ Mi Nữ Linen Kem,Áo sơ mi,L,Be,1,359000,03/04/2025
HD00422,bf8bb740-6ff2-40aa-b164-ac144119c781,Giày Tây Nam Derby Lịch Lãm,Giày,42,Xám,2,990000,11/05/2026
HD00422,773638cb-7eea-46c3-8af4-3bce1ecb5dd2,Áo Polo Nam Công Sở Premium,Áo thun,L,Xanh Navy,1,350000,11/05/2026
HD00422,7a707f6c-7a4b-4392-80c8-475eb6eb4bc8,Quần Tây Nam Lịch Lãm Công Sở,Quần,33,Đen,1,489000,11/05/2026
HD00423,bb06c357-8eb3-4ffe-a765-1307de4e19eb,Mũ Len Unisex Mùa Đông Ấm Áp,Nón,Free Size,Xám,2,150000,27/09/2025
HD00423,0f6632d3-5cf7-42d2-9157-f13f0084a634,Áo Khoác Nam Denim Classic,Áo khoác,XL,Xanh,1,550000,27/09/2025
HD00423,1d9f44d7-0657-47ec-baf9-659b9bfe2f6d,Áo Len Nam Cổ Lọ Ấm Áp,Áo len,XL,Đen,1,520000,27/09/2025
HD00424,7af62054-cb7c-43d5-8a7a-f6de97b8440d,Blazer Nữ Công Sở Premium,Blazer,M,Trắng,1,820000,08/02/2026
HD00424,1d8256e6-c737-4a4c-86b9-b28f0c3112eb,Áo Sơ Mi Nữ Oxford Trắng,Áo sơ mi,M,Trắng,2,329000,08/02/2026
HD00424,2d01e356-ac67-4d6f-83ce-e2c9ad89a55d,Quần Tây Nữ Ống Suông,Quần,M,Đen,1,459000,08/02/2026
HD00425,01a62d8d-11a8-4f0e-95c8-28324f5438b6,Áo Body Nữ Basic Cổ Lọ,Áo body,L,Trắng,1,269000,27/02/2025
HD00425,42027732-03d0-4a71-a42b-eafc03a8cc71,Áo Khoác Blazer Unisex Form Rộng,Blazer,XL,Xám,1,750000,27/02/2025
HD00426,1d9f44d7-0657-47ec-baf9-659b9bfe2f6d,Áo Len Nam Cổ Lọ Ấm Áp,Áo len,L,Đen,2,520000,10/04/2025
HD00426,bb06c357-8eb3-4ffe-a765-1307de4e19eb,Mũ Len Unisex Mùa Đông Ấm Áp,Nón,Free Size,Xám,2,150000,10/04/2025
HD00426,0f6632d3-5cf7-42d2-9157-f13f0084a634,Áo Khoác Nam Denim Classic,Áo khoác,L,Xanh,1,550000,10/04/2025
HD00427,863bc572-8ddb-47bc-98e0-bff31818a347,Quần Ống Rộng Nữ,Quần,M,Kem,2,399000,13/05/2026
HD00427,8211c7e6-49da-422e-8c8e-61bf0288e356,Áo Thun Nam Oversize Cực Chất,Áo thun,M,Đen,1,220000,13/05/2026
HD00428,c36ca838-024f-462b-b202-e125f17c3a90,Áo Body Nữ Tay Dài Ôm Sát,Áo body,S,Đen,1,299000,19/04/2025
HD00428,409dbb70-64f9-445d-b146-33a6ba02b819,Váy Nữ Dự Tiệc Trễ Vai Sang Chảnh,Váy,M,Đỏ,2,690000,19/04/2025
HD00429,cc14f38d-1c5d-44e4-a577-c2add0a1b47e,Áo Sơ Mi Nữ Linen Kem,Áo sơ mi,S,Be,2,359000,04/06/2025
HD00429,b3d420d4-d451-4c61-bd20-6636b4973e09,Cardigan Nữ Len Dệt Kim Kem,Cardigan,L,Be,1,499000,04/06/2025
HD00430,47321475-4386-4cf5-8b77-af01547cd204,Quần Baggy Nữ Hàn Quốc,Quần,L,Đen,2,429000,07/09/2025
HD00430,cc14f38d-1c5d-44e4-a577-c2add0a1b47e,Áo Sơ Mi Nữ Linen Kem,Áo sơ mi,L,Be,2,359000,07/09/2025
HD00430,b3d420d4-d451-4c61-bd20-6636b4973e09,Cardigan Nữ Len Dệt Kim Kem,Cardigan,S,Be,2,499000,07/09/2025
HD00431,d15def0c-3a31-492a-ac97-382525c2218a,Áo Sweater Unisex Trơn Basic,Áo khoác,M,Nâu,1,320000,04/02/2025
HD00431,d687bdc0-7bd2-4fb3-b157-ef8d3c1b2135,Quần Jogger Unisex Nỉ Basic,Quần,XL,Xám,1,280000,04/02/2025
HD00431,b9070ded-f7bb-4ae7-8384-31f433f188c1,Quần Jogger Nam Kaki Túi Hộp,Quần,L,Đen,2,350000,04/02/2025
HD00432,12c3c23d-b26f-4090-b661-3e330f928a84,Nón Thể Thao Unisex,Nón,Free Size,Trắng,1,160000,08/06/2025
HD00432,4ef3b541-6c86-4287-8090-28809b3559fe,Giày Chạy Bộ Nam Running Sport,Giày,41,Đen,1,790000,08/06/2025
HD00432,e6f18dbb-acb7-46bb-a116-d6111d7b40f8,Quần Jogger Nam Thể Thao Nỉ,Quần,XL,Xám,1,320000,08/06/2025
HD00433,99f07ede-2b19-4f58-949e-3c20b4da9416,Nón Snapback Unisex Streetwear,Nón,Free Size,Xám,1,220000,04/07/2025
HD00433,8211c7e6-49da-422e-8c8e-61bf0288e356,Áo Thun Nam Oversize Cực Chất,Áo thun,XL,Đen,2,220000,04/07/2025
HD00433,b9070ded-f7bb-4ae7-8384-31f433f188c1,Quần Jogger Nam Kaki Túi Hộp,Quần,XL,Đen,1,350000,04/07/2025
HD00434,591f87ca-ccec-4d04-af4e-fe941c4ee72e,Giày Sneaker Trắng Unisex Streetwear,Giày,39,Trắng,1,650000,25/11/2025
HD00434,c9e6150b-fdf6-4a91-8f2c-d8bab75b9f2b,Hoodie Unisex Local Brand Cực Chất,Áo khoác,XL,Nâu,2,399000,25/11/2025
HD00435,2d01e356-ac67-4d6f-83ce-e2c9ad89a55d,Quần Tây Nữ Ống Suông,Quần,S,Đen,1,459000,12/04/2026
HD00435,1d8256e6-c737-4a4c-86b9-b28f0c3112eb,Áo Sơ Mi Nữ Oxford Trắng,Áo sơ mi,S,Trắng,1,329000,12/04/2026
HD00436,409dbb70-64f9-445d-b146-33a6ba02b819,Váy Nữ Dự Tiệc Trễ Vai Sang Chảnh,Váy,M,Đỏ,2,690000,31/03/2026
HD00436,c36ca838-024f-462b-b202-e125f17c3a90,Áo Body Nữ Tay Dài Ôm Sát,Áo body,S,Đen,2,299000,31/03/2026
HD00436,db900625-f6c9-41e1-a4eb-2042fcd9496f,Giày Cao Gót Nữ Đế Nhọn Công Sở,Giày,39,Trắng,2,490000,31/03/2026
HD00437,f79701c0-468d-45ca-a063-f2c32fead22e,Áo Polo Nam Basic,Áo thun,S,Xanh Navy,2,279000,30/05/2025
HD00437,591f87ca-ccec-4d04-af4e-fe941c4ee72e,Giày Sneaker Trắng Unisex Streetwear,Giày,41,Trắng,2,650000,30/05/2025
HD00437,565df8e7-d30d-4935-a0a2-bcd5ab5bf4a2,Quần Jeans Nam Slimfit Đen,Quần,29,Đen,2,549000,30/05/2025
HD00438,565df8e7-d30d-4935-a0a2-bcd5ab5bf4a2,Quần Jeans Nam Slimfit Đen,Quần,31,Đen,1,549000,01/04/2026
HD00438,591f87ca-ccec-4d04-af4e-fe941c4ee72e,Giày Sneaker Trắng Unisex Streetwear,Giày,41,Trắng,2,650000,01/04/2026
HD00438,f79701c0-468d-45ca-a063-f2c32fead22e,Áo Polo Nam Basic,Áo thun,S,Xanh Navy,1,279000,01/04/2026
HD00439,565df8e7-d30d-4935-a0a2-bcd5ab5bf4a2,Quần Jeans Nam Slimfit Đen,Quần,29,Đen,2,549000,19/04/2026
HD00439,f79701c0-468d-45ca-a063-f2c32fead22e,Áo Polo Nam Basic,Áo thun,XL,Xanh Navy,2,279000,19/04/2026
HD00439,591f87ca-ccec-4d04-af4e-fe941c4ee72e,Giày Sneaker Trắng Unisex Streetwear,Giày,41,Trắng,1,650000,19/04/2026
HD00440,fbf0bc5c-dbfc-4b4a-9648-0be35b76943f,Quần Jogger Unisex Kaki Túi Hộp,Quần,M,Đen,1,320000,05/06/2025
HD00440,e668318e-62fd-4730-9829-e614a2db7729,Blazer Nữ Form Rộng,Blazer,L,Xám,1,850000,05/06/2025
HD00440,93efef1b-4c47-4682-af31-84004a28c573,Nón Snapback Unisex,Nón,Free Size,Xám,1,220000,05/06/2025
HD00441,d687bdc0-7bd2-4fb3-b157-ef8d3c1b2135,Quần Jogger Unisex Nỉ Basic,Quần,M,Xám,1,280000,18/01/2026
HD00441,ca7585c8-ddbf-4d1d-a666-37a7b963d906,Balo Unisex Thời Trang Chống Nước,Nón,Free Size,Trắng,1,450000,18/01/2026
HD00442,f79701c0-468d-45ca-a063-f2c32fead22e,Áo Polo Nam Basic,Áo thun,L,Xanh Navy,2,279000,20/09/2025
HD00442,591f87ca-ccec-4d04-af4e-fe941c4ee72e,Giày Sneaker Trắng Unisex Streetwear,Giày,40,Trắng,2,650000,20/09/2025
HD00442,565df8e7-d30d-4935-a0a2-bcd5ab5bf4a2,Quần Jeans Nam Slimfit Đen,Quần,30,Đen,1,549000,20/09/2025
HD00442,cda0d51d-8c0e-423b-a4de-8d22cec903bf,Thắt Lưng Da Nữ Khóa Tròn Cổ Điển,Nón,Free Size,Trắng,2,250000,20/09/2025
HD00443,db900625-f6c9-41e1-a4eb-2042fcd9496f,Giày Cao Gót Nữ Đế Nhọn Công Sở,Giày,38,Trắng,1,490000,06/08/2025
HD00443,409dbb70-64f9-445d-b146-33a6ba02b819,Váy Nữ Dự Tiệc Trễ Vai Sang Chảnh,Váy,L,Đỏ,2,690000,06/08/2025
HD00444,b3d420d4-d451-4c61-bd20-6636b4973e09,Cardigan Nữ Len Dệt Kim Kem,Cardigan,S,Be,2,499000,16/03/2026
HD00444,47321475-4386-4cf5-8b77-af01547cd204,Quần Baggy Nữ Hàn Quốc,Quần,S,Đen,1,429000,16/03/2026
HD00444,cc14f38d-1c5d-44e4-a577-c2add0a1b47e,Áo Sơ Mi Nữ Linen Kem,Áo sơ mi,M,Be,2,359000,16/03/2026
HD00445,99f07ede-2b19-4f58-949e-3c20b4da9416,Nón Snapback Unisex Streetwear,Nón,Free Size,Xám,1,220000,03/05/2026
HD00445,b9070ded-f7bb-4ae7-8384-31f433f188c1,Quần Jogger Nam Kaki Túi Hộp,Quần,L,Đen,1,350000,03/05/2026
HD00446,1d9f44d7-0657-47ec-baf9-659b9bfe2f6d,Áo Len Nam Cổ Lọ Ấm Áp,Áo len,L,Đen,2,520000,23/03/2026
HD00446,bb06c357-8eb3-4ffe-a765-1307de4e19eb,Mũ Len Unisex Mùa Đông Ấm Áp,Nón,Free Size,Xám,1,150000,23/03/2026
HD00447,b8a6d3f1-ad5c-4c5b-adf9-7e766ed462a5,Nón Bucket Unisex Vải Kaki Trơn,Nón,Free Size,Đen,2,150000,24/02/2026
HD00447,591f87ca-ccec-4d04-af4e-fe941c4ee72e,Giày Sneaker Trắng Unisex Streetwear,Giày,40,Trắng,1,650000,24/02/2026
HD00448,c9e6150b-fdf6-4a91-8f2c-d8bab75b9f2b,Hoodie Unisex Local Brand Cực Chất,Áo khoác,L,Nâu,2,399000,01/10/2025
HD00448,591f87ca-ccec-4d04-af4e-fe941c4ee72e,Giày Sneaker Trắng Unisex Streetwear,Giày,40,Trắng,1,650000,01/10/2025
HD00449,565df8e7-d30d-4935-a0a2-bcd5ab5bf4a2,Quần Jeans Nam Slimfit Đen,Quần,30,Đen,2,549000,14/10/2025
HD00449,f79701c0-468d-45ca-a063-f2c32fead22e,Áo Polo Nam Basic,Áo thun,L,Xanh Navy,2,279000,14/10/2025
HD00449,591f87ca-ccec-4d04-af4e-fe941c4ee72e,Giày Sneaker Trắng Unisex Streetwear,Giày,39,Trắng,1,650000,14/10/2025
HD00450,db900625-f6c9-41e1-a4eb-2042fcd9496f,Giày Cao Gót Nữ Đế Nhọn Công Sở,Giày,38,Trắng,1,490000,19/08/2025
HD00450,409dbb70-64f9-445d-b146-33a6ba02b819,Váy Nữ Dự Tiệc Trễ Vai Sang Chảnh,Váy,S,Đỏ,2,690000,19/08/2025
HD00450,c36ca838-024f-462b-b202-e125f17c3a90,Áo Body Nữ Tay Dài Ôm Sát,Áo body,S,Đen,1,299000,19/08/2025
HD00451,8a7e2af6-1dec-44a6-bf40-5c5c403abe8c,Áo Sơ Mi Nam Vải Oxford Trắng,Áo sơ mi,M,Trắng,1,320000,25/07/2025
HD00451,b44f5194-d6f8-497b-b568-738d7d09c9e4,Áo Thun Nữ Croptop Cổ Tim,Áo thun,M,Trắng,2,120000,25/07/2025
HD00452,90594d6e-3ae8-44bc-be8b-4d8d5d4c89fe,Cardigan Nữ Basic,Cardigan,L,Trắng,1,379000,31/01/2025
HD00452,f44172da-7e3c-467e-8c19-187fcb7ae23a,Áo Hoodie Unisex Zip Tiện Lợi,Áo khoác,L,Đen,1,420000,31/01/2025
HD00452,d756eba2-7d66-4274-b91e-a18e6827f867,Giày Boot Da Nam Chelsea Lịch Lãm,Giày,40,Xám,2,1100000,31/01/2025
HD00453,99f07ede-2b19-4f58-949e-3c20b4da9416,Nón Snapback Unisex Streetwear,Nón,Free Size,Xám,1,220000,03/01/2025
HD00453,b9070ded-f7bb-4ae7-8384-31f433f188c1,Quần Jogger Nam Kaki Túi Hộp,Quần,XL,Đen,1,350000,03/01/2025
HD00454,6f18cc28-04f2-411d-8e77-8735933ad66c,Nón Lưỡi Trai Unisex Thêu Chữ,Nón,Free Size,Trắng,2,120000,30/03/2026
HD00454,740d378a-17ab-4db0-aa7b-961840cb0ad8,Blazer Nữ Premium,Blazer,XL,Đen,1,990000,30/03/2026
HD00454,4b45ae2f-6d60-448a-85ad-61b9796446ed,Áo Thun Tay Lỡ Unisex Form Rộng,Áo thun,XL,Trắng,2,199000,30/03/2026
HD00454,ac85d49f-37a3-47d2-9850-04adc3abecfb,Mắt Kính Unisex Chống Tia UV,Nón,Free Size,Đen,1,290000,30/03/2026
HD00455,b9070ded-f7bb-4ae7-8384-31f433f188c1,Quần Jogger Nam Kaki Túi Hộp,Quần,L,Đen,2,350000,14/01/2025
HD00455,8211c7e6-49da-422e-8c8e-61bf0288e356,Áo Thun Nam Oversize Cực Chất,Áo thun,XL,Đen,1,220000,14/01/2025
HD00456,d687bdc0-7bd2-4fb3-b157-ef8d3c1b2135,Quần Jogger Unisex Nỉ Basic,Quần,XL,Xám,1,280000,08/05/2026
HD00456,d15def0c-3a31-492a-ac97-382525c2218a,Áo Sweater Unisex Trơn Basic,Áo khoác,XL,Nâu,1,320000,08/05/2026
HD00457,bb06c357-8eb3-4ffe-a765-1307de4e19eb,Mũ Len Unisex Mùa Đông Ấm Áp,Nón,Free Size,Xám,2,150000,14/05/2025
HD00457,1d9f44d7-0657-47ec-baf9-659b9bfe2f6d,Áo Len Nam Cổ Lọ Ấm Áp,Áo len,L,Đen,1,520000,14/05/2025
HD00458,1d8256e6-c737-4a4c-86b9-b28f0c3112eb,Áo Sơ Mi Nữ Oxford Trắng,Áo sơ mi,M,Trắng,1,329000,20/01/2026
HD00458,7af62054-cb7c-43d5-8a7a-f6de97b8440d,Blazer Nữ Công Sở Premium,Blazer,L,Trắng,1,820000,20/01/2026
HD00458,85f5b187-a705-4316-b553-16ca69de626b,Áo len phong cách cho nam,Áo len,S,Đen,2,789000,20/01/2026
HD00459,b9070ded-f7bb-4ae7-8384-31f433f188c1,Quần Jogger Nam Kaki Túi Hộp,Quần,L,Đen,2,350000,05/01/2026
HD00459,99f07ede-2b19-4f58-949e-3c20b4da9416,Nón Snapback Unisex Streetwear,Nón,Free Size,Xám,2,220000,05/01/2026
HD00459,8211c7e6-49da-422e-8c8e-61bf0288e356,Áo Thun Nam Oversize Cực Chất,Áo thun,M,Đen,1,220000,05/01/2026
HD00460,b3d420d4-d451-4c61-bd20-6636b4973e09,Cardigan Nữ Len Dệt Kim Kem,Cardigan,M,Be,1,499000,17/04/2026
HD00460,cc14f38d-1c5d-44e4-a577-c2add0a1b47e,Áo Sơ Mi Nữ Linen Kem,Áo sơ mi,L,Be,2,359000,17/04/2026
HD00460,47321475-4386-4cf5-8b77-af01547cd204,Quần Baggy Nữ Hàn Quốc,Quần,XL,Đen,1,429000,17/04/2026
HD00461,1d9f44d7-0657-47ec-baf9-659b9bfe2f6d,Áo Len Nam Cổ Lọ Ấm Áp,Áo len,XL,Đen,1,520000,15/07/2025
HD00461,bb06c357-8eb3-4ffe-a765-1307de4e19eb,Mũ Len Unisex Mùa Đông Ấm Áp,Nón,Free Size,Xám,2,150000,15/07/2025
HD00462,591f87ca-ccec-4d04-af4e-fe941c4ee72e,Giày Sneaker Trắng Unisex Streetwear,Giày,39,Trắng,1,650000,10/08/2025
HD00462,c9e6150b-fdf6-4a91-8f2c-d8bab75b9f2b,Hoodie Unisex Local Brand Cực Chất,Áo khoác,M,Nâu,1,399000,10/08/2025
HD00462,b8a6d3f1-ad5c-4c5b-adf9-7e766ed462a5,Nón Bucket Unisex Vải Kaki Trơn,Nón,Free Size,Đen,1,150000,10/08/2025
HD00462,00cd794a-d248-4ee5-82bc-6f47e4552024,Giày Thể Thao Unisex Chunky,Giày,39,Trắng,1,850000,10/08/2025
HD00463,ca7585c8-ddbf-4d1d-a666-37a7b963d906,Balo Unisex Thời Trang Chống Nước,Nón,Free Size,Trắng,1,450000,27/11/2025
HD00463,d15def0c-3a31-492a-ac97-382525c2218a,Áo Sweater Unisex Trơn Basic,Áo khoác,XL,Nâu,2,320000,27/11/2025
HD00463,d687bdc0-7bd2-4fb3-b157-ef8d3c1b2135,Quần Jogger Unisex Nỉ Basic,Quần,L,Xám,2,280000,27/11/2025
HD00464,c9e6150b-fdf6-4a91-8f2c-d8bab75b9f2b,Hoodie Unisex Local Brand Cực Chất,Áo khoác,XL,Nâu,2,399000,21/03/2026
HD00464,591f87ca-ccec-4d04-af4e-fe941c4ee72e,Giày Sneaker Trắng Unisex Streetwear,Giày,38,Trắng,2,650000,21/03/2026
HD00464,b8a6d3f1-ad5c-4c5b-adf9-7e766ed462a5,Nón Bucket Unisex Vải Kaki Trơn,Nón,Free Size,Đen,2,150000,21/03/2026
HD00465,b9070ded-f7bb-4ae7-8384-31f433f188c1,Quần Jogger Nam Kaki Túi Hộp,Quần,M,Đen,1,350000,17/04/2026
HD00465,8211c7e6-49da-422e-8c8e-61bf0288e356,Áo Thun Nam Oversize Cực Chất,Áo thun,L,Đen,1,220000,17/04/2026
HD00465,99f07ede-2b19-4f58-949e-3c20b4da9416,Nón Snapback Unisex Streetwear,Nón,Free Size,Xám,1,220000,17/04/2026
HD00466,1654922e-d123-4e17-9ca0-cdae32820ab6,Vớ Unisex Cotton Cổ Cao Sọc,Nón,Free Size,Trắng,1,49000,04/07/2025
HD00466,e5f19f93-1057-4ec4-880f-a16e5fbcb39c,Váy Tennis Nữ Xếp Ly Trắng,Váy,M,Trắng,1,280000,04/07/2025
HD00466,0d2d0b09-60dc-474a-a0d4-d49689e230b8,Quần Jeans Nữ Ống Rộng Culottes,Quần,L,Kem,2,529000,04/07/2025
HD00467,1d8256e6-c737-4a4c-86b9-b28f0c3112eb,Áo Sơ Mi Nữ Oxford Trắng,Áo sơ mi,M,Trắng,2,329000,17/07/2025
HD00467,7af62054-cb7c-43d5-8a7a-f6de97b8440d,Blazer Nữ Công Sở Premium,Blazer,M,Trắng,1,820000,17/07/2025
HD00468,c90322dd-72a9-41d6-bbd0-c581d78ab911,Giày Sneaker Trắng Unisex,Giày,41,Trắng,1,650000,20/03/2026
HD00468,2139d828-a4c0-4f2e-90e4-3cfb3420bf70,Bộ Vest Nam Cao Cấp Sang Trọng,Blazer,XL,Đen,1,1500000,20/03/2026
HD00468,591f87ca-ccec-4d04-af4e-fe941c4ee72e,Giày Sneaker Trắng Unisex Streetwear,Giày,39,Trắng,1,650000,20/03/2026
HD00469,cc14f38d-1c5d-44e4-a577-c2add0a1b47e,Áo Sơ Mi Nữ Linen Kem,Áo sơ mi,L,Be,1,359000,16/07/2025
HD00469,b3d420d4-d451-4c61-bd20-6636b4973e09,Cardigan Nữ Len Dệt Kim Kem,Cardigan,L,Be,2,499000,16/07/2025
HD00470,4ef3b541-6c86-4287-8090-28809b3559fe,Giày Chạy Bộ Nam Running Sport,Giày,42,Đen,1,790000,05/01/2026
HD00470,12c3c23d-b26f-4090-b661-3e330f928a84,Nón Thể Thao Unisex,Nón,Free Size,Trắng,2,160000,05/01/2026
HD00470,5aee6bb0-ffad-4321-976e-a7a74709d94d,Dép Unisex Quai Ngang Êm Chân,Giày,41,Đen,2,150000,05/01/2026
HD00471,1d9f44d7-0657-47ec-baf9-659b9bfe2f6d,Áo Len Nam Cổ Lọ Ấm Áp,Áo len,M,Đen,1,520000,25/02/2025
HD00471,0f6632d3-5cf7-42d2-9157-f13f0084a634,Áo Khoác Nam Denim Classic,Áo khoác,L,Xanh,2,550000,25/02/2025
HD00471,7a29452a-b709-4fb1-8dd9-a5d8e53fa194,Váy Nữ Dài,Váy,S,Be,2,459000,25/02/2025
HD00472,6b452c2a-fe5a-4690-b45c-b4a40e2c0822,Nón Thể Thao Unisex,Nón,Free Size,Trắng,2,190000,09/10/2025
HD00472,668c0c46-b451-49fb-a269-45e518a0a645,Quần Jeans Nam Slimfit,Quần,32,Xanh đậm,1,549000,09/10/2025
HD00473,7af62054-cb7c-43d5-8a7a-f6de97b8440d,Blazer Nữ Công Sở Premium,Blazer,S,Trắng,1,820000,12/02/2025
HD00473,2d01e356-ac67-4d6f-83ce-e2c9ad89a55d,Quần Tây Nữ Ống Suông,Quần,L,Đen,1,459000,12/02/2025
HD00473,1d8256e6-c737-4a4c-86b9-b28f0c3112eb,Áo Sơ Mi Nữ Oxford Trắng,Áo sơ mi,M,Trắng,2,329000,12/02/2025
HD00474,591f87ca-ccec-4d04-af4e-fe941c4ee72e,Giày Sneaker Trắng Unisex Streetwear,Giày,39,Trắng,1,650000,17/01/2026
HD00474,565df8e7-d30d-4935-a0a2-bcd5ab5bf4a2,Quần Jeans Nam Slimfit Đen,Quần,31,Đen,1,549000,17/01/2026
HD00474,46605dff-a9ed-41df-a46a-88d80a783e20,Nón Lưỡi Trai Cao Cấp Unisex,Nón,Free Size,Navy,2,250000,17/01/2026
HD00475,565df8e7-d30d-4935-a0a2-bcd5ab5bf4a2,Quần Jeans Nam Slimfit Đen,Quần,30,Đen,2,549000,15/02/2025
HD00475,f79701c0-468d-45ca-a063-f2c32fead22e,Áo Polo Nam Basic,Áo thun,L,Xanh Navy,2,279000,15/02/2025
HD00475,591f87ca-ccec-4d04-af4e-fe941c4ee72e,Giày Sneaker Trắng Unisex Streetwear,Giày,38,Trắng,1,650000,15/02/2025
HD00476,cc14f38d-1c5d-44e4-a577-c2add0a1b47e,Áo Sơ Mi Nữ Linen Kem,Áo sơ mi,S,Be,1,359000,23/01/2026
HD00476,b3d420d4-d451-4c61-bd20-6636b4973e09,Cardigan Nữ Len Dệt Kim Kem,Cardigan,M,Be,2,499000,23/01/2026
HD00476,47321475-4386-4cf5-8b77-af01547cd204,Quần Baggy Nữ Hàn Quốc,Quần,XL,Đen,1,429000,23/01/2026
HD00477,599c0d70-ee05-4d99-a987-47c5d24f9546,Áo Sweater Unisex In Hình Cá Tính,Áo khoác,L,Xám,1,350000,15/12/2025
HD00477,2840661b-b758-4365-9ddb-51837e109ce7,Áo Thun Nam Local Brand,Áo thun,S,Xám,2,199000,15/12/2025
HD00477,14aa5a7e-58a7-4ee6-91dc-3b3841539483,Áo Thun Nam Graphic Print,Áo thun,M,Xám,1,259000,15/12/2025
HD00477,f79701c0-468d-45ca-a063-f2c32fead22e,Áo Polo Nam Basic,Áo thun,L,Xanh Navy,1,279000,15/12/2025
HD00477,872f179f-f0d5-4bcd-a90e-d10870eac50d,Giày Boot Da Nữ Cổ Cao Cá Tính,Giày,38,Trắng,2,890000,15/12/2025
HD00478,b8a6d3f1-ad5c-4c5b-adf9-7e766ed462a5,Nón Bucket Unisex Vải Kaki Trơn,Nón,Free Size,Đen,1,150000,23/02/2026
HD00478,c9e6150b-fdf6-4a91-8f2c-d8bab75b9f2b,Hoodie Unisex Local Brand Cực Chất,Áo khoác,XL,Nâu,2,399000,23/02/2026
HD00478,ac85d49f-37a3-47d2-9850-04adc3abecfb,Mắt Kính Unisex Chống Tia UV,Nón,Free Size,Đen,1,290000,23/02/2026
HD00479,c36ca838-024f-462b-b202-e125f17c3a90,Áo Body Nữ Tay Dài Ôm Sát,Áo body,M,Đen,2,299000,30/01/2026
HD00479,409dbb70-64f9-445d-b146-33a6ba02b819,Váy Nữ Dự Tiệc Trễ Vai Sang Chảnh,Váy,L,Đỏ,1,690000,30/01/2026
HD00479,db900625-f6c9-41e1-a4eb-2042fcd9496f,Giày Cao Gót Nữ Đế Nhọn Công Sở,Giày,38,Trắng,2,490000,30/01/2026
HD00480,d687bdc0-7bd2-4fb3-b157-ef8d3c1b2135,Quần Jogger Unisex Nỉ Basic,Quần,L,Xám,2,280000,13/01/2025
HD00480,d15def0c-3a31-492a-ac97-382525c2218a,Áo Sweater Unisex Trơn Basic,Áo khoác,M,Nâu,2,320000,13/01/2025
HD00480,b9070ded-f7bb-4ae7-8384-31f433f188c1,Quần Jogger Nam Kaki Túi Hộp,Quần,L,Đen,2,350000,13/01/2025
HD00481,3dbb0578-dc6f-4fc7-b609-b0fec9796c29,Áo Thun Unisex Loang Màu Tiedye,Áo thun,XL,Đen,2,210000,09/06/2025
HD00481,2840661b-b758-4365-9ddb-51837e109ce7,Áo Thun Nam Local Brand,Áo thun,S,Xám,1,199000,09/06/2025
HD00481,e09cd3a3-73e0-468b-b718-07db41b1465d,Váy Nữ Hoa Vintage,Váy,L,Hồng,1,450000,09/06/2025
HD00482,f79701c0-468d-45ca-a063-f2c32fead22e,Áo Polo Nam Basic,Áo thun,M,Xanh Navy,1,279000,09/03/2025
HD00482,565df8e7-d30d-4935-a0a2-bcd5ab5bf4a2,Quần Jeans Nam Slimfit Đen,Quần,32,Đen,2,549000,09/03/2025
HD00483,d687bdc0-7bd2-4fb3-b157-ef8d3c1b2135,Quần Jogger Unisex Nỉ Basic,Quần,M,Xám,2,280000,27/12/2025
HD00483,d15def0c-3a31-492a-ac97-382525c2218a,Áo Sweater Unisex Trơn Basic,Áo khoác,XL,Nâu,2,320000,27/12/2025
HD00483,a7c450bf-193d-4223-b178-523acdd5ce71,Quần Kaki Nam Dáng Suông,Quần,32,Kem,1,389000,27/12/2025
HD00484,d687bdc0-7bd2-4fb3-b157-ef8d3c1b2135,Quần Jogger Unisex Nỉ Basic,Quần,L,Xám,1,280000,29/10/2025
HD00484,d15def0c-3a31-492a-ac97-382525c2218a,Áo Sweater Unisex Trơn Basic,Áo khoác,M,Nâu,1,320000,29/10/2025
HD00484,ca7585c8-ddbf-4d1d-a666-37a7b963d906,Balo Unisex Thời Trang Chống Nước,Nón,Free Size,Trắng,1,450000,29/10/2025
HD00485,99f07ede-2b19-4f58-949e-3c20b4da9416,Nón Snapback Unisex Streetwear,Nón,Free Size,Xám,1,220000,17/09/2025
HD00485,b9070ded-f7bb-4ae7-8384-31f433f188c1,Quần Jogger Nam Kaki Túi Hộp,Quần,M,Đen,1,350000,17/09/2025
HD00485,52d573b6-f538-4651-9496-600f187e26cc,Cardigan Nữ Form Rộng Thêu Hoa,Cardigan,M,Nâu,1,480000,17/09/2025
HD00486,db900625-f6c9-41e1-a4eb-2042fcd9496f,Giày Cao Gót Nữ Đế Nhọn Công Sở,Giày,39,Trắng,1,490000,03/05/2026
HD00486,c36ca838-024f-462b-b202-e125f17c3a90,Áo Body Nữ Tay Dài Ôm Sát,Áo body,L,Đen,2,299000,03/05/2026
HD00486,409dbb70-64f9-445d-b146-33a6ba02b819,Váy Nữ Dự Tiệc Trễ Vai Sang Chảnh,Váy,S,Đỏ,1,690000,03/05/2026
HD00487,8211c7e6-49da-422e-8c8e-61bf0288e356,Áo Thun Nam Oversize Cực Chất,Áo thun,L,Đen,1,220000,23/01/2025
HD00487,99f07ede-2b19-4f58-949e-3c20b4da9416,Nón Snapback Unisex Streetwear,Nón,Free Size,Xám,1,220000,23/01/2025
HD00487,3519fffb-6ea3-4fe0-947e-6d8b8e470b7a,Váy Nữ Maxi Đi Biển Dịu Dàng,Váy,S,Be,2,550000,23/01/2025
HD00488,020a480f-a235-4103-9eaf-f34d0cff36ed,Quần Jeans Nữ Skinny,Quần,M,Xanh,1,489000,21/01/2025
HD00488,bca6a5e3-a504-49ff-8fe8-bf5c131d57e5,Áo Sơ Mi Nam Kẻ Sọc Công Sở,Áo sơ mi,L,Xanh,1,330000,21/01/2025
HD00488,fb99d5a6-90f1-4a0e-931d-e0f87e9f92e9,Áo Body Nữ Basic,Áo body,L,Trắng,1,269000,21/01/2025
HD00489,7af62054-cb7c-43d5-8a7a-f6de97b8440d,Blazer Nữ Công Sở Premium,Blazer,L,Trắng,2,820000,01/05/2026
HD00489,2d01e356-ac67-4d6f-83ce-e2c9ad89a55d,Quần Tây Nữ Ống Suông,Quần,L,Đen,1,459000,01/05/2026
HD00490,ca7585c8-ddbf-4d1d-a666-37a7b963d906,Balo Unisex Thời Trang Chống Nước,Nón,Free Size,Trắng,2,450000,23/09/2025
HD00490,d15def0c-3a31-492a-ac97-382525c2218a,Áo Sweater Unisex Trơn Basic,Áo khoác,L,Nâu,2,320000,23/09/2025
HD00490,d687bdc0-7bd2-4fb3-b157-ef8d3c1b2135,Quần Jogger Unisex Nỉ Basic,Quần,L,Xám,2,280000,23/09/2025
HD00491,99f07ede-2b19-4f58-949e-3c20b4da9416,Nón Snapback Unisex Streetwear,Nón,Free Size,Xám,2,220000,11/04/2026
HD00491,b9070ded-f7bb-4ae7-8384-31f433f188c1,Quần Jogger Nam Kaki Túi Hộp,Quần,L,Đen,1,350000,11/04/2026
HD00491,8211c7e6-49da-422e-8c8e-61bf0288e356,Áo Thun Nam Oversize Cực Chất,Áo thun,M,Đen,1,220000,11/04/2026
HD00492,c36ca838-024f-462b-b202-e125f17c3a90,Áo Body Nữ Tay Dài Ôm Sát,Áo body,M,Đen,2,299000,08/03/2025
HD00492,db900625-f6c9-41e1-a4eb-2042fcd9496f,Giày Cao Gót Nữ Đế Nhọn Công Sở,Giày,37,Trắng,1,490000,08/03/2025
HD00492,409dbb70-64f9-445d-b146-33a6ba02b819,Váy Nữ Dự Tiệc Trễ Vai Sang Chảnh,Váy,M,Đỏ,1,690000,08/03/2025
HD00492,626b4040-d17f-4bae-a99a-a9bd43b0140b,Áo Len Nam Cổ Lọ,Áo len,M,Đen,1,520000,08/03/2025
HD00493,b9070ded-f7bb-4ae7-8384-31f433f188c1,Quần Jogger Nam Kaki Túi Hộp,Quần,L,Đen,1,350000,21/02/2026
HD00493,8211c7e6-49da-422e-8c8e-61bf0288e356,Áo Thun Nam Oversize Cực Chất,Áo thun,L,Đen,1,220000,21/02/2026
HD00493,99f07ede-2b19-4f58-949e-3c20b4da9416,Nón Snapback Unisex Streetwear,Nón,Free Size,Xám,1,220000,21/02/2026
HD00494,c9e6150b-fdf6-4a91-8f2c-d8bab75b9f2b,Hoodie Unisex Local Brand Cực Chất,Áo khoác,XL,Nâu,2,399000,04/12/2025
HD00494,b8a6d3f1-ad5c-4c5b-adf9-7e766ed462a5,Nón Bucket Unisex Vải Kaki Trơn,Nón,Free Size,Đen,1,150000,04/12/2025
HD00494,1d99fb01-0c7c-4f56-86b7-e573663b11e2,Áo Thun Nam Oversize Streetwear,Áo thun,L,Đen,1,239000,04/12/2025
HD00495,99f07ede-2b19-4f58-949e-3c20b4da9416,Nón Snapback Unisex Streetwear,Nón,Free Size,Xám,1,220000,08/11/2025
HD00495,b9070ded-f7bb-4ae7-8384-31f433f188c1,Quần Jogger Nam Kaki Túi Hộp,Quần,L,Đen,2,350000,08/11/2025
HD00496,4ef3b541-6c86-4287-8090-28809b3559fe,Giày Chạy Bộ Nam Running Sport,Giày,43,Đen,2,790000,17/03/2025
HD00496,e6f18dbb-acb7-46bb-a116-d6111d7b40f8,Quần Jogger Nam Thể Thao Nỉ,Quần,XL,Xám,2,320000,17/03/2025
HD00496,12c3c23d-b26f-4090-b661-3e330f928a84,Nón Thể Thao Unisex,Nón,Free Size,Trắng,2,160000,17/03/2025
HD00497,47321475-4386-4cf5-8b77-af01547cd204,Quần Baggy Nữ Hàn Quốc,Quần,M,Đen,2,429000,13/01/2026
HD00497,cc14f38d-1c5d-44e4-a577-c2add0a1b47e,Áo Sơ Mi Nữ Linen Kem,Áo sơ mi,L,Be,2,359000,13/01/2026
HD00497,86a9c31d-97c5-47fc-b2ce-292729ac16ad,Nón Bucket Unisex Họa Tiết Loang,Nón,Free Size,Đen,1,180000,13/01/2026
HD00498,b8a6d3f1-ad5c-4c5b-adf9-7e766ed462a5,Nón Bucket Unisex Vải Kaki Trơn,Nón,Free Size,Đen,1,150000,29/01/2025
HD00498,591f87ca-ccec-4d04-af4e-fe941c4ee72e,Giày Sneaker Trắng Unisex Streetwear,Giày,42,Trắng,2,650000,29/01/2025
HD00498,c9e6150b-fdf6-4a91-8f2c-d8bab75b9f2b,Hoodie Unisex Local Brand Cực Chất,Áo khoác,M,Nâu,2,399000,29/01/2025
HD00499,e6f18dbb-acb7-46bb-a116-d6111d7b40f8,Quần Jogger Nam Thể Thao Nỉ,Quần,L,Xám,2,320000,18/03/2025
HD00499,4ef3b541-6c86-4287-8090-28809b3559fe,Giày Chạy Bộ Nam Running Sport,Giày,42,Đen,1,790000,18/03/2025
HD00499,12c3c23d-b26f-4090-b661-3e330f928a84,Nón Thể Thao Unisex,Nón,Free Size,Trắng,2,160000,18/03/2025
HD00500,8211c7e6-49da-422e-8c8e-61bf0288e356,Áo Thun Nam Oversize Cực Chất,Áo thun,M,Đen,1,220000,06/03/2026
HD00500,b9070ded-f7bb-4ae7-8384-31f433f188c1,Quần Jogger Nam Kaki Túi Hộp,Quần,XL,Đen,1,350000,06/03/2026
HD00501,12c3c23d-b26f-4090-b661-3e330f928a84,Nón Thể Thao Unisex,Nón,Free Size,Trắng,2,160000,21/02/2026
HD00501,e6f18dbb-acb7-46bb-a116-d6111d7b40f8,Quần Jogger Nam Thể Thao Nỉ,Quần,L,Xám,1,320000,21/02/2026
HD00501,4ef3b541-6c86-4287-8090-28809b3559fe,Giày Chạy Bộ Nam Running Sport,Giày,40,Đen,2,790000,21/02/2026
HD00502,7af62054-cb7c-43d5-8a7a-f6de97b8440d,Blazer Nữ Công Sở Premium,Blazer,L,Trắng,1,820000,26/08/2025
HD00502,2d01e356-ac67-4d6f-83ce-e2c9ad89a55d,Quần Tây Nữ Ống Suông,Quần,M,Đen,1,459000,26/08/2025
HD00502,1d8256e6-c737-4a4c-86b9-b28f0c3112eb,Áo Sơ Mi Nữ Oxford Trắng,Áo sơ mi,L,Trắng,1,329000,26/08/2025
HD00503,1d8256e6-c737-4a4c-86b9-b28f0c3112eb,Áo Sơ Mi Nữ Oxford Trắng,Áo sơ mi,S,Trắng,2,329000,25/02/2026
HD00503,2d01e356-ac67-4d6f-83ce-e2c9ad89a55d,Quần Tây Nữ Ống Suông,Quần,L,Đen,1,459000,25/02/2026
HD00503,7af62054-cb7c-43d5-8a7a-f6de97b8440d,Blazer Nữ Công Sở Premium,Blazer,L,Trắng,2,820000,25/02/2026
HD00503,0e0448a2-c2bd-4e80-b627-8787750e4656,Áo Sơ Mi Nam Caro,Áo sơ mi,M,Đỏ,2,299000,25/02/2026
HD00504,b3d420d4-d451-4c61-bd20-6636b4973e09,Cardigan Nữ Len Dệt Kim Kem,Cardigan,L,Be,1,499000,11/12/2025
HD00504,306ab081-eb9c-4df5-8b30-1f55f1daa354,Quần Kaki Nam Short Casual,Quần,L,Đen,2,249000,11/12/2025
HD00504,256a70eb-d06d-417a-bf57-9b60da0305c5,Giày Thể Thao Nam,Giày,41,Xám,2,720000,11/12/2025
HD00504,a7c450bf-193d-4223-b178-523acdd5ce71,Quần Kaki Nam Dáng Suông,Quần,31,Kem,2,389000,11/12/2025
HD00505,90594d6e-3ae8-44bc-be8b-4d8d5d4c89fe,Cardigan Nữ Basic,Cardigan,L,Trắng,1,379000,27/06/2025
HD00505,668c0c46-b451-49fb-a269-45e518a0a645,Quần Jeans Nam Slimfit,Quần,31,Xanh đậm,2,549000,27/06/2025
HD00505,f44172da-7e3c-467e-8c19-187fcb7ae23a,Áo Hoodie Unisex Zip Tiện Lợi,Áo khoác,M,Đen,2,420000,27/06/2025
HD00506,8211c7e6-49da-422e-8c8e-61bf0288e356,Áo Thun Nam Oversize Cực Chất,Áo thun,M,Đen,1,220000,30/04/2025
HD00506,b9070ded-f7bb-4ae7-8384-31f433f188c1,Quần Jogger Nam Kaki Túi Hộp,Quần,L,Đen,1,350000,30/04/2025
HD00507,47321475-4386-4cf5-8b77-af01547cd204,Quần Baggy Nữ Hàn Quốc,Quần,L,Đen,2,429000,11/05/2025
HD00507,cc14f38d-1c5d-44e4-a577-c2add0a1b47e,Áo Sơ Mi Nữ Linen Kem,Áo sơ mi,L,Be,2,359000,11/05/2025
HD00508,ca7585c8-ddbf-4d1d-a666-37a7b963d906,Balo Unisex Thời Trang Chống Nước,Nón,Free Size,Trắng,1,450000,11/10/2025
HD00508,d15def0c-3a31-492a-ac97-382525c2218a,Áo Sweater Unisex Trơn Basic,Áo khoác,XL,Nâu,2,320000,11/10/2025
HD00508,201e6224-a601-46ee-bead-63759fec2f51,Áo Len Nam Cổ Tròn Cashmere,Áo len,S,Xám,2,650000,11/10/2025
HD00509,f79701c0-468d-45ca-a063-f2c32fead22e,Áo Polo Nam Basic,Áo thun,S,Xanh Navy,2,279000,05/09/2025
HD00509,591f87ca-ccec-4d04-af4e-fe941c4ee72e,Giày Sneaker Trắng Unisex Streetwear,Giày,41,Trắng,1,650000,05/09/2025
HD00510,8211c7e6-49da-422e-8c8e-61bf0288e356,Áo Thun Nam Oversize Cực Chất,Áo thun,M,Đen,2,220000,04/05/2025
HD00510,b9070ded-f7bb-4ae7-8384-31f433f188c1,Quần Jogger Nam Kaki Túi Hộp,Quần,M,Đen,1,350000,04/05/2025
HD00510,99f07ede-2b19-4f58-949e-3c20b4da9416,Nón Snapback Unisex Streetwear,Nón,Free Size,Xám,2,220000,04/05/2025
HD00511,b3d420d4-d451-4c61-bd20-6636b4973e09,Cardigan Nữ Len Dệt Kim Kem,Cardigan,M,Be,1,499000,18/04/2026
HD00511,47321475-4386-4cf5-8b77-af01547cd204,Quần Baggy Nữ Hàn Quốc,Quần,L,Đen,1,429000,18/04/2026
HD00511,72b9161e-e55b-4802-a1c7-d7f33e5ccb0d,Quần Jogger Nam,Quần,M,Đen,1,320000,18/04/2026
HD00512,8211c7e6-49da-422e-8c8e-61bf0288e356,Áo Thun Nam Oversize Cực Chất,Áo thun,L,Đen,2,220000,22/04/2025
HD00512,b9070ded-f7bb-4ae7-8384-31f433f188c1,Quần Jogger Nam Kaki Túi Hộp,Quần,M,Đen,2,350000,22/04/2025
HD00512,99f07ede-2b19-4f58-949e-3c20b4da9416,Nón Snapback Unisex Streetwear,Nón,Free Size,Xám,1,220000,22/04/2025
HD00513,773638cb-7eea-46c3-8af4-3bce1ecb5dd2,Áo Polo Nam Công Sở Premium,Áo thun,M,Xanh Navy,2,350000,16/02/2026
HD00513,7a707f6c-7a4b-4392-80c8-475eb6eb4bc8,Quần Tây Nam Lịch Lãm Công Sở,Quần,30,Đen,1,489000,16/02/2026
HD00513,bf8bb740-6ff2-40aa-b164-ac144119c781,Giày Tây Nam Derby Lịch Lãm,Giày,40,Xám,2,990000,16/02/2026
HD00513,cda0d51d-8c0e-423b-a4de-8d22cec903bf,Thắt Lưng Da Nữ Khóa Tròn Cổ Điển,Nón,Free Size,Trắng,1,250000,16/02/2026
HD00514,4ef3b541-6c86-4287-8090-28809b3559fe,Giày Chạy Bộ Nam Running Sport,Giày,41,Đen,1,790000,27/05/2025
HD00514,e6f18dbb-acb7-46bb-a116-d6111d7b40f8,Quần Jogger Nam Thể Thao Nỉ,Quần,M,Xám,1,320000,27/05/2025
HD00514,12c3c23d-b26f-4090-b661-3e330f928a84,Nón Thể Thao Unisex,Nón,Free Size,Trắng,2,160000,27/05/2025
HD00515,2d01e356-ac67-4d6f-83ce-e2c9ad89a55d,Quần Tây Nữ Ống Suông,Quần,M,Đen,1,459000,23/11/2025
HD00515,1d8256e6-c737-4a4c-86b9-b28f0c3112eb,Áo Sơ Mi Nữ Oxford Trắng,Áo sơ mi,S,Trắng,2,329000,23/11/2025
HD00515,08f8884f-159a-4ac0-956a-63c1d86d3552,Quần short Nam,Quần,L,Đen,1,189000,23/11/2025
HD00516,7a707f6c-7a4b-4392-80c8-475eb6eb4bc8,Quần Tây Nam Lịch Lãm Công Sở,Quần,30,Đen,2,489000,05/02/2025
HD00516,773638cb-7eea-46c3-8af4-3bce1ecb5dd2,Áo Polo Nam Công Sở Premium,Áo thun,XXL,Xanh Navy,2,350000,05/02/2025
HD00516,bf8bb740-6ff2-40aa-b164-ac144119c781,Giày Tây Nam Derby Lịch Lãm,Giày,39,Xám,1,990000,05/02/2025
HD00517,4ef3b541-6c86-4287-8090-28809b3559fe,Giày Chạy Bộ Nam Running Sport,Giày,40,Đen,2,790000,25/07/2025
HD00517,e6f18dbb-acb7-46bb-a116-d6111d7b40f8,Quần Jogger Nam Thể Thao Nỉ,Quần,XL,Xám,2,320000,25/07/2025
HD00517,12c3c23d-b26f-4090-b661-3e330f928a84,Nón Thể Thao Unisex,Nón,Free Size,Trắng,2,160000,25/07/2025
HD00518,7a707f6c-7a4b-4392-80c8-475eb6eb4bc8,Quần Tây Nam Lịch Lãm Công Sở,Quần,32,Đen,1,489000,17/01/2026
HD00518,773638cb-7eea-46c3-8af4-3bce1ecb5dd2,Áo Polo Nam Công Sở Premium,Áo thun,L,Xanh Navy,1,350000,17/01/2026
HD00519,b3d420d4-d451-4c61-bd20-6636b4973e09,Cardigan Nữ Len Dệt Kim Kem,Cardigan,S,Be,1,499000,07/12/2025
HD00519,47321475-4386-4cf5-8b77-af01547cd204,Quần Baggy Nữ Hàn Quốc,Quần,M,Đen,1,429000,07/12/2025
HD00519,cc14f38d-1c5d-44e4-a577-c2add0a1b47e,Áo Sơ Mi Nữ Linen Kem,Áo sơ mi,M,Be,2,359000,07/12/2025
HD00520,4ef3b541-6c86-4287-8090-28809b3559fe,Giày Chạy Bộ Nam Running Sport,Giày,42,Đen,1,790000,16/09/2025
HD00520,12c3c23d-b26f-4090-b661-3e330f928a84,Nón Thể Thao Unisex,Nón,Free Size,Trắng,2,160000,16/09/2025
HD00521,b9070ded-f7bb-4ae7-8384-31f433f188c1,Quần Jogger Nam Kaki Túi Hộp,Quần,M,Đen,1,350000,10/07/2025
HD00521,8211c7e6-49da-422e-8c8e-61bf0288e356,Áo Thun Nam Oversize Cực Chất,Áo thun,M,Đen,2,220000,10/07/2025
HD00521,8a7e2af6-1dec-44a6-bf40-5c5c403abe8c,Áo Sơ Mi Nam Vải Oxford Trắng,Áo sơ mi,L,Trắng,2,320000,10/07/2025
HD00522,7a707f6c-7a4b-4392-80c8-475eb6eb4bc8,Quần Tây Nam Lịch Lãm Công Sở,Quần,30,Đen,1,489000,18/01/2025
HD00522,773638cb-7eea-46c3-8af4-3bce1ecb5dd2,Áo Polo Nam Công Sở Premium,Áo thun,XL,Xanh Navy,2,350000,18/01/2025
HD00522,bf8bb740-6ff2-40aa-b164-ac144119c781,Giày Tây Nam Derby Lịch Lãm,Giày,41,Xám,2,990000,18/01/2025
HD00523,7af62054-cb7c-43d5-8a7a-f6de97b8440d,Blazer Nữ Công Sở Premium,Blazer,M,Trắng,1,820000,01/08/2025
HD00523,2d01e356-ac67-4d6f-83ce-e2c9ad89a55d,Quần Tây Nữ Ống Suông,Quần,S,Đen,2,459000,01/08/2025
HD00524,ca7585c8-ddbf-4d1d-a666-37a7b963d906,Balo Unisex Thời Trang Chống Nước,Nón,Free Size,Trắng,2,450000,02/03/2026
HD00524,d687bdc0-7bd2-4fb3-b157-ef8d3c1b2135,Quần Jogger Unisex Nỉ Basic,Quần,M,Xám,1,280000,02/03/2026
HD00525,773638cb-7eea-46c3-8af4-3bce1ecb5dd2,Áo Polo Nam Công Sở Premium,Áo thun,L,Xanh Navy,2,350000,22/07/2025
HD00525,7a707f6c-7a4b-4392-80c8-475eb6eb4bc8,Quần Tây Nam Lịch Lãm Công Sở,Quần,33,Đen,1,489000,22/07/2025
HD00525,bf8bb740-6ff2-40aa-b164-ac144119c781,Giày Tây Nam Derby Lịch Lãm,Giày,41,Xám,1,990000,22/07/2025
HD00526,d687bdc0-7bd2-4fb3-b157-ef8d3c1b2135,Quần Jogger Unisex Nỉ Basic,Quần,M,Xám,1,280000,23/05/2025
HD00526,d15def0c-3a31-492a-ac97-382525c2218a,Áo Sweater Unisex Trơn Basic,Áo khoác,XL,Nâu,2,320000,23/05/2025
HD00526,ca7585c8-ddbf-4d1d-a666-37a7b963d906,Balo Unisex Thời Trang Chống Nước,Nón,Free Size,Trắng,1,450000,23/05/2025
HD00527,d687bdc0-7bd2-4fb3-b157-ef8d3c1b2135,Quần Jogger Unisex Nỉ Basic,Quần,XL,Xám,1,280000,07/03/2025
HD00527,ca7585c8-ddbf-4d1d-a666-37a7b963d906,Balo Unisex Thời Trang Chống Nước,Nón,Free Size,Trắng,1,450000,07/03/2025
HD00527,d15def0c-3a31-492a-ac97-382525c2218a,Áo Sweater Unisex Trơn Basic,Áo khoác,L,Nâu,1,320000,07/03/2025
HD00528,7af62054-cb7c-43d5-8a7a-f6de97b8440d,Blazer Nữ Công Sở Premium,Blazer,L,Trắng,2,820000,07/08/2025
HD00528,2d01e356-ac67-4d6f-83ce-e2c9ad89a55d,Quần Tây Nữ Ống Suông,Quần,S,Đen,1,459000,07/08/2025
HD00528,1d8256e6-c737-4a4c-86b9-b28f0c3112eb,Áo Sơ Mi Nữ Oxford Trắng,Áo sơ mi,M,Trắng,1,329000,07/08/2025
HD00529,591f87ca-ccec-4d04-af4e-fe941c4ee72e,Giày Sneaker Trắng Unisex Streetwear,Giày,38,Trắng,2,650000,22/02/2026
HD00529,f79701c0-468d-45ca-a063-f2c32fead22e,Áo Polo Nam Basic,Áo thun,L,Xanh Navy,1,279000,22/02/2026
HD00529,565df8e7-d30d-4935-a0a2-bcd5ab5bf4a2,Quần Jeans Nam Slimfit Đen,Quần,29,Đen,2,549000,22/02/2026
HD00530,8211c7e6-49da-422e-8c8e-61bf0288e356,Áo Thun Nam Oversize Cực Chất,Áo thun,L,Đen,2,220000,14/01/2026
HD00530,b9070ded-f7bb-4ae7-8384-31f433f188c1,Quần Jogger Nam Kaki Túi Hộp,Quần,XL,Đen,1,350000,14/01/2026
HD00530,99f07ede-2b19-4f58-949e-3c20b4da9416,Nón Snapback Unisex Streetwear,Nón,Free Size,Xám,1,220000,14/01/2026
HD00531,0537aac5-9d37-4ea1-bee3-5ed3851cc79d,Áo Sơ Mi Nam Vải Linen Xanh,Áo sơ mi,M,Xanh,2,340000,21/12/2025
HD00531,c90322dd-72a9-41d6-bbd0-c581d78ab911,Giày Sneaker Trắng Unisex,Giày,39,Trắng,1,650000,21/12/2025
HD00531,b675c96d-da9f-4712-a11c-0596cc052da0,Giày Sneaker Cổ Cao Unisex,Giày,37,Trắng,2,690000,21/12/2025
HD00532,591f87ca-ccec-4d04-af4e-fe941c4ee72e,Giày Sneaker Trắng Unisex Streetwear,Giày,39,Trắng,2,650000,22/10/2025
HD00532,565df8e7-d30d-4935-a0a2-bcd5ab5bf4a2,Quần Jeans Nam Slimfit Đen,Quần,30,Đen,2,549000,22/10/2025
HD00533,2139d828-a4c0-4f2e-90e4-3cfb3420bf70,Bộ Vest Nam Cao Cấp Sang Trọng,Blazer,M,Đen,1,1500000,17/12/2025
HD00533,12c3c23d-b26f-4090-b661-3e330f928a84,Nón Thể Thao Unisex,Nón,Free Size,Trắng,1,160000,17/12/2025
HD00533,99f07ede-2b19-4f58-949e-3c20b4da9416,Nón Snapback Unisex Streetwear,Nón,Free Size,Xám,2,220000,17/12/2025
HD00533,2aad4182-f5b2-4e66-a70b-32fe3626ae38,Nón Bucket Basic Unisex,Nón,Free Size,Đen,2,180000,17/12/2025
HD00534,8211c7e6-49da-422e-8c8e-61bf0288e356,Áo Thun Nam Oversize Cực Chất,Áo thun,L,Đen,2,220000,01/03/2025
HD00534,b9070ded-f7bb-4ae7-8384-31f433f188c1,Quần Jogger Nam Kaki Túi Hộp,Quần,L,Đen,2,350000,01/03/2025
HD00534,99f07ede-2b19-4f58-949e-3c20b4da9416,Nón Snapback Unisex Streetwear,Nón,Free Size,Xám,2,220000,01/03/2025
HD00535,72b9161e-e55b-4802-a1c7-d7f33e5ccb0d,Quần Jogger Nam,Quần,XL,Đen,1,320000,20/03/2026
HD00535,a9bbcc47-d51e-49fb-aab9-04649744ad76,Áo Thun Nam Cổ Tim Trơn,Áo thun,XL,Đen,1,160000,20/03/2026
HD00536,4ef3b541-6c86-4287-8090-28809b3559fe,Giày Chạy Bộ Nam Running Sport,Giày,42,Đen,2,790000,02/05/2025
HD00536,12c3c23d-b26f-4090-b661-3e330f928a84,Nón Thể Thao Unisex,Nón,Free Size,Trắng,2,160000,02/05/2025
HD00537,565df8e7-d30d-4935-a0a2-bcd5ab5bf4a2,Quần Jeans Nam Slimfit Đen,Quần,32,Đen,2,549000,08/03/2025
HD00537,f79701c0-468d-45ca-a063-f2c32fead22e,Áo Polo Nam Basic,Áo thun,XL,Xanh Navy,1,279000,08/03/2025
HD00538,591f87ca-ccec-4d04-af4e-fe941c4ee72e,Giày Sneaker Trắng Unisex Streetwear,Giày,42,Trắng,1,650000,24/04/2026
HD00538,b8a6d3f1-ad5c-4c5b-adf9-7e766ed462a5,Nón Bucket Unisex Vải Kaki Trơn,Nón,Free Size,Đen,2,150000,24/04/2026
HD00539,0f6632d3-5cf7-42d2-9157-f13f0084a634,Áo Khoác Nam Denim Classic,Áo khoác,M,Xanh,2,550000,21/02/2025
HD00539,1d9f44d7-0657-47ec-baf9-659b9bfe2f6d,Áo Len Nam Cổ Lọ Ấm Áp,Áo len,XL,Đen,2,520000,21/02/2025
HD00540,591f87ca-ccec-4d04-af4e-fe941c4ee72e,Giày Sneaker Trắng Unisex Streetwear,Giày,41,Trắng,2,650000,07/03/2026
HD00540,565df8e7-d30d-4935-a0a2-bcd5ab5bf4a2,Quần Jeans Nam Slimfit Đen,Quần,32,Đen,1,549000,07/03/2026
HD00540,f79701c0-468d-45ca-a063-f2c32fead22e,Áo Polo Nam Basic,Áo thun,S,Xanh Navy,2,279000,07/03/2026
HD00541,2d01e356-ac67-4d6f-83ce-e2c9ad89a55d,Quần Tây Nữ Ống Suông,Quần,L,Đen,1,459000,22/03/2025
HD00541,7af62054-cb7c-43d5-8a7a-f6de97b8440d,Blazer Nữ Công Sở Premium,Blazer,L,Trắng,2,820000,22/03/2025
HD00541,1d8256e6-c737-4a4c-86b9-b28f0c3112eb,Áo Sơ Mi Nữ Oxford Trắng,Áo sơ mi,L,Trắng,1,329000,22/03/2025
HD00542,bf8bb740-6ff2-40aa-b164-ac144119c781,Giày Tây Nam Derby Lịch Lãm,Giày,41,Xám,1,990000,13/01/2026
HD00542,773638cb-7eea-46c3-8af4-3bce1ecb5dd2,Áo Polo Nam Công Sở Premium,Áo thun,M,Xanh Navy,1,350000,13/01/2026
HD00542,f60ed1b2-8aed-4bf4-9047-bcdb95f84623,Áo Sơ Mi Nữ Công Sở,Áo sơ mi,L,Nâu,1,279000,13/01/2026
HD00543,ca7585c8-ddbf-4d1d-a666-37a7b963d906,Balo Unisex Thời Trang Chống Nước,Nón,Free Size,Trắng,2,450000,22/03/2025
HD00543,d687bdc0-7bd2-4fb3-b157-ef8d3c1b2135,Quần Jogger Unisex Nỉ Basic,Quần,M,Xám,1,280000,22/03/2025
HD00543,d15def0c-3a31-492a-ac97-382525c2218a,Áo Sweater Unisex Trơn Basic,Áo khoác,XL,Nâu,2,320000,22/03/2025
HD00543,bca6a5e3-a504-49ff-8fe8-bf5c131d57e5,Áo Sơ Mi Nam Kẻ Sọc Công Sở,Áo sơ mi,L,Xanh,1,330000,22/03/2025
HD00544,f79701c0-468d-45ca-a063-f2c32fead22e,Áo Polo Nam Basic,Áo thun,S,Xanh Navy,2,279000,07/03/2025
HD00544,565df8e7-d30d-4935-a0a2-bcd5ab5bf4a2,Quần Jeans Nam Slimfit Đen,Quần,30,Đen,2,549000,07/03/2025
HD00544,591f87ca-ccec-4d04-af4e-fe941c4ee72e,Giày Sneaker Trắng Unisex Streetwear,Giày,42,Trắng,2,650000,07/03/2025
HD00545,b8a6d3f1-ad5c-4c5b-adf9-7e766ed462a5,Nón Bucket Unisex Vải Kaki Trơn,Nón,Free Size,Đen,1,150000,22/08/2025
HD00545,c9e6150b-fdf6-4a91-8f2c-d8bab75b9f2b,Hoodie Unisex Local Brand Cực Chất,Áo khoác,XL,Nâu,2,399000,22/08/2025
HD00545,591f87ca-ccec-4d04-af4e-fe941c4ee72e,Giày Sneaker Trắng Unisex Streetwear,Giày,42,Trắng,1,650000,22/08/2025
HD00545,03b22bfb-54c3-42d4-b00d-f03c542dacb4,Áo Polo Nam Sọc Ngang,Áo thun,M,Trắng,1,289000,22/08/2025
HD00546,1d8256e6-c737-4a4c-86b9-b28f0c3112eb,Áo Sơ Mi Nữ Oxford Trắng,Áo sơ mi,M,Trắng,2,329000,07/02/2025
HD00546,7af62054-cb7c-43d5-8a7a-f6de97b8440d,Blazer Nữ Công Sở Premium,Blazer,S,Trắng,1,820000,07/02/2025
HD00547,d687bdc0-7bd2-4fb3-b157-ef8d3c1b2135,Quần Jogger Unisex Nỉ Basic,Quần,XL,Xám,1,280000,23/10/2025
HD00547,d15def0c-3a31-492a-ac97-382525c2218a,Áo Sweater Unisex Trơn Basic,Áo khoác,XL,Nâu,1,320000,23/10/2025
HD00548,7a707f6c-7a4b-4392-80c8-475eb6eb4bc8,Quần Tây Nam Lịch Lãm Công Sở,Quần,30,Đen,2,489000,16/10/2025
HD00548,773638cb-7eea-46c3-8af4-3bce1ecb5dd2,Áo Polo Nam Công Sở Premium,Áo thun,M,Xanh Navy,2,350000,16/10/2025
HD00548,bf8bb740-6ff2-40aa-b164-ac144119c781,Giày Tây Nam Derby Lịch Lãm,Giày,41,Xám,2,990000,16/10/2025
HD00548,538c2225-906f-42c8-8875-c759a7017d20,Áo Sweater Unisex Cổ Tròn Nỉ,Áo khoác,M,Nâu,1,310000,16/10/2025
HD00549,fc61ed45-ce98-480f-a519-02961cff9b10,Giày Chạy Bộ Nữ Siêu Nhẹ,Giày,36,Đen,1,750000,13/02/2025
HD00549,b8a6d3f1-ad5c-4c5b-adf9-7e766ed462a5,Nón Bucket Unisex Vải Kaki Trơn,Nón,Free Size,Đen,2,150000,13/02/2025
HD00549,e7a2f4b5-bf3f-47e0-b981-e6142607b6bc,Giày Chunky Sneaker Unisex,Giày,38,Trắng,2,850000,13/02/2025
HD00549,e0f136c6-62be-4f5c-a912-54349bbee80a,Chân Váy Nữ Midi Xếp Ly,Váy,S,Đen,2,320000,13/02/2025
HD00550,2d01e356-ac67-4d6f-83ce-e2c9ad89a55d,Quần Tây Nữ Ống Suông,Quần,M,Đen,1,459000,05/06/2025
HD00550,7af62054-cb7c-43d5-8a7a-f6de97b8440d,Blazer Nữ Công Sở Premium,Blazer,L,Trắng,1,820000,05/06/2025
HD00550,1d8256e6-c737-4a4c-86b9-b28f0c3112eb,Áo Sơ Mi Nữ Oxford Trắng,Áo sơ mi,L,Trắng,2,329000,05/06/2025
HD00551,2d01e356-ac67-4d6f-83ce-e2c9ad89a55d,Quần Tây Nữ Ống Suông,Quần,M,Đen,1,459000,04/03/2026
HD00551,7af62054-cb7c-43d5-8a7a-f6de97b8440d,Blazer Nữ Công Sở Premium,Blazer,M,Trắng,1,820000,04/03/2026
HD00551,1d8256e6-c737-4a4c-86b9-b28f0c3112eb,Áo Sơ Mi Nữ Oxford Trắng,Áo sơ mi,M,Trắng,2,329000,04/03/2026
HD00552,4ef3b541-6c86-4287-8090-28809b3559fe,Giày Chạy Bộ Nam Running Sport,Giày,42,Đen,2,790000,29/06/2025
HD00552,e6f18dbb-acb7-46bb-a116-d6111d7b40f8,Quần Jogger Nam Thể Thao Nỉ,Quần,XL,Xám,2,320000,29/06/2025
HD00553,f79701c0-468d-45ca-a063-f2c32fead22e,Áo Polo Nam Basic,Áo thun,S,Xanh Navy,2,279000,11/05/2026
HD00553,565df8e7-d30d-4935-a0a2-bcd5ab5bf4a2,Quần Jeans Nam Slimfit Đen,Quần,29,Đen,1,549000,11/05/2026
HD00553,591f87ca-ccec-4d04-af4e-fe941c4ee72e,Giày Sneaker Trắng Unisex Streetwear,Giày,38,Trắng,1,650000,11/05/2026
HD00554,4ef3b541-6c86-4287-8090-28809b3559fe,Giày Chạy Bộ Nam Running Sport,Giày,41,Đen,1,790000,16/04/2026
HD00554,e6f18dbb-acb7-46bb-a116-d6111d7b40f8,Quần Jogger Nam Thể Thao Nỉ,Quần,M,Xám,2,320000,16/04/2026
HD00555,1d99fb01-0c7c-4f56-86b7-e573663b11e2,Áo Thun Nam Oversize Streetwear,Áo thun,M,Trắng,1,239000,12/04/2026
HD00555,56edf28b-737a-4e1d-8e76-51796deff112,Nón Lưỡi Trai Unisex Basic Đen,Nón,Free Size,Đen,1,99000,12/04/2026
HD00555,c9abc8f4-c333-4a02-9fdb-0a7346bdc75f,Váy Nữ Hoa Nhí Dáng A,Váy,S,Hồng,1,390000,12/04/2026
HD00555,46605dff-a9ed-41df-a46a-88d80a783e20,Nón Lưỡi Trai Cao Cấp Unisex,Nón,Free Size,Navy,1,250000,12/04/2026
HD00556,bb06c357-8eb3-4ffe-a765-1307de4e19eb,Mũ Len Unisex Mùa Đông Ấm Áp,Nón,Free Size,Xám,1,150000,31/05/2025
HD00556,0f6632d3-5cf7-42d2-9157-f13f0084a634,Áo Khoác Nam Denim Classic,Áo khoác,L,Xanh,1,550000,31/05/2025
HD00556,1d9f44d7-0657-47ec-baf9-659b9bfe2f6d,Áo Len Nam Cổ Lọ Ấm Áp,Áo len,XL,Đen,1,520000,31/05/2025
HD00556,c9abc8f4-c333-4a02-9fdb-0a7346bdc75f,Váy Nữ Hoa Nhí Dáng A,Váy,L,Hồng,1,390000,31/05/2025
HD00557,2d01e356-ac67-4d6f-83ce-e2c9ad89a55d,Quần Tây Nữ Ống Suông,Quần,M,Đen,1,459000,06/08/2025
HD00557,7af62054-cb7c-43d5-8a7a-f6de97b8440d,Blazer Nữ Công Sở Premium,Blazer,L,Trắng,2,820000,06/08/2025
HD00557,1d8256e6-c737-4a4c-86b9-b28f0c3112eb,Áo Sơ Mi Nữ Oxford Trắng,Áo sơ mi,S,Trắng,2,329000,06/08/2025
HD00557,20b29c90-bea4-432c-ac66-0b72cbccdf6a,Áo Sơ Mi Nữ Linen,Áo sơ mi,L,Be,1,359000,06/08/2025
HD00558,b9070ded-f7bb-4ae7-8384-31f433f188c1,Quần Jogger Nam Kaki Túi Hộp,Quần,M,Đen,2,350000,02/07/2025
HD00558,8211c7e6-49da-422e-8c8e-61bf0288e356,Áo Thun Nam Oversize Cực Chất,Áo thun,L,Đen,1,220000,02/07/2025
HD00558,99f07ede-2b19-4f58-949e-3c20b4da9416,Nón Snapback Unisex Streetwear,Nón,Free Size,Xám,2,220000,02/07/2025
HD00558,31c0b020-668f-4c1e-aa4b-e58b7ea7da0f,Nón Lưỡi Trai Basic Unisex,Nón,FreeSize,Đen,2,120000,02/07/2025
HD00559,cc14f38d-1c5d-44e4-a577-c2add0a1b47e,Áo Sơ Mi Nữ Linen Kem,Áo sơ mi,S,Be,2,359000,28/10/2025
HD00559,47321475-4386-4cf5-8b77-af01547cd204,Quần Baggy Nữ Hàn Quốc,Quần,XL,Đen,2,429000,28/10/2025
HD00560,c9e6150b-fdf6-4a91-8f2c-d8bab75b9f2b,Hoodie Unisex Local Brand Cực Chất,Áo khoác,L,Nâu,1,399000,19/03/2025
HD00560,591f87ca-ccec-4d04-af4e-fe941c4ee72e,Giày Sneaker Trắng Unisex Streetwear,Giày,42,Trắng,1,650000,19/03/2025
HD00561,c04e8b6a-b8be-4231-9377-710ae7bb8e46,Áo Body Nữ Croptop,Áo body,S,Đen,1,289000,25/12/2025
HD00561,80fca8d2-8d12-40fd-aaf6-6c3e0e0d49ea,Cardigan Nữ Len Mỏng,Cardigan,L,Kem,1,399000,25/12/2025
HD00562,2d01e356-ac67-4d6f-83ce-e2c9ad89a55d,Quần Tây Nữ Ống Suông,Quần,S,Đen,2,459000,07/12/2025
HD00562,7af62054-cb7c-43d5-8a7a-f6de97b8440d,Blazer Nữ Công Sở Premium,Blazer,M,Trắng,2,820000,07/12/2025
HD00563,c9e6150b-fdf6-4a91-8f2c-d8bab75b9f2b,Hoodie Unisex Local Brand Cực Chất,Áo khoác,L,Nâu,1,399000,13/03/2025
HD00563,b8a6d3f1-ad5c-4c5b-adf9-7e766ed462a5,Nón Bucket Unisex Vải Kaki Trơn,Nón,Free Size,Đen,1,150000,13/03/2025
HD00563,591f87ca-ccec-4d04-af4e-fe941c4ee72e,Giày Sneaker Trắng Unisex Streetwear,Giày,40,Trắng,2,650000,13/03/2025
HD00564,47321475-4386-4cf5-8b77-af01547cd204,Quần Baggy Nữ Hàn Quốc,Quần,M,Đen,2,429000,06/01/2026
HD00564,b3d420d4-d451-4c61-bd20-6636b4973e09,Cardigan Nữ Len Dệt Kim Kem,Cardigan,M,Be,2,499000,06/01/2026
HD00564,cc14f38d-1c5d-44e4-a577-c2add0a1b47e,Áo Sơ Mi Nữ Linen Kem,Áo sơ mi,M,Be,1,359000,06/01/2026
HD00565,c9abc8f4-c333-4a02-9fdb-0a7346bdc75f,Váy Nữ Hoa Nhí Dáng A,Váy,L,Hồng,2,390000,02/03/2026
HD00565,20ecab60-6f47-43a3-b5a2-8c73d262ff50,Váy Nữ Dự Tiệc Cao Cấp,Váy,S,Đen,2,690000,02/03/2026
HD00565,6b452c2a-fe5a-4690-b45c-b4a40e2c0822,Nón Thể Thao Unisex,Nón,Free Size,Trắng,1,190000,02/03/2026
HD00565,e0f136c6-62be-4f5c-a912-54349bbee80a,Chân Váy Nữ Midi Xếp Ly,Váy,S,Đen,2,320000,02/03/2026
HD00565,710b70de-e346-422e-b35a-a3ce277dacb8,Áo Sơ Mi Nữ Cổ Đức Cách Điệu,Áo sơ mi,L,Trắng,2,310000,02/03/2026
HD00566,409dbb70-64f9-445d-b146-33a6ba02b819,Váy Nữ Dự Tiệc Trễ Vai Sang Chảnh,Váy,M,Đỏ,1,690000,30/09/2025
HD00566,db900625-f6c9-41e1-a4eb-2042fcd9496f,Giày Cao Gót Nữ Đế Nhọn Công Sở,Giày,35,Trắng,2,490000,30/09/2025
HD00566,c36ca838-024f-462b-b202-e125f17c3a90,Áo Body Nữ Tay Dài Ôm Sát,Áo body,M,Đen,1,299000,30/09/2025
HD00567,1d8256e6-c737-4a4c-86b9-b28f0c3112eb,Áo Sơ Mi Nữ Oxford Trắng,Áo sơ mi,M,Trắng,2,329000,07/03/2025
HD00567,7af62054-cb7c-43d5-8a7a-f6de97b8440d,Blazer Nữ Công Sở Premium,Blazer,M,Trắng,2,820000,07/03/2025
HD00568,b9070ded-f7bb-4ae7-8384-31f433f188c1,Quần Jogger Nam Kaki Túi Hộp,Quần,L,Đen,1,350000,13/01/2026
HD00568,8211c7e6-49da-422e-8c8e-61bf0288e356,Áo Thun Nam Oversize Cực Chất,Áo thun,L,Đen,2,220000,13/01/2026
HD00568,99f07ede-2b19-4f58-949e-3c20b4da9416,Nón Snapback Unisex Streetwear,Nón,Free Size,Xám,1,220000,13/01/2026
HD00569,b675c96d-da9f-4712-a11c-0596cc052da0,Giày Sneaker Cổ Cao Unisex,Giày,37,Trắng,1,690000,02/09/2025
HD00569,d230d9ed-71e2-4378-9fb2-15dd13a37357,Áo Hoodie Unisex,Áo khoác,L,Xanh navy,2,399000,02/09/2025
HD00569,35c4d88a-3b69-47a7-933e-e5bc205c5fd5,Quần Jeans Nữ Skinny Cạp Cao,Quần,M,Xanh,2,489000,02/09/2025
HD00569,d15def0c-3a31-492a-ac97-382525c2218a,Áo Sweater Unisex Trơn Basic,Áo khoác,XL,Nâu,1,320000,02/09/2025
HD00569,93c3d112-b724-48cb-bee5-b2dcef7f1d55,Áo Khoác Gió Unisex Thể Thao,Áo khoác,L,Đen,2,350000,02/09/2025
HD00570,591f87ca-ccec-4d04-af4e-fe941c4ee72e,Giày Sneaker Trắng Unisex Streetwear,Giày,40,Trắng,1,650000,11/02/2026
HD00570,565df8e7-d30d-4935-a0a2-bcd5ab5bf4a2,Quần Jeans Nam Slimfit Đen,Quần,30,Đen,2,549000,11/02/2026
HD00570,de2469aa-98bb-4048-b2d6-ca06feaff0f9,Ví Da Unisex Đựng Thẻ Tiện Lợi,Nón,Free Size,Navy,2,190000,11/02/2026
HD00571,c9e6150b-fdf6-4a91-8f2c-d8bab75b9f2b,Hoodie Unisex Local Brand Cực Chất,Áo khoác,XL,Nâu,2,399000,15/09/2025
HD00571,b8a6d3f1-ad5c-4c5b-adf9-7e766ed462a5,Nón Bucket Unisex Vải Kaki Trơn,Nón,Free Size,Đen,1,150000,15/09/2025
HD00571,591f87ca-ccec-4d04-af4e-fe941c4ee72e,Giày Sneaker Trắng Unisex Streetwear,Giày,38,Trắng,2,650000,15/09/2025
HD00572,99f07ede-2b19-4f58-949e-3c20b4da9416,Nón Snapback Unisex Streetwear,Nón,Free Size,Xám,2,220000,03/12/2025
HD00572,b9070ded-f7bb-4ae7-8384-31f433f188c1,Quần Jogger Nam Kaki Túi Hộp,Quần,XL,Đen,2,350000,03/12/2025
HD00572,8211c7e6-49da-422e-8c8e-61bf0288e356,Áo Thun Nam Oversize Cực Chất,Áo thun,M,Đen,1,220000,03/12/2025
HD00573,7af62054-cb7c-43d5-8a7a-f6de97b8440d,Blazer Nữ Công Sở Premium,Blazer,L,Trắng,2,820000,02/06/2025
HD00573,2d01e356-ac67-4d6f-83ce-e2c9ad89a55d,Quần Tây Nữ Ống Suông,Quần,M,Đen,1,459000,02/06/2025
HD00574,3d8984b4-57a3-4d52-913c-2a11d9222ede,Áo Thun Nam Basic,Áo thun,L,Đen,1,199000,19/02/2025
HD00574,de2469aa-98bb-4048-b2d6-ca06feaff0f9,Ví Da Unisex Đựng Thẻ Tiện Lợi,Nón,Free Size,Navy,2,190000,19/02/2025
HD00574,ca7585c8-ddbf-4d1d-a666-37a7b963d906,Balo Unisex Thời Trang Chống Nước,Nón,Free Size,Trắng,1,450000,19/02/2025
HD00574,0e0448a2-c2bd-4e80-b627-8787750e4656,Áo Sơ Mi Nam Caro,Áo sơ mi,L,Đỏ,1,299000,19/02/2025
HD00574,41ba1486-c8ed-42ba-8e21-a7baaaf113a7,Quần Short Nữ,Quần,S,Xanh,1,259000,19/02/2025
HD00575,d15def0c-3a31-492a-ac97-382525c2218a,Áo Sweater Unisex Trơn Basic,Áo khoác,XL,Nâu,1,320000,03/12/2025
HD00575,773638cb-7eea-46c3-8af4-3bce1ecb5dd2,Áo Polo Nam Công Sở Premium,Áo thun,S,Xanh Navy,2,350000,03/12/2025
HD00576,d15def0c-3a31-492a-ac97-382525c2218a,Áo Sweater Unisex Trơn Basic,Áo khoác,L,Nâu,1,320000,03/05/2025
HD00576,ca7585c8-ddbf-4d1d-a666-37a7b963d906,Balo Unisex Thời Trang Chống Nước,Nón,Free Size,Trắng,1,450000,03/05/2025
HD00577,99f07ede-2b19-4f58-949e-3c20b4da9416,Nón Snapback Unisex Streetwear,Nón,Free Size,Xám,2,220000,11/05/2025
HD00577,b9070ded-f7bb-4ae7-8384-31f433f188c1,Quần Jogger Nam Kaki Túi Hộp,Quần,M,Đen,1,350000,11/05/2025
HD00577,8211c7e6-49da-422e-8c8e-61bf0288e356,Áo Thun Nam Oversize Cực Chất,Áo thun,XL,Đen,2,220000,11/05/2025
HD00577,2351fa2f-2c97-41ba-bcdd-77f50f0bac7b,Quần Kaki Nam Slimfit,Quần,29,Kem,2,389000,11/05/2025
HD00578,c9e6150b-fdf6-4a91-8f2c-d8bab75b9f2b,Hoodie Unisex Local Brand Cực Chất,Áo khoác,L,Nâu,2,399000,30/11/2025
HD00578,591f87ca-ccec-4d04-af4e-fe941c4ee72e,Giày Sneaker Trắng Unisex Streetwear,Giày,40,Trắng,1,650000,30/11/2025
HD00578,b8a6d3f1-ad5c-4c5b-adf9-7e766ed462a5,Nón Bucket Unisex Vải Kaki Trơn,Nón,Free Size,Đen,2,150000,30/11/2025
HD00579,8211c7e6-49da-422e-8c8e-61bf0288e356,Áo Thun Nam Oversize Cực Chất,Áo thun,L,Đen,2,220000,12/11/2025
HD00579,b9070ded-f7bb-4ae7-8384-31f433f188c1,Quần Jogger Nam Kaki Túi Hộp,Quần,M,Đen,2,350000,12/11/2025
HD00579,99f07ede-2b19-4f58-949e-3c20b4da9416,Nón Snapback Unisex Streetwear,Nón,Free Size,Xám,2,220000,12/11/2025
HD00580,591f87ca-ccec-4d04-af4e-fe941c4ee72e,Giày Sneaker Trắng Unisex Streetwear,Giày,40,Trắng,2,650000,15/03/2025
HD00580,f79701c0-468d-45ca-a063-f2c32fead22e,Áo Polo Nam Basic,Áo thun,S,Xanh Navy,2,279000,15/03/2025
HD00580,565df8e7-d30d-4935-a0a2-bcd5ab5bf4a2,Quần Jeans Nam Slimfit Đen,Quần,31,Đen,1,549000,15/03/2025
HD00581,db900625-f6c9-41e1-a4eb-2042fcd9496f,Giày Cao Gót Nữ Đế Nhọn Công Sở,Giày,36,Trắng,1,490000,30/06/2025
HD00581,409dbb70-64f9-445d-b146-33a6ba02b819,Váy Nữ Dự Tiệc Trễ Vai Sang Chảnh,Váy,L,Đỏ,1,690000,30/06/2025
HD00581,c36ca838-024f-462b-b202-e125f17c3a90,Áo Body Nữ Tay Dài Ôm Sát,Áo body,L,Đen,2,299000,30/06/2025
HD00582,12c3c23d-b26f-4090-b661-3e330f928a84,Nón Thể Thao Unisex,Nón,Free Size,Trắng,2,160000,24/02/2025
HD00582,4ef3b541-6c86-4287-8090-28809b3559fe,Giày Chạy Bộ Nam Running Sport,Giày,42,Đen,2,790000,24/02/2025
HD00582,f60ed1b2-8aed-4bf4-9047-bcdb95f84623,Áo Sơ Mi Nữ Công Sở,Áo sơ mi,L,Trắng,2,279000,24/02/2025
HD00583,8211c7e6-49da-422e-8c8e-61bf0288e356,Áo Thun Nam Oversize Cực Chất,Áo thun,L,Đen,2,220000,19/04/2026
HD00583,99f07ede-2b19-4f58-949e-3c20b4da9416,Nón Snapback Unisex Streetwear,Nón,Free Size,Xám,2,220000,19/04/2026
HD00583,b9070ded-f7bb-4ae7-8384-31f433f188c1,Quần Jogger Nam Kaki Túi Hộp,Quần,XL,Đen,2,350000,19/04/2026
HD00583,72b9161e-e55b-4802-a1c7-d7f33e5ccb0d,Quần Jogger Nam,Quần,L,Đen,2,320000,19/04/2026
HD00584,591f87ca-ccec-4d04-af4e-fe941c4ee72e,Giày Sneaker Trắng Unisex Streetwear,Giày,39,Trắng,1,650000,20/04/2025
HD00584,c9e6150b-fdf6-4a91-8f2c-d8bab75b9f2b,Hoodie Unisex Local Brand Cực Chất,Áo khoác,XL,Nâu,2,399000,20/04/2025
HD00585,591f87ca-ccec-4d04-af4e-fe941c4ee72e,Giày Sneaker Trắng Unisex Streetwear,Giày,39,Trắng,1,650000,07/01/2025
HD00585,c9e6150b-fdf6-4a91-8f2c-d8bab75b9f2b,Hoodie Unisex Local Brand Cực Chất,Áo khoác,M,Nâu,1,399000,07/01/2025
HD00585,b8a6d3f1-ad5c-4c5b-adf9-7e766ed462a5,Nón Bucket Unisex Vải Kaki Trơn,Nón,Free Size,Đen,2,150000,07/01/2025
HD00586,12c3c23d-b26f-4090-b661-3e330f928a84,Nón Thể Thao Unisex,Nón,Free Size,Trắng,1,160000,26/05/2025
HD00586,4ef3b541-6c86-4287-8090-28809b3559fe,Giày Chạy Bộ Nam Running Sport,Giày,41,Đen,1,790000,26/05/2025
HD00587,f79701c0-468d-45ca-a063-f2c32fead22e,Áo Polo Nam Basic,Áo thun,M,Xanh Navy,1,279000,17/02/2025
HD00587,565df8e7-d30d-4935-a0a2-bcd5ab5bf4a2,Quần Jeans Nam Slimfit Đen,Quần,31,Đen,2,549000,17/02/2025
HD00587,591f87ca-ccec-4d04-af4e-fe941c4ee72e,Giày Sneaker Trắng Unisex Streetwear,Giày,41,Trắng,1,650000,17/02/2025
HD00588,c9e6150b-fdf6-4a91-8f2c-d8bab75b9f2b,Hoodie Unisex Local Brand Cực Chất,Áo khoác,M,Nâu,2,399000,14/09/2025
HD00588,bb06c357-8eb3-4ffe-a765-1307de4e19eb,Mũ Len Unisex Mùa Đông Ấm Áp,Nón,Free Size,Xám,1,150000,14/09/2025
HD00588,c04e8b6a-b8be-4231-9377-710ae7bb8e46,Áo Body Nữ Croptop,Áo body,M,Đen,1,289000,14/09/2025
HD00588,d230d9ed-71e2-4378-9fb2-15dd13a37357,Áo Hoodie Unisex,Áo khoác,M,Nâu,2,399000,14/09/2025
HD00588,20b29c90-bea4-432c-ac66-0b72cbccdf6a,Áo Sơ Mi Nữ Linen,Áo sơ mi,M,Be,1,359000,14/09/2025
HD00589,d15def0c-3a31-492a-ac97-382525c2218a,Áo Sweater Unisex Trơn Basic,Áo khoác,M,Nâu,2,320000,21/11/2025
HD00589,ca7585c8-ddbf-4d1d-a666-37a7b963d906,Balo Unisex Thời Trang Chống Nước,Nón,Free Size,Trắng,2,450000,21/11/2025
HD00590,2d01e356-ac67-4d6f-83ce-e2c9ad89a55d,Quần Tây Nữ Ống Suông,Quần,M,Đen,1,459000,14/03/2025
HD00590,1d8256e6-c737-4a4c-86b9-b28f0c3112eb,Áo Sơ Mi Nữ Oxford Trắng,Áo sơ mi,M,Trắng,1,329000,14/03/2025
HD00590,7af62054-cb7c-43d5-8a7a-f6de97b8440d,Blazer Nữ Công Sở Premium,Blazer,S,Trắng,2,820000,14/03/2025
HD00591,0f6632d3-5cf7-42d2-9157-f13f0084a634,Áo Khoác Nam Denim Classic,Áo khoác,M,Xanh,2,550000,19/05/2025
HD00591,bb06c357-8eb3-4ffe-a765-1307de4e19eb,Mũ Len Unisex Mùa Đông Ấm Áp,Nón,Free Size,Xám,1,150000,19/05/2025
HD00592,0d2d0b09-60dc-474a-a0d4-d49689e230b8,Quần Jeans Nữ Ống Rộng Culottes,Quần,L,Kem,2,529000,25/04/2025
HD00592,c9abc8f4-c333-4a02-9fdb-0a7346bdc75f,Váy Nữ Hoa Nhí Dáng A,Váy,M,Hồng,1,390000,25/04/2025
HD00592,01a62d8d-11a8-4f0e-95c8-28324f5438b6,Áo Body Nữ Basic Cổ Lọ,Áo body,L,Trắng,2,269000,25/04/2025
HD00593,42027732-03d0-4a71-a42b-eafc03a8cc71,Áo Khoác Blazer Unisex Form Rộng,Blazer,L,Xám,2,750000,11/03/2026
HD00593,256a70eb-d06d-417a-bf57-9b60da0305c5,Giày Thể Thao Nam,Giày,40,Xám,1,720000,11/03/2026
HD00593,1246b9f6-1cf6-4a6f-a0c4-8f8e34c3e4e8,Giày Running Sport Unisex,Giày,42,Đen,1,790000,11/03/2026
HD00594,1d9f44d7-0657-47ec-baf9-659b9bfe2f6d,Áo Len Nam Cổ Lọ Ấm Áp,Áo len,XL,Đen,2,520000,17/10/2025
HD00594,bb06c357-8eb3-4ffe-a765-1307de4e19eb,Mũ Len Unisex Mùa Đông Ấm Áp,Nón,Free Size,Xám,1,150000,17/10/2025
HD00595,0f6632d3-5cf7-42d2-9157-f13f0084a634,Áo Khoác Nam Denim Classic,Áo khoác,L,Xanh,2,550000,17/01/2026
HD00595,1d9f44d7-0657-47ec-baf9-659b9bfe2f6d,Áo Len Nam Cổ Lọ Ấm Áp,Áo len,L,Đen,2,520000,17/01/2026
HD00595,bb06c357-8eb3-4ffe-a765-1307de4e19eb,Mũ Len Unisex Mùa Đông Ấm Áp,Nón,Free Size,Xám,2,150000,17/01/2026
HD00596,db900625-f6c9-41e1-a4eb-2042fcd9496f,Giày Cao Gót Nữ Đế Nhọn Công Sở,Giày,37,Trắng,2,490000,04/04/2026
HD00596,c36ca838-024f-462b-b202-e125f17c3a90,Áo Body Nữ Tay Dài Ôm Sát,Áo body,L,Đen,2,299000,04/04/2026
HD00596,409dbb70-64f9-445d-b146-33a6ba02b819,Váy Nữ Dự Tiệc Trễ Vai Sang Chảnh,Váy,M,Đỏ,1,690000,04/04/2026
HD00597,8ad4ef8e-e76a-4754-9239-64101f13a08e,Quần Short Nữ Jeans Retro,Quần,M,Xanh,2,289000,20/01/2026
HD00597,1d99fb01-0c7c-4f56-86b7-e573663b11e2,Áo Thun Nam Oversize Streetwear,Áo thun,XL,Trắng,1,239000,20/01/2026
HD00598,863bc572-8ddb-47bc-98e0-bff31818a347,Quần Ống Rộng Nữ,Quần,M,Kem,1,399000,04/11/2025
HD00598,668c0c46-b451-49fb-a269-45e518a0a645,Quần Jeans Nam Slimfit,Quần,29,Xanh đậm,1,549000,04/11/2025
HD00598,e7a2f4b5-bf3f-47e0-b981-e6142607b6bc,Giày Chunky Sneaker Unisex,Giày,38,Trắng,2,850000,04/11/2025
HD00598,d15def0c-3a31-492a-ac97-382525c2218a,Áo Sweater Unisex Trơn Basic,Áo khoác,L,Nâu,2,320000,04/11/2025
HD00599,e7988e60-9056-472a-b914-5ab26da5917c,Quần Jeans Nam Rách Gối Streetwear,Quần,30,Xanh nhạt,2,599000,04/03/2026
HD00599,52f6d247-50fb-43f7-ab47-14cc9380a683,Áo Sơ Mi Nam Cổ Tàu Casual,Áo sơ mi,L,Nâu,2,299000,04/03/2026
HD00599,d15def0c-3a31-492a-ac97-382525c2218a,Áo Sweater Unisex Trơn Basic,Áo khoác,L,Nâu,1,320000,04/03/2026
HD00599,81735139-02ec-4da6-aa6b-74780cb71167,Áo Sơ Mi Nữ Voan Lụa Công Sở,Áo sơ mi,XL,Trắng,2,380000,04/03/2026
HD00600,7a29452a-b709-4fb1-8dd9-a5d8e53fa194,Váy Nữ Dài,Váy,M,Xanh,1,459000,03/04/2026
HD00600,03b22bfb-54c3-42d4-b00d-f03c542dacb4,Áo Polo Nam Sọc Ngang,Áo thun,L,Trắng,1,289000,03/04/2026
HD00600,42027732-03d0-4a71-a42b-eafc03a8cc71,Áo Khoác Blazer Unisex Form Rộng,Blazer,XL,Xám,1,750000,03/04/2026
HD00601,cc14f38d-1c5d-44e4-a577-c2add0a1b47e,Áo Sơ Mi Nữ Linen Kem,Áo sơ mi,S,Be,2,359000,04/09/2025
HD00601,33732f38-6563-44e9-a85f-09fcdda0aa6f,Blazer Nữ Dáng Ngắn Thời Thượng,Blazer,M,Be,2,790000,04/09/2025
HD00602,409dbb70-64f9-445d-b146-33a6ba02b819,Váy Nữ Dự Tiệc Trễ Vai Sang Chảnh,Váy,S,Đỏ,2,690000,21/10/2025
HD00602,c36ca838-024f-462b-b202-e125f17c3a90,Áo Body Nữ Tay Dài Ôm Sát,Áo body,S,Đen,1,299000,21/10/2025
HD00603,4ef3b541-6c86-4287-8090-28809b3559fe,Giày Chạy Bộ Nam Running Sport,Giày,42,Đen,1,790000,08/11/2025
HD00603,e6f18dbb-acb7-46bb-a116-d6111d7b40f8,Quần Jogger Nam Thể Thao Nỉ,Quần,L,Xám,2,320000,08/11/2025
HD00603,12c3c23d-b26f-4090-b661-3e330f928a84,Nón Thể Thao Unisex,Nón,Free Size,Trắng,2,160000,08/11/2025
HD00604,591f87ca-ccec-4d04-af4e-fe941c4ee72e,Giày Sneaker Trắng Unisex Streetwear,Giày,41,Trắng,2,650000,30/04/2026
HD00604,f79701c0-468d-45ca-a063-f2c32fead22e,Áo Polo Nam Basic,Áo thun,M,Xanh Navy,1,279000,30/04/2026
HD00604,81735139-02ec-4da6-aa6b-74780cb71167,Áo Sơ Mi Nữ Voan Lụa Công Sở,Áo sơ mi,M,Trắng,2,380000,30/04/2026
HD00605,e6f18dbb-acb7-46bb-a116-d6111d7b40f8,Quần Jogger Nam Thể Thao Nỉ,Quần,XL,Xám,1,320000,09/11/2025
HD00605,12c3c23d-b26f-4090-b661-3e330f928a84,Nón Thể Thao Unisex,Nón,Free Size,Trắng,1,160000,09/11/2025
HD00606,bf8bb740-6ff2-40aa-b164-ac144119c781,Giày Tây Nam Derby Lịch Lãm,Giày,40,Xám,1,990000,12/12/2025
HD00606,773638cb-7eea-46c3-8af4-3bce1ecb5dd2,Áo Polo Nam Công Sở Premium,Áo thun,S,Xanh Navy,2,350000,12/12/2025
HD00607,c36ca838-024f-462b-b202-e125f17c3a90,Áo Body Nữ Tay Dài Ôm Sát,Áo body,L,Đen,2,299000,12/01/2026
HD00607,db900625-f6c9-41e1-a4eb-2042fcd9496f,Giày Cao Gót Nữ Đế Nhọn Công Sở,Giày,35,Trắng,1,490000,12/01/2026
HD00607,409dbb70-64f9-445d-b146-33a6ba02b819,Váy Nữ Dự Tiệc Trễ Vai Sang Chảnh,Váy,M,Đỏ,2,690000,12/01/2026
HD00608,0f6632d3-5cf7-42d2-9157-f13f0084a634,Áo Khoác Nam Denim Classic,Áo khoác,L,Xanh,1,550000,14/03/2026
HD00608,1d9f44d7-0657-47ec-baf9-659b9bfe2f6d,Áo Len Nam Cổ Lọ Ấm Áp,Áo len,L,Đen,2,520000,14/03/2026
HD00608,bb06c357-8eb3-4ffe-a765-1307de4e19eb,Mũ Len Unisex Mùa Đông Ấm Áp,Nón,Free Size,Xám,2,150000,14/03/2026
HD00609,7af62054-cb7c-43d5-8a7a-f6de97b8440d,Blazer Nữ Công Sở Premium,Blazer,L,Trắng,1,820000,11/09/2025
HD00609,1d8256e6-c737-4a4c-86b9-b28f0c3112eb,Áo Sơ Mi Nữ Oxford Trắng,Áo sơ mi,S,Trắng,2,329000,11/09/2025
HD00609,2d01e356-ac67-4d6f-83ce-e2c9ad89a55d,Quần Tây Nữ Ống Suông,Quần,M,Đen,1,459000,11/09/2025
HD00610,e6f18dbb-acb7-46bb-a116-d6111d7b40f8,Quần Jogger Nam Thể Thao Nỉ,Quần,XL,Xám,1,320000,01/01/2026
HD00610,12c3c23d-b26f-4090-b661-3e330f928a84,Nón Thể Thao Unisex,Nón,Free Size,Trắng,2,160000,01/01/2026
HD00610,00ea76e6-8a78-4510-9aa1-8c8d3f1e0ea4,Áo Body Nữ Cổ Vuông,Áo body,L,Hồng,1,329000,01/01/2026
HD00611,ca7585c8-ddbf-4d1d-a666-37a7b963d906,Balo Unisex Thời Trang Chống Nước,Nón,Free Size,Trắng,2,450000,31/12/2025
HD00611,d15def0c-3a31-492a-ac97-382525c2218a,Áo Sweater Unisex Trơn Basic,Áo khoác,XL,Nâu,1,320000,31/12/2025
HD00611,d687bdc0-7bd2-4fb3-b157-ef8d3c1b2135,Quần Jogger Unisex Nỉ Basic,Quần,M,Xám,1,280000,31/12/2025
HD00612,4ef3b541-6c86-4287-8090-28809b3559fe,Giày Chạy Bộ Nam Running Sport,Giày,40,Đen,2,790000,21/12/2025
HD00612,e6f18dbb-acb7-46bb-a116-d6111d7b40f8,Quần Jogger Nam Thể Thao Nỉ,Quần,M,Xám,2,320000,21/12/2025
HD00612,bf8bb740-6ff2-40aa-b164-ac144119c781,Giày Tây Nam Derby Lịch Lãm,Giày,40,Xám,2,990000,21/12/2025
HD00613,db900625-f6c9-41e1-a4eb-2042fcd9496f,Giày Cao Gót Nữ Đế Nhọn Công Sở,Giày,39,Trắng,2,490000,13/01/2026
HD00613,c36ca838-024f-462b-b202-e125f17c3a90,Áo Body Nữ Tay Dài Ôm Sát,Áo body,M,Đen,2,299000,13/01/2026
HD00613,409dbb70-64f9-445d-b146-33a6ba02b819,Váy Nữ Dự Tiệc Trễ Vai Sang Chảnh,Váy,M,Đỏ,2,690000,13/01/2026
HD00614,2d01e356-ac67-4d6f-83ce-e2c9ad89a55d,Quần Tây Nữ Ống Suông,Quần,M,Đen,2,459000,17/04/2026
HD00614,1d8256e6-c737-4a4c-86b9-b28f0c3112eb,Áo Sơ Mi Nữ Oxford Trắng,Áo sơ mi,L,Trắng,2,329000,17/04/2026
HD00615,7af62054-cb7c-43d5-8a7a-f6de97b8440d,Blazer Nữ Công Sở Premium,Blazer,L,Trắng,1,820000,09/02/2025
HD00615,1d8256e6-c737-4a4c-86b9-b28f0c3112eb,Áo Sơ Mi Nữ Oxford Trắng,Áo sơ mi,M,Trắng,2,329000,09/02/2025
HD00616,565df8e7-d30d-4935-a0a2-bcd5ab5bf4a2,Quần Jeans Nam Slimfit Đen,Quần,29,Đen,2,549000,02/05/2025
HD00616,591f87ca-ccec-4d04-af4e-fe941c4ee72e,Giày Sneaker Trắng Unisex Streetwear,Giày,41,Trắng,1,650000,02/05/2025
HD00616,740d378a-17ab-4db0-aa7b-961840cb0ad8,Blazer Nữ Premium,Blazer,M,Đen,2,990000,02/05/2025
HD00617,d756eba2-7d66-4274-b91e-a18e6827f867,Giày Boot Da Nam Chelsea Lịch Lãm,Giày,43,Xám,1,1100000,01/10/2025
HD00617,c9abc8f4-c333-4a02-9fdb-0a7346bdc75f,Váy Nữ Hoa Nhí Dáng A,Váy,M,Hồng,1,390000,01/10/2025
HD00617,306ab081-eb9c-4df5-8b30-1f55f1daa354,Quần Kaki Nam Short Casual,Quần,M,Đen,1,249000,01/10/2025
HD00617,81735139-02ec-4da6-aa6b-74780cb71167,Áo Sơ Mi Nữ Voan Lụa Công Sở,Áo sơ mi,M,Trắng,1,380000,01/10/2025
HD00617,dda95a07-c578-4e4d-a707-ee9fa4ee14cc,Áo Len Nam Dệt Kim,Áo len,L,Trắng,1,469000,01/10/2025
HD00618,b518aad8-1fbb-4d46-bc3c-1e531b3b1a8d,Áo Thun Nam Trơn Cổ Tròn,Áo thun,XL,Trắng,2,150000,27/01/2025
HD00618,f60ed1b2-8aed-4bf4-9047-bcdb95f84623,Áo Sơ Mi Nữ Công Sở,Áo sơ mi,L,Trắng,2,279000,27/01/2025
HD00618,b3d420d4-d451-4c61-bd20-6636b4973e09,Cardigan Nữ Len Dệt Kim Kem,Cardigan,S,Be,1,499000,27/01/2025
HD00618,5aee6bb0-ffad-4321-976e-a7a74709d94d,Dép Unisex Quai Ngang Êm Chân,Giày,42,Đen,1,150000,27/01/2025
HD00619,b9070ded-f7bb-4ae7-8384-31f433f188c1,Quần Jogger Nam Kaki Túi Hộp,Quần,L,Đen,2,350000,29/06/2025
HD00619,99f07ede-2b19-4f58-949e-3c20b4da9416,Nón Snapback Unisex Streetwear,Nón,Free Size,Xám,2,220000,29/06/2025
HD00620,0f6632d3-5cf7-42d2-9157-f13f0084a634,Áo Khoác Nam Denim Classic,Áo khoác,L,Xanh,1,550000,22/10/2025
HD00620,bb06c357-8eb3-4ffe-a765-1307de4e19eb,Mũ Len Unisex Mùa Đông Ấm Áp,Nón,Free Size,Xám,2,150000,22/10/2025
HD00620,1d9f44d7-0657-47ec-baf9-659b9bfe2f6d,Áo Len Nam Cổ Lọ Ấm Áp,Áo len,L,Đen,1,520000,22/10/2025
HD00620,c04e8b6a-b8be-4231-9377-710ae7bb8e46,Áo Body Nữ Croptop,Áo body,M,Đen,2,289000,22/10/2025
HD00621,b9070ded-f7bb-4ae7-8384-31f433f188c1,Quần Jogger Nam Kaki Túi Hộp,Quần,M,Đen,1,350000,26/04/2025
HD00621,99f07ede-2b19-4f58-949e-3c20b4da9416,Nón Snapback Unisex Streetwear,Nón,Free Size,Xám,1,220000,26/04/2025
HD00621,8211c7e6-49da-422e-8c8e-61bf0288e356,Áo Thun Nam Oversize Cực Chất,Áo thun,M,Đen,1,220000,26/04/2025
HD00622,99f07ede-2b19-4f58-949e-3c20b4da9416,Nón Snapback Unisex Streetwear,Nón,Free Size,Xám,1,220000,04/01/2025
HD00622,b9070ded-f7bb-4ae7-8384-31f433f188c1,Quần Jogger Nam Kaki Túi Hộp,Quần,M,Đen,2,350000,04/01/2025
HD00622,8211c7e6-49da-422e-8c8e-61bf0288e356,Áo Thun Nam Oversize Cực Chất,Áo thun,XL,Đen,1,220000,04/01/2025
HD00623,c9e6150b-fdf6-4a91-8f2c-d8bab75b9f2b,Hoodie Unisex Local Brand Cực Chất,Áo khoác,M,Nâu,2,399000,15/08/2025
HD00623,591f87ca-ccec-4d04-af4e-fe941c4ee72e,Giày Sneaker Trắng Unisex Streetwear,Giày,38,Trắng,2,650000,15/08/2025
HD00623,b8a6d3f1-ad5c-4c5b-adf9-7e766ed462a5,Nón Bucket Unisex Vải Kaki Trơn,Nón,Free Size,Đen,1,150000,15/08/2025
HD00624,99f07ede-2b19-4f58-949e-3c20b4da9416,Nón Snapback Unisex Streetwear,Nón,Free Size,Xám,1,220000,12/04/2025
HD00624,8211c7e6-49da-422e-8c8e-61bf0288e356,Áo Thun Nam Oversize Cực Chất,Áo thun,M,Đen,2,220000,12/04/2025
HD00624,b9070ded-f7bb-4ae7-8384-31f433f188c1,Quần Jogger Nam Kaki Túi Hộp,Quần,M,Đen,1,350000,12/04/2025
HD00625,7af62054-cb7c-43d5-8a7a-f6de97b8440d,Blazer Nữ Công Sở Premium,Blazer,L,Trắng,2,820000,11/05/2026
HD00625,2d01e356-ac67-4d6f-83ce-e2c9ad89a55d,Quần Tây Nữ Ống Suông,Quần,L,Đen,2,459000,11/05/2026
HD00626,2d01e356-ac67-4d6f-83ce-e2c9ad89a55d,Quần Tây Nữ Ống Suông,Quần,S,Đen,2,459000,31/01/2025
HD00626,7af62054-cb7c-43d5-8a7a-f6de97b8440d,Blazer Nữ Công Sở Premium,Blazer,M,Trắng,2,820000,31/01/2025
HD00626,1d8256e6-c737-4a4c-86b9-b28f0c3112eb,Áo Sơ Mi Nữ Oxford Trắng,Áo sơ mi,M,Trắng,1,329000,31/01/2025
HD00627,b9070ded-f7bb-4ae7-8384-31f433f188c1,Quần Jogger Nam Kaki Túi Hộp,Quần,L,Đen,1,350000,06/10/2025
HD00627,1d9f44d7-0657-47ec-baf9-659b9bfe2f6d,Áo Len Nam Cổ Lọ Ấm Áp,Áo len,M,Đen,1,520000,06/10/2025
HD00628,99f07ede-2b19-4f58-949e-3c20b4da9416,Nón Snapback Unisex Streetwear,Nón,Free Size,Xám,1,220000,31/08/2025
HD00628,b9070ded-f7bb-4ae7-8384-31f433f188c1,Quần Jogger Nam Kaki Túi Hộp,Quần,M,Đen,1,350000,31/08/2025
HD00628,8211c7e6-49da-422e-8c8e-61bf0288e356,Áo Thun Nam Oversize Cực Chất,Áo thun,M,Đen,1,220000,31/08/2025
HD00629,591f87ca-ccec-4d04-af4e-fe941c4ee72e,Giày Sneaker Trắng Unisex Streetwear,Giày,39,Trắng,1,650000,15/04/2026
HD00629,c9e6150b-fdf6-4a91-8f2c-d8bab75b9f2b,Hoodie Unisex Local Brand Cực Chất,Áo khoác,L,Nâu,1,399000,15/04/2026
HD00630,7af62054-cb7c-43d5-8a7a-f6de97b8440d,Blazer Nữ Công Sở Premium,Blazer,L,Trắng,2,820000,22/12/2025
HD00630,2d01e356-ac67-4d6f-83ce-e2c9ad89a55d,Quần Tây Nữ Ống Suông,Quần,S,Đen,2,459000,22/12/2025
HD00630,1d8256e6-c737-4a4c-86b9-b28f0c3112eb,Áo Sơ Mi Nữ Oxford Trắng,Áo sơ mi,M,Trắng,1,329000,22/12/2025
HD00631,f79701c0-468d-45ca-a063-f2c32fead22e,Áo Polo Nam Basic,Áo thun,XL,Xanh Navy,1,279000,07/05/2026
HD00631,565df8e7-d30d-4935-a0a2-bcd5ab5bf4a2,Quần Jeans Nam Slimfit Đen,Quần,32,Đen,1,549000,07/05/2026
HD00632,d15def0c-3a31-492a-ac97-382525c2218a,Áo Sweater Unisex Trơn Basic,Áo khoác,L,Nâu,2,320000,11/04/2026
HD00632,d687bdc0-7bd2-4fb3-b157-ef8d3c1b2135,Quần Jogger Unisex Nỉ Basic,Quần,XL,Xám,1,280000,11/04/2026
HD00633,565df8e7-d30d-4935-a0a2-bcd5ab5bf4a2,Quần Jeans Nam Slimfit Đen,Quần,30,Đen,2,549000,20/08/2025
HD00633,591f87ca-ccec-4d04-af4e-fe941c4ee72e,Giày Sneaker Trắng Unisex Streetwear,Giày,41,Trắng,1,650000,20/08/2025
HD00633,f79701c0-468d-45ca-a063-f2c32fead22e,Áo Polo Nam Basic,Áo thun,S,Xanh Navy,2,279000,20/08/2025
HD00634,1d8256e6-c737-4a4c-86b9-b28f0c3112eb,Áo Sơ Mi Nữ Oxford Trắng,Áo sơ mi,L,Trắng,2,329000,20/03/2026
HD00634,7af62054-cb7c-43d5-8a7a-f6de97b8440d,Blazer Nữ Công Sở Premium,Blazer,M,Trắng,2,820000,20/03/2026
HD00634,2d01e356-ac67-4d6f-83ce-e2c9ad89a55d,Quần Tây Nữ Ống Suông,Quần,L,Đen,2,459000,20/03/2026
HD00635,7af62054-cb7c-43d5-8a7a-f6de97b8440d,Blazer Nữ Công Sở Premium,Blazer,M,Trắng,1,820000,09/05/2025
HD00635,1d8256e6-c737-4a4c-86b9-b28f0c3112eb,Áo Sơ Mi Nữ Oxford Trắng,Áo sơ mi,M,Trắng,2,329000,09/05/2025
HD00635,2d01e356-ac67-4d6f-83ce-e2c9ad89a55d,Quần Tây Nữ Ống Suông,Quần,M,Đen,1,459000,09/05/2025
HD00636,4ef3b541-6c86-4287-8090-28809b3559fe,Giày Chạy Bộ Nam Running Sport,Giày,42,Đen,1,790000,21/04/2026
HD00636,12c3c23d-b26f-4090-b661-3e330f928a84,Nón Thể Thao Unisex,Nón,Free Size,Trắng,2,160000,21/04/2026
HD00636,e6f18dbb-acb7-46bb-a116-d6111d7b40f8,Quần Jogger Nam Thể Thao Nỉ,Quần,XL,Xám,2,320000,21/04/2026
HD00636,6e959b97-7e1c-49d4-a62d-1d3bdaa3a97c,Áo Len Nam Hàn Quốc,Áo len,L,Nâu,2,499000,21/04/2026
HD00637,409dbb70-64f9-445d-b146-33a6ba02b819,Váy Nữ Dự Tiệc Trễ Vai Sang Chảnh,Váy,M,Đỏ,2,690000,03/06/2025
HD00637,db900625-f6c9-41e1-a4eb-2042fcd9496f,Giày Cao Gót Nữ Đế Nhọn Công Sở,Giày,39,Trắng,1,490000,03/06/2025
HD00637,c36ca838-024f-462b-b202-e125f17c3a90,Áo Body Nữ Tay Dài Ôm Sát,Áo body,L,Đen,2,299000,03/06/2025
HD00638,c9e6150b-fdf6-4a91-8f2c-d8bab75b9f2b,Hoodie Unisex Local Brand Cực Chất,Áo khoác,XL,Nâu,1,399000,27/04/2025
HD00638,591f87ca-ccec-4d04-af4e-fe941c4ee72e,Giày Sneaker Trắng Unisex Streetwear,Giày,40,Trắng,1,650000,27/04/2025
HD00638,b8a6d3f1-ad5c-4c5b-adf9-7e766ed462a5,Nón Bucket Unisex Vải Kaki Trơn,Nón,Free Size,Đen,2,150000,27/04/2025
HD00639,f79701c0-468d-45ca-a063-f2c32fead22e,Áo Polo Nam Basic,Áo thun,S,Xanh Navy,1,279000,24/04/2026
HD00639,565df8e7-d30d-4935-a0a2-bcd5ab5bf4a2,Quần Jeans Nam Slimfit Đen,Quần,32,Đen,1,549000,24/04/2026
HD00639,591f87ca-ccec-4d04-af4e-fe941c4ee72e,Giày Sneaker Trắng Unisex Streetwear,Giày,38,Trắng,1,650000,24/04/2026
HD00640,a7c450bf-193d-4223-b178-523acdd5ce71,Quần Kaki Nam Dáng Suông,Quần,31,Kem,1,389000,14/12/2025
HD00640,020a480f-a235-4103-9eaf-f34d0cff36ed,Quần Jeans Nữ Skinny,Quần,S,Xanh,2,489000,14/12/2025
HD00640,863bc572-8ddb-47bc-98e0-bff31818a347,Quần Ống Rộng Nữ,Quần,M,Kem,2,399000,14/12/2025
HD00641,7af62054-cb7c-43d5-8a7a-f6de97b8440d,Blazer Nữ Công Sở Premium,Blazer,L,Trắng,1,820000,11/05/2025
HD00641,1d8256e6-c737-4a4c-86b9-b28f0c3112eb,Áo Sơ Mi Nữ Oxford Trắng,Áo sơ mi,L,Trắng,2,329000,11/05/2025
HD00641,2d01e356-ac67-4d6f-83ce-e2c9ad89a55d,Quần Tây Nữ Ống Suông,Quần,M,Đen,1,459000,11/05/2025
HD00641,b8a6d3f1-ad5c-4c5b-adf9-7e766ed462a5,Nón Bucket Unisex Vải Kaki Trơn,Nón,Free Size,Đen,1,150000,11/05/2025
HD00642,47321475-4386-4cf5-8b77-af01547cd204,Quần Baggy Nữ Hàn Quốc,Quần,S,Đen,2,429000,15/11/2025
HD00642,b3d420d4-d451-4c61-bd20-6636b4973e09,Cardigan Nữ Len Dệt Kim Kem,Cardigan,L,Be,2,499000,15/11/2025
HD00642,e1fb3fad-6974-423e-b5e0-33e5c3f7a559,Áo Khoác Nam Varsity,Áo khoác,XL,Đen Trắng,1,639000,15/11/2025
HD00643,4ef3b541-6c86-4287-8090-28809b3559fe,Giày Chạy Bộ Nam Running Sport,Giày,40,Đen,1,790000,21/01/2026
HD00643,12c3c23d-b26f-4090-b661-3e330f928a84,Nón Thể Thao Unisex,Nón,Free Size,Trắng,1,160000,21/01/2026
HD00643,e6f18dbb-acb7-46bb-a116-d6111d7b40f8,Quần Jogger Nam Thể Thao Nỉ,Quần,L,Xám,2,320000,21/01/2026
HD00643,f905c3e5-b9ef-496a-9516-a5cd2ae75514,Áo Hoodie Unisex Basic,Áo khoác,L,Đen,2,399000,21/01/2026
HD00644,f44172da-7e3c-467e-8c19-187fcb7ae23a,Áo Hoodie Unisex Zip Tiện Lợi,Áo khoác,XL,Đen,1,420000,03/02/2025
HD00644,e1fb3fad-6974-423e-b5e0-33e5c3f7a559,Áo Khoác Nam Varsity,Áo khoác,M,Đen Trắng,1,639000,03/02/2025
HD00645,42df8548-dbbf-40a4-a6f2-f989e10394fd,Blazer Nữ Hàn Quốc,Blazer,L,Kem,2,790000,05/01/2026
HD00645,2d01e356-ac67-4d6f-83ce-e2c9ad89a55d,Quần Tây Nữ Ống Suông,Quần,M,Đen,2,459000,05/01/2026
HD00645,20b29c90-bea4-432c-ac66-0b72cbccdf6a,Áo Sơ Mi Nữ Linen,Áo sơ mi,L,Be,1,359000,05/01/2026
HD00645,b518aad8-1fbb-4d46-bc3c-1e531b3b1a8d,Áo Thun Nam Trơn Cổ Tròn,Áo thun,S,Trắng,2,150000,05/01/2026
HD00645,f44172da-7e3c-467e-8c19-187fcb7ae23a,Áo Hoodie Unisex Zip Tiện Lợi,Áo khoác,L,Đen,2,420000,05/01/2026
HD00646,dda95a07-c578-4e4d-a707-ee9fa4ee14cc,Áo Len Nam Dệt Kim,Áo len,XL,Trắng,1,469000,06/04/2026
HD00646,20ecab60-6f47-43a3-b5a2-8c73d262ff50,Váy Nữ Dự Tiệc Cao Cấp,Váy,L,Đỏ,1,690000,06/04/2026
HD00647,c9e6150b-fdf6-4a91-8f2c-d8bab75b9f2b,Hoodie Unisex Local Brand Cực Chất,Áo khoác,L,Nâu,1,399000,04/09/2025
HD00647,b8a6d3f1-ad5c-4c5b-adf9-7e766ed462a5,Nón Bucket Unisex Vải Kaki Trơn,Nón,Free Size,Đen,2,150000,04/09/2025
HD00647,591f87ca-ccec-4d04-af4e-fe941c4ee72e,Giày Sneaker Trắng Unisex Streetwear,Giày,40,Trắng,2,650000,04/09/2025
HD00648,b9070ded-f7bb-4ae7-8384-31f433f188c1,Quần Jogger Nam Kaki Túi Hộp,Quần,XL,Đen,2,350000,20/11/2025
HD00648,99f07ede-2b19-4f58-949e-3c20b4da9416,Nón Snapback Unisex Streetwear,Nón,Free Size,Xám,1,220000,20/11/2025
HD00648,599c0d70-ee05-4d99-a987-47c5d24f9546,Áo Sweater Unisex In Hình Cá Tính,Áo khoác,XL,Xám,1,350000,20/11/2025
HD00649,db900625-f6c9-41e1-a4eb-2042fcd9496f,Giày Cao Gót Nữ Đế Nhọn Công Sở,Giày,39,Trắng,1,490000,10/02/2026
HD00649,409dbb70-64f9-445d-b146-33a6ba02b819,Váy Nữ Dự Tiệc Trễ Vai Sang Chảnh,Váy,M,Đỏ,2,690000,10/02/2026
HD00649,c36ca838-024f-462b-b202-e125f17c3a90,Áo Body Nữ Tay Dài Ôm Sát,Áo body,L,Đen,1,299000,10/02/2026
HD00650,409dbb70-64f9-445d-b146-33a6ba02b819,Váy Nữ Dự Tiệc Trễ Vai Sang Chảnh,Váy,S,Đỏ,1,690000,05/02/2026
HD00650,c36ca838-024f-462b-b202-e125f17c3a90,Áo Body Nữ Tay Dài Ôm Sát,Áo body,M,Đen,2,299000,05/02/2026
HD00651,b3d420d4-d451-4c61-bd20-6636b4973e09,Cardigan Nữ Len Dệt Kim Kem,Cardigan,L,Be,2,499000,31/10/2025
HD00651,cc14f38d-1c5d-44e4-a577-c2add0a1b47e,Áo Sơ Mi Nữ Linen Kem,Áo sơ mi,S,Be,1,359000,31/10/2025
HD00651,47321475-4386-4cf5-8b77-af01547cd204,Quần Baggy Nữ Hàn Quốc,Quần,L,Đen,2,429000,31/10/2025
HD00652,bf8bb740-6ff2-40aa-b164-ac144119c781,Giày Tây Nam Derby Lịch Lãm,Giày,42,Xám,2,990000,25/10/2025
HD00652,7a707f6c-7a4b-4392-80c8-475eb6eb4bc8,Quần Tây Nam Lịch Lãm Công Sở,Quần,32,Đen,1,489000,25/10/2025
HD00653,d15def0c-3a31-492a-ac97-382525c2218a,Áo Sweater Unisex Trơn Basic,Áo khoác,L,Nâu,2,320000,01/07/2025
HD00653,ca7585c8-ddbf-4d1d-a666-37a7b963d906,Balo Unisex Thời Trang Chống Nước,Nón,Free Size,Trắng,1,450000,01/07/2025
HD00654,e6f18dbb-acb7-46bb-a116-d6111d7b40f8,Quần Jogger Nam Thể Thao Nỉ,Quần,M,Xám,2,320000,13/05/2026
HD00654,4ef3b541-6c86-4287-8090-28809b3559fe,Giày Chạy Bộ Nam Running Sport,Giày,43,Đen,1,790000,13/05/2026
HD00655,db900625-f6c9-41e1-a4eb-2042fcd9496f,Giày Cao Gót Nữ Đế Nhọn Công Sở,Giày,36,Trắng,1,490000,25/05/2025
HD00655,409dbb70-64f9-445d-b146-33a6ba02b819,Váy Nữ Dự Tiệc Trễ Vai Sang Chảnh,Váy,L,Đỏ,2,690000,25/05/2025
HD00656,b9070ded-f7bb-4ae7-8384-31f433f188c1,Quần Jogger Nam Kaki Túi Hộp,Quần,XL,Đen,1,350000,14/05/2025
HD00656,99f07ede-2b19-4f58-949e-3c20b4da9416,Nón Snapback Unisex Streetwear,Nón,Free Size,Xám,2,220000,14/05/2025
HD00656,cda0d51d-8c0e-423b-a4de-8d22cec903bf,Thắt Lưng Da Nữ Khóa Tròn Cổ Điển,Nón,Free Size,Trắng,1,250000,14/05/2025
HD00657,99f07ede-2b19-4f58-949e-3c20b4da9416,Nón Snapback Unisex Streetwear,Nón,Free Size,Xám,1,220000,21/11/2025
HD00657,b9070ded-f7bb-4ae7-8384-31f433f188c1,Quần Jogger Nam Kaki Túi Hộp,Quần,L,Đen,2,350000,21/11/2025
HD00657,b9cffddd-aa22-47ea-b376-34ad81004eed,Blazer Nữ Công Sở,Blazer,L,Trắng,1,820000,21/11/2025
HD00658,7af62054-cb7c-43d5-8a7a-f6de97b8440d,Blazer Nữ Công Sở Premium,Blazer,S,Trắng,2,820000,13/06/2025
HD00658,2d01e356-ac67-4d6f-83ce-e2c9ad89a55d,Quần Tây Nữ Ống Suông,Quần,M,Đen,2,459000,13/06/2025
HD00659,e09cd3a3-73e0-468b-b718-07db41b1465d,Váy Nữ Hoa Vintage,Váy,M,Hồng,1,450000,04/10/2025
HD00659,fbf0bc5c-dbfc-4b4a-9648-0be35b76943f,Quần Jogger Unisex Kaki Túi Hộp,Quần,XL,Đen,1,320000,04/10/2025
HD00659,72b9161e-e55b-4802-a1c7-d7f33e5ccb0d,Quần Jogger Nam,Quần,XL,Xám,1,320000,04/10/2025
HD00660,d15def0c-3a31-492a-ac97-382525c2218a,Áo Sweater Unisex Trơn Basic,Áo khoác,XL,Nâu,1,320000,25/11/2025
HD00660,d687bdc0-7bd2-4fb3-b157-ef8d3c1b2135,Quần Jogger Unisex Nỉ Basic,Quần,M,Xám,1,280000,25/11/2025
HD00661,7a707f6c-7a4b-4392-80c8-475eb6eb4bc8,Quần Tây Nam Lịch Lãm Công Sở,Quần,30,Đen,1,489000,24/08/2025
HD00661,bf8bb740-6ff2-40aa-b164-ac144119c781,Giày Tây Nam Derby Lịch Lãm,Giày,39,Xám,1,990000,24/08/2025
HD00662,c9e6150b-fdf6-4a91-8f2c-d8bab75b9f2b,Hoodie Unisex Local Brand Cực Chất,Áo khoác,XL,Nâu,2,399000,19/05/2025
HD00662,b8a6d3f1-ad5c-4c5b-adf9-7e766ed462a5,Nón Bucket Unisex Vải Kaki Trơn,Nón,Free Size,Đen,1,150000,19/05/2025
HD00663,7af62054-cb7c-43d5-8a7a-f6de97b8440d,Blazer Nữ Công Sở Premium,Blazer,L,Trắng,2,820000,19/09/2025
HD00663,2d01e356-ac67-4d6f-83ce-e2c9ad89a55d,Quần Tây Nữ Ống Suông,Quần,L,Đen,2,459000,19/09/2025
HD00664,7af62054-cb7c-43d5-8a7a-f6de97b8440d,Blazer Nữ Công Sở Premium,Blazer,M,Trắng,1,820000,28/03/2026
HD00664,1d8256e6-c737-4a4c-86b9-b28f0c3112eb,Áo Sơ Mi Nữ Oxford Trắng,Áo sơ mi,L,Trắng,1,329000,28/03/2026
HD00664,2d01e356-ac67-4d6f-83ce-e2c9ad89a55d,Quần Tây Nữ Ống Suông,Quần,M,Đen,2,459000,28/03/2026
HD00665,12c3c23d-b26f-4090-b661-3e330f928a84,Nón Thể Thao Unisex,Nón,Free Size,Trắng,1,160000,21/02/2025
HD00665,e6f18dbb-acb7-46bb-a116-d6111d7b40f8,Quần Jogger Nam Thể Thao Nỉ,Quần,L,Xám,1,320000,21/02/2025
HD00665,d15def0c-3a31-492a-ac97-382525c2218a,Áo Sweater Unisex Trơn Basic,Áo khoác,M,Nâu,2,320000,21/02/2025
HD00666,8211c7e6-49da-422e-8c8e-61bf0288e356,Áo Thun Nam Oversize Cực Chất,Áo thun,L,Đen,1,220000,01/10/2025
HD00666,b9070ded-f7bb-4ae7-8384-31f433f188c1,Quần Jogger Nam Kaki Túi Hộp,Quần,L,Đen,1,350000,01/10/2025
HD00666,99f07ede-2b19-4f58-949e-3c20b4da9416,Nón Snapback Unisex Streetwear,Nón,Free Size,Xám,1,220000,01/10/2025
HD00667,f79701c0-468d-45ca-a063-f2c32fead22e,Áo Polo Nam Basic,Áo thun,M,Xanh Navy,1,279000,14/06/2025
HD00667,565df8e7-d30d-4935-a0a2-bcd5ab5bf4a2,Quần Jeans Nam Slimfit Đen,Quần,29,Đen,2,549000,14/06/2025
HD00668,23cbc0c9-3f70-46ca-82e3-35767699a754,Giày Slip On Unisex Vải Canvas,Giày,39,Đen,1,399000,03/04/2025
HD00668,6217de90-58f8-4c3f-99e7-59c09b50f42d,Áo Khoác Nam Denim,Áo khoác,XL,Xanh,1,559000,03/04/2025
HD00669,52f6d247-50fb-43f7-ab47-14cc9380a683,Áo Sơ Mi Nam Cổ Tàu Casual,Áo sơ mi,M,Nâu,1,299000,30/03/2025
HD00669,256a70eb-d06d-417a-bf57-9b60da0305c5,Giày Thể Thao Nam,Giày,41,Xám,1,720000,30/03/2025
HD00669,93c3d112-b724-48cb-bee5-b2dcef7f1d55,Áo Khoác Gió Unisex Thể Thao,Áo khoác,XL,Đen,2,350000,30/03/2025
HD00669,5b589295-6165-44f3-840e-bdf84d3c964e,Áo Body Nữ Giữ Nhiệt Bamboo Cổ Tròn,Áo body,M,Đen,1,329000,30/03/2025
HD00670,c36ca838-024f-462b-b202-e125f17c3a90,Áo Body Nữ Tay Dài Ôm Sát,Áo body,S,Đen,1,299000,30/04/2025
HD00670,898c5b5f-febc-4b99-837c-f9d94f5e2e07,Váy Nữ Suông Linen Thoải Mái,Váy,L,Xanh,1,420000,30/04/2025
HD00670,00ea76e6-8a78-4510-9aa1-8c8d3f1e0ea4,Áo Body Nữ Cổ Vuông,Áo body,S,Hồng,2,329000,30/04/2025
HD00671,cc14f38d-1c5d-44e4-a577-c2add0a1b47e,Áo Sơ Mi Nữ Linen Kem,Áo sơ mi,M,Be,1,359000,29/03/2025
HD00671,b3d420d4-d451-4c61-bd20-6636b4973e09,Cardigan Nữ Len Dệt Kim Kem,Cardigan,L,Be,1,499000,29/03/2025
HD00672,3519fffb-6ea3-4fe0-947e-6d8b8e470b7a,Váy Nữ Maxi Đi Biển Dịu Dàng,Váy,S,Be,2,550000,14/02/2026
HD00672,fbf0bc5c-dbfc-4b4a-9648-0be35b76943f,Quần Jogger Unisex Kaki Túi Hộp,Quần,M,Đen,1,320000,14/02/2026
HD00672,43d6febf-f863-4841-9ca6-94f3edbcb83a,Giày Búp Bê Nữ Da Mềm Mại,Giày,37,Trắng,1,350000,14/02/2026
HD00673,1d9f44d7-0657-47ec-baf9-659b9bfe2f6d,Áo Len Nam Cổ Lọ Ấm Áp,Áo len,L,Đen,2,520000,20/06/2025
HD00673,bb06c357-8eb3-4ffe-a765-1307de4e19eb,Mũ Len Unisex Mùa Đông Ấm Áp,Nón,Free Size,Xám,2,150000,20/06/2025
HD00673,0f6632d3-5cf7-42d2-9157-f13f0084a634,Áo Khoác Nam Denim Classic,Áo khoác,L,Xanh,1,550000,20/06/2025
HD00674,c36ca838-024f-462b-b202-e125f17c3a90,Áo Body Nữ Tay Dài Ôm Sát,Áo body,L,Đen,2,299000,19/12/2025
HD00674,409dbb70-64f9-445d-b146-33a6ba02b819,Váy Nữ Dự Tiệc Trễ Vai Sang Chảnh,Váy,L,Đỏ,2,690000,19/12/2025
HD00674,db900625-f6c9-41e1-a4eb-2042fcd9496f,Giày Cao Gót Nữ Đế Nhọn Công Sở,Giày,39,Trắng,2,490000,19/12/2025
HD00675,d687bdc0-7bd2-4fb3-b157-ef8d3c1b2135,Quần Jogger Unisex Nỉ Basic,Quần,L,Xám,2,280000,13/03/2026
HD00675,d15def0c-3a31-492a-ac97-382525c2218a,Áo Sweater Unisex Trơn Basic,Áo khoác,L,Nâu,1,320000,13/03/2026
HD00676,773638cb-7eea-46c3-8af4-3bce1ecb5dd2,Áo Polo Nam Công Sở Premium,Áo thun,XL,Xanh Navy,2,350000,19/01/2026
HD00676,bf8bb740-6ff2-40aa-b164-ac144119c781,Giày Tây Nam Derby Lịch Lãm,Giày,42,Xám,2,990000,19/01/2026
HD00677,d15def0c-3a31-492a-ac97-382525c2218a,Áo Sweater Unisex Trơn Basic,Áo khoác,M,Nâu,1,320000,10/03/2026
HD00677,ca7585c8-ddbf-4d1d-a666-37a7b963d906,Balo Unisex Thời Trang Chống Nước,Nón,Free Size,Trắng,1,450000,10/03/2026
HD00678,cc14f38d-1c5d-44e4-a577-c2add0a1b47e,Áo Sơ Mi Nữ Linen Kem,Áo sơ mi,L,Be,1,359000,15/06/2025
HD00678,47321475-4386-4cf5-8b77-af01547cd204,Quần Baggy Nữ Hàn Quốc,Quần,L,Đen,2,429000,15/06/2025
HD00678,dc8af6b0-89d3-409a-98db-fb01be893d15,Giày Sneaker Da Lộn Unisex,Giày,39,Trắng,1,720000,15/06/2025
HD00679,773638cb-7eea-46c3-8af4-3bce1ecb5dd2,Áo Polo Nam Công Sở Premium,Áo thun,S,Xanh Navy,1,350000,24/02/2025
HD00679,7a707f6c-7a4b-4392-80c8-475eb6eb4bc8,Quần Tây Nam Lịch Lãm Công Sở,Quần,33,Đen,2,489000,24/02/2025
HD00680,1d9f44d7-0657-47ec-baf9-659b9bfe2f6d,Áo Len Nam Cổ Lọ Ấm Áp,Áo len,XL,Đen,2,520000,21/11/2025
HD00680,c9e6150b-fdf6-4a91-8f2c-d8bab75b9f2b,Hoodie Unisex Local Brand Cực Chất,Áo khoác,L,Nâu,1,399000,21/11/2025
HD00680,0d2d0b09-60dc-474a-a0d4-d49689e230b8,Quần Jeans Nữ Ống Rộng Culottes,Quần,L,Kem,1,529000,21/11/2025
HD00680,c356d946-1d0c-4868-a400-11e664e1c6c1,Áo Thun Nam Cotton Organic,Áo thun,M,Xám,1,190000,21/11/2025
HD00681,03b22bfb-54c3-42d4-b00d-f03c542dacb4,Áo Polo Nam Sọc Ngang,Áo thun,XL,Trắng,2,289000,24/07/2025
HD00681,e9b18016-ac13-4aa7-8e3b-9df31db133d7,Váy Tennis Nữ,Váy,S,Trắng,2,280000,24/07/2025
HD00681,31c0b020-668f-4c1e-aa4b-e58b7ea7da0f,Nón Lưỡi Trai Basic Unisex,Nón,FreeSize,Đen,2,120000,24/07/2025
HD00682,bb06c357-8eb3-4ffe-a765-1307de4e19eb,Mũ Len Unisex Mùa Đông Ấm Áp,Nón,Free Size,Xám,1,150000,12/01/2026
HD00682,1d9f44d7-0657-47ec-baf9-659b9bfe2f6d,Áo Len Nam Cổ Lọ Ấm Áp,Áo len,M,Đen,1,520000,12/01/2026
HD00682,0f6632d3-5cf7-42d2-9157-f13f0084a634,Áo Khoác Nam Denim Classic,Áo khoác,M,Xanh,2,550000,12/01/2026
HD00683,5b589295-6165-44f3-840e-bdf84d3c964e,Áo Body Nữ Giữ Nhiệt Bamboo Cổ Tròn,Áo body,L,Trắng,2,329000,16/02/2025
HD00683,81735139-02ec-4da6-aa6b-74780cb71167,Áo Sơ Mi Nữ Voan Lụa Công Sở,Áo sơ mi,L,Trắng,2,380000,16/02/2025
HD00683,3dbb0578-dc6f-4fc7-b609-b0fec9796c29,Áo Thun Unisex Loang Màu Tiedye,Áo thun,XL,Đen,2,210000,16/02/2025
HD00683,33732f38-6563-44e9-a85f-09fcdda0aa6f,Blazer Nữ Dáng Ngắn Thời Thượng,Blazer,M,Be,1,790000,16/02/2025
HD00683,7a1e5705-4b19-42f7-a7ec-504fb2481cc2,Thắt Lưng Da Nam Khóa Tự Động,Nón,Free Size,Đen,2,350000,16/02/2025
HD00684,db900625-f6c9-41e1-a4eb-2042fcd9496f,Giày Cao Gót Nữ Đế Nhọn Công Sở,Giày,36,Trắng,1,490000,06/04/2026
HD00684,c36ca838-024f-462b-b202-e125f17c3a90,Áo Body Nữ Tay Dài Ôm Sát,Áo body,L,Đen,1,299000,06/04/2026
HD00684,409dbb70-64f9-445d-b146-33a6ba02b819,Váy Nữ Dự Tiệc Trễ Vai Sang Chảnh,Váy,M,Đỏ,2,690000,06/04/2026
HD00685,591f87ca-ccec-4d04-af4e-fe941c4ee72e,Giày Sneaker Trắng Unisex Streetwear,Giày,41,Trắng,1,650000,19/02/2025
HD00685,f79701c0-468d-45ca-a063-f2c32fead22e,Áo Polo Nam Basic,Áo thun,L,Xanh Navy,2,279000,19/02/2025
HD00685,565df8e7-d30d-4935-a0a2-bcd5ab5bf4a2,Quần Jeans Nam Slimfit Đen,Quần,32,Đen,2,549000,19/02/2025
HD00686,ca7585c8-ddbf-4d1d-a666-37a7b963d906,Balo Unisex Thời Trang Chống Nước,Nón,Free Size,Trắng,1,450000,22/07/2025
HD00686,d687bdc0-7bd2-4fb3-b157-ef8d3c1b2135,Quần Jogger Unisex Nỉ Basic,Quần,M,Xám,1,280000,22/07/2025
HD00686,d15def0c-3a31-492a-ac97-382525c2218a,Áo Sweater Unisex Trơn Basic,Áo khoác,XL,Nâu,2,320000,22/07/2025
HD00687,1d9f44d7-0657-47ec-baf9-659b9bfe2f6d,Áo Len Nam Cổ Lọ Ấm Áp,Áo len,M,Đen,1,520000,10/10/2025
HD00687,bb06c357-8eb3-4ffe-a765-1307de4e19eb,Mũ Len Unisex Mùa Đông Ấm Áp,Nón,Free Size,Xám,1,150000,10/10/2025
HD00687,0f6632d3-5cf7-42d2-9157-f13f0084a634,Áo Khoác Nam Denim Classic,Áo khoác,L,Xanh,1,550000,10/10/2025
HD00688,7a707f6c-7a4b-4392-80c8-475eb6eb4bc8,Quần Tây Nam Lịch Lãm Công Sở,Quần,33,Đen,2,489000,18/09/2025
HD00688,bf8bb740-6ff2-40aa-b164-ac144119c781,Giày Tây Nam Derby Lịch Lãm,Giày,40,Xám,2,990000,18/09/2025
HD00689,7a707f6c-7a4b-4392-80c8-475eb6eb4bc8,Quần Tây Nam Lịch Lãm Công Sở,Quần,33,Đen,2,489000,15/09/2025
HD00689,773638cb-7eea-46c3-8af4-3bce1ecb5dd2,Áo Polo Nam Công Sở Premium,Áo thun,M,Xanh Navy,2,350000,15/09/2025
HD00690,7a707f6c-7a4b-4392-80c8-475eb6eb4bc8,Quần Tây Nam Lịch Lãm Công Sở,Quần,31,Đen,1,489000,26/02/2025
HD00690,bf8bb740-6ff2-40aa-b164-ac144119c781,Giày Tây Nam Derby Lịch Lãm,Giày,39,Xám,2,990000,26/02/2025
HD00691,d687bdc0-7bd2-4fb3-b157-ef8d3c1b2135,Quần Jogger Unisex Nỉ Basic,Quần,XL,Xám,1,280000,10/11/2025
HD00691,ca7585c8-ddbf-4d1d-a666-37a7b963d906,Balo Unisex Thời Trang Chống Nước,Nón,Free Size,Trắng,1,450000,10/11/2025
HD00692,7a707f6c-7a4b-4392-80c8-475eb6eb4bc8,Quần Tây Nam Lịch Lãm Công Sở,Quần,30,Đen,2,489000,03/12/2025
HD00692,773638cb-7eea-46c3-8af4-3bce1ecb5dd2,Áo Polo Nam Công Sở Premium,Áo thun,M,Xanh Navy,2,350000,03/12/2025
HD00692,bf8bb740-6ff2-40aa-b164-ac144119c781,Giày Tây Nam Derby Lịch Lãm,Giày,40,Xám,1,990000,03/12/2025
HD00692,d687bdc0-7bd2-4fb3-b157-ef8d3c1b2135,Quần Jogger Unisex Nỉ Basic,Quần,M,Xám,2,280000,03/12/2025
HD00693,6217de90-58f8-4c3f-99e7-59c09b50f42d,Áo Khoác Nam Denim,Áo khoác,XL,Xanh,1,559000,09/07/2025
HD00693,710b70de-e346-422e-b35a-a3ce277dacb8,Áo Sơ Mi Nữ Cổ Đức Cách Điệu,Áo sơ mi,S,Trắng,1,310000,09/07/2025
HD00694,bb06c357-8eb3-4ffe-a765-1307de4e19eb,Mũ Len Unisex Mùa Đông Ấm Áp,Nón,Free Size,Xám,2,150000,11/03/2026
HD00694,1d9f44d7-0657-47ec-baf9-659b9bfe2f6d,Áo Len Nam Cổ Lọ Ấm Áp,Áo len,L,Đen,1,520000,11/03/2026
HD00695,7a707f6c-7a4b-4392-80c8-475eb6eb4bc8,Quần Tây Nam Lịch Lãm Công Sở,Quần,29,Đen,1,489000,10/05/2025
HD00695,bf8bb740-6ff2-40aa-b164-ac144119c781,Giày Tây Nam Derby Lịch Lãm,Giày,41,Xám,1,990000,10/05/2025
HD00695,773638cb-7eea-46c3-8af4-3bce1ecb5dd2,Áo Polo Nam Công Sở Premium,Áo thun,M,Xanh Navy,1,350000,10/05/2025
HD00696,b9070ded-f7bb-4ae7-8384-31f433f188c1,Quần Jogger Nam Kaki Túi Hộp,Quần,XL,Đen,1,350000,02/12/2025
HD00696,8211c7e6-49da-422e-8c8e-61bf0288e356,Áo Thun Nam Oversize Cực Chất,Áo thun,M,Đen,1,220000,02/12/2025
HD00697,fba0cb23-9cc9-40ed-a279-a57f1c6ac794,Áo Khoác Nam Bomber,Áo khoác,M,Đen,2,499000,04/02/2026
HD00697,1571231f-22cc-4ac1-94b1-c01fcb332ed7,Túi Bao Tử Unisex Chống Nước,Nón,Free Size,Navy,1,220000,04/02/2026
HD00698,7a707f6c-7a4b-4392-80c8-475eb6eb4bc8,Quần Tây Nam Lịch Lãm Công Sở,Quần,29,Đen,1,489000,06/11/2025
HD00698,773638cb-7eea-46c3-8af4-3bce1ecb5dd2,Áo Polo Nam Công Sở Premium,Áo thun,XL,Xanh Navy,1,350000,06/11/2025
HD00699,b3d420d4-d451-4c61-bd20-6636b4973e09,Cardigan Nữ Len Dệt Kim Kem,Cardigan,L,Be,2,499000,05/11/2025
HD00699,47321475-4386-4cf5-8b77-af01547cd204,Quần Baggy Nữ Hàn Quốc,Quần,XL,Đen,2,429000,05/11/2025
HD00700,7a1e5705-4b19-42f7-a7ec-504fb2481cc2,Thắt Lưng Da Nam Khóa Tự Động,Nón,Free Size,Đen,2,350000,19/09/2025
HD00700,46605dff-a9ed-41df-a46a-88d80a783e20,Nón Lưỡi Trai Cao Cấp Unisex,Nón,Free Size,Navy,1,250000,19/09/2025
HD00701,201e6224-a601-46ee-bead-63759fec2f51,Áo Len Nam Cổ Tròn Cashmere,Áo len,S,Xám,2,650000,25/05/2025
HD00701,f60ed1b2-8aed-4bf4-9047-bcdb95f84623,Áo Sơ Mi Nữ Công Sở,Áo sơ mi,L,Xanh nhạt,2,279000,25/05/2025
HD00701,75973f59-8a40-4d42-b894-5375a84f3374,Áo Khoác Varsity Unisex Streetwear,Áo khoác,M,Đen Trắng,2,639000,25/05/2025
HD00701,90594d6e-3ae8-44bc-be8b-4d8d5d4c89fe,Cardigan Nữ Basic,Cardigan,M,Trắng,1,379000,25/05/2025
HD00702,47321475-4386-4cf5-8b77-af01547cd204,Quần Baggy Nữ Hàn Quốc,Quần,M,Đen,1,429000,19/03/2026
HD00702,cc14f38d-1c5d-44e4-a577-c2add0a1b47e,Áo Sơ Mi Nữ Linen Kem,Áo sơ mi,M,Be,2,359000,19/03/2026
HD00702,b3d420d4-d451-4c61-bd20-6636b4973e09,Cardigan Nữ Len Dệt Kim Kem,Cardigan,L,Be,2,499000,19/03/2026
HD00703,20ecab60-6f47-43a3-b5a2-8c73d262ff50,Váy Nữ Dự Tiệc Cao Cấp,Váy,S,Đỏ,2,690000,08/05/2025
HD00703,93c3d112-b724-48cb-bee5-b2dcef7f1d55,Áo Khoác Gió Unisex Thể Thao,Áo khoác,M,Đen,1,350000,08/05/2025
HD00703,710b70de-e346-422e-b35a-a3ce277dacb8,Áo Sơ Mi Nữ Cổ Đức Cách Điệu,Áo sơ mi,S,Trắng,1,310000,08/05/2025
HD00704,565df8e7-d30d-4935-a0a2-bcd5ab5bf4a2,Quần Jeans Nam Slimfit Đen,Quần,32,Đen,1,549000,09/06/2025
HD00704,f79701c0-468d-45ca-a063-f2c32fead22e,Áo Polo Nam Basic,Áo thun,S,Xanh Navy,1,279000,09/06/2025
HD00704,591f87ca-ccec-4d04-af4e-fe941c4ee72e,Giày Sneaker Trắng Unisex Streetwear,Giày,40,Trắng,1,650000,09/06/2025
HD00705,93efef1b-4c47-4682-af31-84004a28c573,Nón Snapback Unisex,Nón,Free Size,Xám,2,220000,27/09/2025
HD00705,01a62d8d-11a8-4f0e-95c8-28324f5438b6,Áo Body Nữ Basic Cổ Lọ,Áo body,M,Trắng,1,269000,27/09/2025
HD00706,f905c3e5-b9ef-496a-9516-a5cd2ae75514,Áo Hoodie Unisex Basic,Áo khoác,L,Nâu,2,399000,27/03/2025
HD00706,46605dff-a9ed-41df-a46a-88d80a783e20,Nón Lưỡi Trai Cao Cấp Unisex,Nón,Free Size,Navy,2,250000,27/03/2025
HD00706,45cc86fe-2abb-4420-8516-4718ae1f9990,Cardigan Nữ Oversize,Cardigan,XL,Nâu,2,459000,27/03/2025
HD00707,2d01e356-ac67-4d6f-83ce-e2c9ad89a55d,Quần Tây Nữ Ống Suông,Quần,S,Đen,1,459000,31/05/2025
HD00707,7af62054-cb7c-43d5-8a7a-f6de97b8440d,Blazer Nữ Công Sở Premium,Blazer,M,Trắng,1,820000,31/05/2025
HD00707,1d8256e6-c737-4a4c-86b9-b28f0c3112eb,Áo Sơ Mi Nữ Oxford Trắng,Áo sơ mi,L,Trắng,1,329000,31/05/2025
HD00707,9456490a-db92-4ace-9320-5e745196fa6b,Áo Thun Polo Unisex Oversize,Áo thun,M,Xanh Navy,2,259000,31/05/2025
HD00708,7a707f6c-7a4b-4392-80c8-475eb6eb4bc8,Quần Tây Nam Lịch Lãm Công Sở,Quần,31,Đen,2,489000,18/05/2025
HD00708,bf8bb740-6ff2-40aa-b164-ac144119c781,Giày Tây Nam Derby Lịch Lãm,Giày,42,Xám,2,990000,18/05/2025
HD00709,d15def0c-3a31-492a-ac97-382525c2218a,Áo Sweater Unisex Trơn Basic,Áo khoác,XL,Nâu,2,320000,12/04/2026
HD00709,d687bdc0-7bd2-4fb3-b157-ef8d3c1b2135,Quần Jogger Unisex Nỉ Basic,Quần,M,Xám,2,280000,12/04/2026
HD00709,ca7585c8-ddbf-4d1d-a666-37a7b963d906,Balo Unisex Thời Trang Chống Nước,Nón,Free Size,Trắng,2,450000,12/04/2026
HD00709,aeefd253-ff9c-45c1-9da7-06ebdf2c502c,Áo Khoác Denim Unisex Form Rộng,Áo khoác,XL,Xanh,2,550000,12/04/2026
HD00710,8211c7e6-49da-422e-8c8e-61bf0288e356,Áo Thun Nam Oversize Cực Chất,Áo thun,XL,Đen,2,220000,03/10/2025
HD00710,b9070ded-f7bb-4ae7-8384-31f433f188c1,Quần Jogger Nam Kaki Túi Hộp,Quần,XL,Đen,1,350000,03/10/2025
HD00711,99f07ede-2b19-4f58-949e-3c20b4da9416,Nón Snapback Unisex Streetwear,Nón,Free Size,Xám,2,220000,26/10/2025
HD00711,8211c7e6-49da-422e-8c8e-61bf0288e356,Áo Thun Nam Oversize Cực Chất,Áo thun,M,Đen,2,220000,26/10/2025
HD00712,4ef3b541-6c86-4287-8090-28809b3559fe,Giày Chạy Bộ Nam Running Sport,Giày,43,Đen,2,790000,20/08/2025
HD00712,e6f18dbb-acb7-46bb-a116-d6111d7b40f8,Quần Jogger Nam Thể Thao Nỉ,Quần,M,Xám,1,320000,20/08/2025
HD00712,12c3c23d-b26f-4090-b661-3e330f928a84,Nón Thể Thao Unisex,Nón,Free Size,Trắng,1,160000,20/08/2025
HD00713,99f07ede-2b19-4f58-949e-3c20b4da9416,Nón Snapback Unisex Streetwear,Nón,Free Size,Xám,1,220000,10/02/2026
HD00713,b9070ded-f7bb-4ae7-8384-31f433f188c1,Quần Jogger Nam Kaki Túi Hộp,Quần,L,Đen,2,350000,10/02/2026
HD00713,8211c7e6-49da-422e-8c8e-61bf0288e356,Áo Thun Nam Oversize Cực Chất,Áo thun,M,Đen,2,220000,10/02/2026
HD00714,1d8256e6-c737-4a4c-86b9-b28f0c3112eb,Áo Sơ Mi Nữ Oxford Trắng,Áo sơ mi,S,Trắng,2,329000,04/03/2025
HD00714,7af62054-cb7c-43d5-8a7a-f6de97b8440d,Blazer Nữ Công Sở Premium,Blazer,S,Trắng,2,820000,04/03/2025
HD00715,d15def0c-3a31-492a-ac97-382525c2218a,Áo Sweater Unisex Trơn Basic,Áo khoác,XL,Nâu,1,320000,27/10/2025
HD00715,d687bdc0-7bd2-4fb3-b157-ef8d3c1b2135,Quần Jogger Unisex Nỉ Basic,Quần,M,Xám,2,280000,27/10/2025
HD00715,ca7585c8-ddbf-4d1d-a666-37a7b963d906,Balo Unisex Thời Trang Chống Nước,Nón,Free Size,Trắng,1,450000,27/10/2025
HD00716,f79701c0-468d-45ca-a063-f2c32fead22e,Áo Polo Nam Basic,Áo thun,M,Xanh Navy,2,279000,29/03/2026
HD00716,591f87ca-ccec-4d04-af4e-fe941c4ee72e,Giày Sneaker Trắng Unisex Streetwear,Giày,39,Trắng,2,650000,29/03/2026
HD00717,591f87ca-ccec-4d04-af4e-fe941c4ee72e,Giày Sneaker Trắng Unisex Streetwear,Giày,39,Trắng,2,650000,28/12/2025
HD00717,b8a6d3f1-ad5c-4c5b-adf9-7e766ed462a5,Nón Bucket Unisex Vải Kaki Trơn,Nón,Free Size,Đen,1,150000,28/12/2025
HD00717,c9e6150b-fdf6-4a91-8f2c-d8bab75b9f2b,Hoodie Unisex Local Brand Cực Chất,Áo khoác,M,Nâu,2,399000,28/12/2025
HD00718,95eb8021-2598-4aeb-92e1-99f5e709c28c,Cardigan Nữ Hàn Quốc,Cardigan,L,Trắng,1,430000,10/07/2025
HD00718,33732f38-6563-44e9-a85f-09fcdda0aa6f,Blazer Nữ Dáng Ngắn Thời Thượng,Blazer,S,Be,1,790000,10/07/2025
HD00718,61017231-ff80-414c-8355-84b4bfd8f3fb,Áo Sơ Mi Nữ Oxford,Áo sơ mi,XL,Trắng,2,329000,10/07/2025
HD00718,872f179f-f0d5-4bcd-a90e-d10870eac50d,Giày Boot Da Nữ Cổ Cao Cá Tính,Giày,37,Trắng,1,890000,10/07/2025
HD00719,7a29452a-b709-4fb1-8dd9-a5d8e53fa194,Váy Nữ Dài,Váy,S,Xanh,1,459000,08/03/2026
HD00719,740d378a-17ab-4db0-aa7b-961840cb0ad8,Blazer Nữ Premium,Blazer,M,Đen,1,990000,08/03/2026
HD00719,61017231-ff80-414c-8355-84b4bfd8f3fb,Áo Sơ Mi Nữ Oxford,Áo sơ mi,L,Trắng,1,329000,08/03/2026
HD00719,0d2d0b09-60dc-474a-a0d4-d49689e230b8,Quần Jeans Nữ Ống Rộng Culottes,Quần,S,Kem,2,529000,08/03/2026
HD00719,f905c3e5-b9ef-496a-9516-a5cd2ae75514,Áo Hoodie Unisex Basic,Áo khoác,M,Nâu,2,399000,08/03/2026
HD00720,e6f18dbb-acb7-46bb-a116-d6111d7b40f8,Quần Jogger Nam Thể Thao Nỉ,Quần,L,Xám,1,320000,07/05/2026
HD00720,12c3c23d-b26f-4090-b661-3e330f928a84,Nón Thể Thao Unisex,Nón,Free Size,Trắng,1,160000,07/05/2026
HD00720,4ef3b541-6c86-4287-8090-28809b3559fe,Giày Chạy Bộ Nam Running Sport,Giày,43,Đen,1,790000,07/05/2026
HD00721,7af62054-cb7c-43d5-8a7a-f6de97b8440d,Blazer Nữ Công Sở Premium,Blazer,M,Trắng,2,820000,10/02/2025
HD00721,2d01e356-ac67-4d6f-83ce-e2c9ad89a55d,Quần Tây Nữ Ống Suông,Quần,L,Đen,1,459000,10/02/2025
HD00721,0537aac5-9d37-4ea1-bee3-5ed3851cc79d,Áo Sơ Mi Nam Vải Linen Xanh,Áo sơ mi,L,Xanh,2,340000,10/02/2025
HD00722,1d9f44d7-0657-47ec-baf9-659b9bfe2f6d,Áo Len Nam Cổ Lọ Ấm Áp,Áo len,M,Đen,2,520000,24/03/2025
HD00722,bb06c357-8eb3-4ffe-a765-1307de4e19eb,Mũ Len Unisex Mùa Đông Ấm Áp,Nón,Free Size,Xám,2,150000,24/03/2025
HD00723,2d01e356-ac67-4d6f-83ce-e2c9ad89a55d,Quần Tây Nữ Ống Suông,Quần,L,Đen,1,459000,27/01/2026
HD00723,7af62054-cb7c-43d5-8a7a-f6de97b8440d,Blazer Nữ Công Sở Premium,Blazer,S,Trắng,1,820000,27/01/2026
HD00724,e9b18016-ac13-4aa7-8e3b-9df31db133d7,Váy Tennis Nữ,Váy,S,Trắng,1,280000,18/04/2025
HD00724,35c4d88a-3b69-47a7-933e-e5bc205c5fd5,Quần Jeans Nữ Skinny Cạp Cao,Quần,M,Xanh,1,489000,18/04/2025
HD00725,d687bdc0-7bd2-4fb3-b157-ef8d3c1b2135,Quần Jogger Unisex Nỉ Basic,Quần,M,Xám,2,280000,04/05/2025
HD00725,ca7585c8-ddbf-4d1d-a666-37a7b963d906,Balo Unisex Thời Trang Chống Nước,Nón,Free Size,Trắng,1,450000,04/05/2025
HD00725,d15def0c-3a31-492a-ac97-382525c2218a,Áo Sweater Unisex Trơn Basic,Áo khoác,XL,Nâu,2,320000,04/05/2025
HD00726,db900625-f6c9-41e1-a4eb-2042fcd9496f,Giày Cao Gót Nữ Đế Nhọn Công Sở,Giày,37,Trắng,1,490000,09/07/2025
HD00726,409dbb70-64f9-445d-b146-33a6ba02b819,Váy Nữ Dự Tiệc Trễ Vai Sang Chảnh,Váy,L,Đỏ,1,690000,09/07/2025
HD00726,c36ca838-024f-462b-b202-e125f17c3a90,Áo Body Nữ Tay Dài Ôm Sát,Áo body,S,Đen,1,299000,09/07/2025
HD00726,5fe8aacd-2167-47c0-925f-693248a365fe,Giày Slip On Unisex,Giày,40,Đen,2,499000,09/07/2025
HD00727,c36ca838-024f-462b-b202-e125f17c3a90,Áo Body Nữ Tay Dài Ôm Sát,Áo body,S,Đen,1,299000,07/11/2025
HD00727,409dbb70-64f9-445d-b146-33a6ba02b819,Váy Nữ Dự Tiệc Trễ Vai Sang Chảnh,Váy,M,Đỏ,1,690000,07/11/2025
HD00727,db900625-f6c9-41e1-a4eb-2042fcd9496f,Giày Cao Gót Nữ Đế Nhọn Công Sở,Giày,36,Trắng,1,490000,07/11/2025
HD00728,d15def0c-3a31-492a-ac97-382525c2218a,Áo Sweater Unisex Trơn Basic,Áo khoác,XL,Nâu,1,320000,17/05/2025
HD00728,d687bdc0-7bd2-4fb3-b157-ef8d3c1b2135,Quần Jogger Unisex Nỉ Basic,Quần,XL,Xám,2,280000,17/05/2025
HD00728,ca7585c8-ddbf-4d1d-a666-37a7b963d906,Balo Unisex Thời Trang Chống Nước,Nón,Free Size,Trắng,2,450000,17/05/2025
HD00729,d15def0c-3a31-492a-ac97-382525c2218a,Áo Sweater Unisex Trơn Basic,Áo khoác,XL,Nâu,1,320000,22/01/2025
HD00729,57d427ce-2cb0-4659-b346-22ed27f9bafa,Quần Baggy Nữ,Quần,L,Đen,1,429000,22/01/2025
HD00730,47321475-4386-4cf5-8b77-af01547cd204,Quần Baggy Nữ Hàn Quốc,Quần,S,Đen,1,429000,29/05/2025
HD00730,b3d420d4-d451-4c61-bd20-6636b4973e09,Cardigan Nữ Len Dệt Kim Kem,Cardigan,L,Be,2,499000,29/05/2025
HD00730,6567b83c-7707-4f60-b9df-577208962783,Blazer Nữ Kẻ Caro Phong Cách Hàn,Blazer,S,Xám,1,850000,29/05/2025
HD00731,9b3e4d7c-96f1-4236-826e-5f32678a9fc4,Quần Jeans Nam,Quần,30,Xanh nhạt,2,549000,04/02/2026
HD00731,668c0c46-b451-49fb-a269-45e518a0a645,Quần Jeans Nam Slimfit,Quần,30,Xanh đậm,2,549000,04/02/2026
HD00731,aeefd253-ff9c-45c1-9da7-06ebdf2c502c,Áo Khoác Denim Unisex Form Rộng,Áo khoác,XL,Xanh,1,550000,04/02/2026
HD00731,b9070ded-f7bb-4ae7-8384-31f433f188c1,Quần Jogger Nam Kaki Túi Hộp,Quần,L,Đen,1,350000,04/02/2026
HD00731,8211c7e6-49da-422e-8c8e-61bf0288e356,Áo Thun Nam Oversize Cực Chất,Áo thun,M,Đen,1,220000,04/02/2026
HD00732,12c3c23d-b26f-4090-b661-3e330f928a84,Nón Thể Thao Unisex,Nón,Free Size,Trắng,2,160000,10/10/2025
HD00732,e6f18dbb-acb7-46bb-a116-d6111d7b40f8,Quần Jogger Nam Thể Thao Nỉ,Quần,XL,Xám,1,320000,10/10/2025
HD00733,773638cb-7eea-46c3-8af4-3bce1ecb5dd2,Áo Polo Nam Công Sở Premium,Áo thun,XXL,Xanh Navy,2,350000,17/09/2025
HD00733,7a707f6c-7a4b-4392-80c8-475eb6eb4bc8,Quần Tây Nam Lịch Lãm Công Sở,Quần,29,Đen,2,489000,17/09/2025
HD00733,bf8bb740-6ff2-40aa-b164-ac144119c781,Giày Tây Nam Derby Lịch Lãm,Giày,40,Xám,1,990000,17/09/2025
HD00734,409dbb70-64f9-445d-b146-33a6ba02b819,Váy Nữ Dự Tiệc Trễ Vai Sang Chảnh,Váy,M,Đỏ,2,690000,18/03/2026
HD00734,c36ca838-024f-462b-b202-e125f17c3a90,Áo Body Nữ Tay Dài Ôm Sát,Áo body,S,Đen,1,299000,18/03/2026
HD00734,db900625-f6c9-41e1-a4eb-2042fcd9496f,Giày Cao Gót Nữ Đế Nhọn Công Sở,Giày,37,Trắng,2,490000,18/03/2026
HD00735,b8a6d3f1-ad5c-4c5b-adf9-7e766ed462a5,Nón Bucket Unisex Vải Kaki Trơn,Nón,Free Size,Đen,2,150000,19/02/2025
HD00735,591f87ca-ccec-4d04-af4e-fe941c4ee72e,Giày Sneaker Trắng Unisex Streetwear,Giày,40,Trắng,1,650000,19/02/2025
HD00736,220243e7-0f72-4253-9861-6ff08f57a586,Áo Len Nam Form Rộng,Áo len,L,Xám,2,559000,21/11/2025
HD00736,12c3c23d-b26f-4090-b661-3e330f928a84,Nón Thể Thao Unisex,Nón,Free Size,Trắng,1,160000,21/11/2025
HD00736,710b70de-e346-422e-b35a-a3ce277dacb8,Áo Sơ Mi Nữ Cổ Đức Cách Điệu,Áo sơ mi,L,Trắng,2,310000,21/11/2025
HD00736,c36ca838-024f-462b-b202-e125f17c3a90,Áo Body Nữ Tay Dài Ôm Sát,Áo body,M,Đen,2,299000,21/11/2025
HD00737,99f07ede-2b19-4f58-949e-3c20b4da9416,Nón Snapback Unisex Streetwear,Nón,Free Size,Xám,1,220000,15/01/2025
HD00737,8211c7e6-49da-422e-8c8e-61bf0288e356,Áo Thun Nam Oversize Cực Chất,Áo thun,M,Đen,2,220000,15/01/2025
HD00737,b9070ded-f7bb-4ae7-8384-31f433f188c1,Quần Jogger Nam Kaki Túi Hộp,Quần,L,Đen,2,350000,15/01/2025
HD00738,773638cb-7eea-46c3-8af4-3bce1ecb5dd2,Áo Polo Nam Công Sở Premium,Áo thun,L,Xanh Navy,2,350000,26/07/2025
HD00738,bf8bb740-6ff2-40aa-b164-ac144119c781,Giày Tây Nam Derby Lịch Lãm,Giày,41,Xám,1,990000,26/07/2025
HD00738,7a707f6c-7a4b-4392-80c8-475eb6eb4bc8,Quần Tây Nam Lịch Lãm Công Sở,Quần,31,Đen,1,489000,26/07/2025
HD00739,aeefd253-ff9c-45c1-9da7-06ebdf2c502c,Áo Khoác Denim Unisex Form Rộng,Áo khoác,XL,Xanh,2,550000,08/03/2025
HD00739,1d99fb01-0c7c-4f56-86b7-e573663b11e2,Áo Thun Nam Oversize Streetwear,Áo thun,L,Trắng,1,239000,08/03/2025
HD00739,5fe8aacd-2167-47c0-925f-693248a365fe,Giày Slip On Unisex,Giày,40,Đen,1,499000,08/03/2025
HD00739,b9070ded-f7bb-4ae7-8384-31f433f188c1,Quần Jogger Nam Kaki Túi Hộp,Quần,L,Đen,1,350000,08/03/2025
HD00740,b3d420d4-d451-4c61-bd20-6636b4973e09,Cardigan Nữ Len Dệt Kim Kem,Cardigan,L,Be,1,499000,17/01/2025
HD00740,cc14f38d-1c5d-44e4-a577-c2add0a1b47e,Áo Sơ Mi Nữ Linen Kem,Áo sơ mi,L,Be,1,359000,17/01/2025
HD00740,47321475-4386-4cf5-8b77-af01547cd204,Quần Baggy Nữ Hàn Quốc,Quần,L,Đen,1,429000,17/01/2025
HD00741,db900625-f6c9-41e1-a4eb-2042fcd9496f,Giày Cao Gót Nữ Đế Nhọn Công Sở,Giày,38,Trắng,1,490000,30/04/2025
HD00741,c36ca838-024f-462b-b202-e125f17c3a90,Áo Body Nữ Tay Dài Ôm Sát,Áo body,S,Đen,2,299000,30/04/2025
HD00742,2d01e356-ac67-4d6f-83ce-e2c9ad89a55d,Quần Tây Nữ Ống Suông,Quần,S,Đen,2,459000,27/10/2025
HD00742,1d8256e6-c737-4a4c-86b9-b28f0c3112eb,Áo Sơ Mi Nữ Oxford Trắng,Áo sơ mi,S,Trắng,1,329000,27/10/2025
HD00742,00ea76e6-8a78-4510-9aa1-8c8d3f1e0ea4,Áo Body Nữ Cổ Vuông,Áo body,L,Hồng,1,329000,27/10/2025
HD00743,105ad1ba-828c-468d-b1e2-33860aced25e,Giày Tây Nam Oxford Da Bò,Giày,40,Xám,1,1200000,05/12/2025
HD00743,1d9f44d7-0657-47ec-baf9-659b9bfe2f6d,Áo Len Nam Cổ Lọ Ấm Áp,Áo len,L,Đen,2,520000,05/12/2025
HD00744,f60ed1b2-8aed-4bf4-9047-bcdb95f84623,Áo Sơ Mi Nữ Công Sở,Áo sơ mi,XL,Xanh nhạt,1,279000,10/07/2025
HD00744,bf8bb740-6ff2-40aa-b164-ac144119c781,Giày Tây Nam Derby Lịch Lãm,Giày,40,Xám,2,990000,10/07/2025
HD00745,46605dff-a9ed-41df-a46a-88d80a783e20,Nón Lưỡi Trai Cao Cấp Unisex,Nón,Free Size,Navy,2,250000,03/05/2026
HD00745,9339978c-7737-41bc-b043-029aeb186aac,Áo Polo Nam Basic,Áo thun,L,Xanh Navy,1,279000,03/05/2026
HD00745,3d8984b4-57a3-4d52-913c-2a11d9222ede,Áo Thun Nam Basic,Áo thun,M,Trắng,2,199000,03/05/2026
HD00746,db900625-f6c9-41e1-a4eb-2042fcd9496f,Giày Cao Gót Nữ Đế Nhọn Công Sở,Giày,36,Trắng,1,490000,12/04/2025
HD00746,c36ca838-024f-462b-b202-e125f17c3a90,Áo Body Nữ Tay Dài Ôm Sát,Áo body,L,Đen,1,299000,12/04/2025
HD00747,e6f18dbb-acb7-46bb-a116-d6111d7b40f8,Quần Jogger Nam Thể Thao Nỉ,Quần,XL,Xám,2,320000,15/05/2025
HD00747,4ef3b541-6c86-4287-8090-28809b3559fe,Giày Chạy Bộ Nam Running Sport,Giày,43,Đen,2,790000,15/05/2025
HD00748,c90322dd-72a9-41d6-bbd0-c581d78ab911,Giày Sneaker Trắng Unisex,Giày,40,Trắng,1,650000,19/01/2025
HD00748,f60ed1b2-8aed-4bf4-9047-bcdb95f84623,Áo Sơ Mi Nữ Công Sở,Áo sơ mi,M,Nâu,2,279000,19/01/2025
HD00748,dc8af6b0-89d3-409a-98db-fb01be893d15,Giày Sneaker Da Lộn Unisex,Giày,38,Trắng,1,720000,19/01/2025
HD00748,b44f5194-d6f8-497b-b568-738d7d09c9e4,Áo Thun Nữ Croptop Cổ Tim,Áo thun,S,Trắng,1,120000,19/01/2025
HD00749,d15def0c-3a31-492a-ac97-382525c2218a,Áo Sweater Unisex Trơn Basic,Áo khoác,XL,Nâu,1,320000,04/08/2025
HD00749,d687bdc0-7bd2-4fb3-b157-ef8d3c1b2135,Quần Jogger Unisex Nỉ Basic,Quần,M,Xám,1,280000,04/08/2025
HD00749,ca7585c8-ddbf-4d1d-a666-37a7b963d906,Balo Unisex Thời Trang Chống Nước,Nón,Free Size,Trắng,1,450000,04/08/2025
HD00750,d687bdc0-7bd2-4fb3-b157-ef8d3c1b2135,Quần Jogger Unisex Nỉ Basic,Quần,L,Xám,1,280000,13/11/2025
HD00750,ca7585c8-ddbf-4d1d-a666-37a7b963d906,Balo Unisex Thời Trang Chống Nước,Nón,Free Size,Trắng,2,450000,13/11/2025
HD00750,d15def0c-3a31-492a-ac97-382525c2218a,Áo Sweater Unisex Trơn Basic,Áo khoác,L,Nâu,2,320000,13/11/2025
HD00750,863bc572-8ddb-47bc-98e0-bff31818a347,Quần Ống Rộng Nữ,Quần,M,Kem,2,399000,13/11/2025
HD00751,b9cffddd-aa22-47ea-b376-34ad81004eed,Blazer Nữ Công Sở,Blazer,M,Trắng,1,820000,24/08/2025
HD00751,12c3c23d-b26f-4090-b661-3e330f928a84,Nón Thể Thao Unisex,Nón,Free Size,Trắng,2,160000,24/08/2025
HD00751,0e0448a2-c2bd-4e80-b627-8787750e4656,Áo Sơ Mi Nam Caro,Áo sơ mi,L,Đỏ,1,299000,24/08/2025
HD00752,23cbc0c9-3f70-46ca-82e3-35767699a754,Giày Slip On Unisex Vải Canvas,Giày,39,Đen,1,399000,17/10/2025
HD00752,e7988e60-9056-472a-b914-5ab26da5917c,Quần Jeans Nam Rách Gối Streetwear,Quần,31,Xanh nhạt,1,599000,17/10/2025
HD00752,6b452c2a-fe5a-4690-b45c-b4a40e2c0822,Nón Thể Thao Unisex,Nón,Free Size,Trắng,1,190000,17/10/2025
HD00752,20ecab60-6f47-43a3-b5a2-8c73d262ff50,Váy Nữ Dự Tiệc Cao Cấp,Váy,M,Đỏ,2,690000,17/10/2025
HD00752,1571231f-22cc-4ac1-94b1-c01fcb332ed7,Túi Bao Tử Unisex Chống Nước,Nón,Free Size,Navy,1,220000,17/10/2025
HD00753,cc14f38d-1c5d-44e4-a577-c2add0a1b47e,Áo Sơ Mi Nữ Linen Kem,Áo sơ mi,L,Be,2,359000,20/04/2025
HD00753,47321475-4386-4cf5-8b77-af01547cd204,Quần Baggy Nữ Hàn Quốc,Quần,L,Đen,1,429000,20/04/2025
HD00753,e6f18dbb-acb7-46bb-a116-d6111d7b40f8,Quần Jogger Nam Thể Thao Nỉ,Quần,M,Xám,1,320000,20/04/2025
HD00754,5aee6bb0-ffad-4321-976e-a7a74709d94d,Dép Unisex Quai Ngang Êm Chân,Giày,36,Đen,1,150000,01/06/2025
HD00754,6567b83c-7707-4f60-b9df-577208962783,Blazer Nữ Kẻ Caro Phong Cách Hàn,Blazer,M,Xám,2,850000,01/06/2025
HD00754,12c3c23d-b26f-4090-b661-3e330f928a84,Nón Thể Thao Unisex,Nón,Free Size,Trắng,2,160000,01/06/2025
HD00754,3dbb0578-dc6f-4fc7-b609-b0fec9796c29,Áo Thun Unisex Loang Màu Tiedye,Áo thun,M,Đen,1,210000,01/06/2025
HD00754,6b452c2a-fe5a-4690-b45c-b4a40e2c0822,Nón Thể Thao Unisex,Nón,Free Size,Trắng,2,190000,01/06/2025
HD00755,591f87ca-ccec-4d04-af4e-fe941c4ee72e,Giày Sneaker Trắng Unisex Streetwear,Giày,42,Trắng,1,650000,18/01/2025
HD00755,f79701c0-468d-45ca-a063-f2c32fead22e,Áo Polo Nam Basic,Áo thun,L,Xanh Navy,1,279000,18/01/2025
HD00756,bf8bb740-6ff2-40aa-b164-ac144119c781,Giày Tây Nam Derby Lịch Lãm,Giày,39,Xám,1,990000,19/03/2026
HD00756,773638cb-7eea-46c3-8af4-3bce1ecb5dd2,Áo Polo Nam Công Sở Premium,Áo thun,S,Xanh Navy,2,350000,19/03/2026
HD00756,e6f18dbb-acb7-46bb-a116-d6111d7b40f8,Quần Jogger Nam Thể Thao Nỉ,Quần,XL,Xám,1,320000,19/03/2026
HD00757,b3d420d4-d451-4c61-bd20-6636b4973e09,Cardigan Nữ Len Dệt Kim Kem,Cardigan,M,Be,1,499000,17/05/2025
HD00757,cc14f38d-1c5d-44e4-a577-c2add0a1b47e,Áo Sơ Mi Nữ Linen Kem,Áo sơ mi,M,Be,2,359000,17/05/2025
HD00757,47321475-4386-4cf5-8b77-af01547cd204,Quần Baggy Nữ Hàn Quốc,Quần,M,Đen,1,429000,17/05/2025
HD00758,8211c7e6-49da-422e-8c8e-61bf0288e356,Áo Thun Nam Oversize Cực Chất,Áo thun,L,Đen,1,220000,02/02/2026
HD00758,b9070ded-f7bb-4ae7-8384-31f433f188c1,Quần Jogger Nam Kaki Túi Hộp,Quần,L,Đen,1,350000,02/02/2026
HD00759,565df8e7-d30d-4935-a0a2-bcd5ab5bf4a2,Quần Jeans Nam Slimfit Đen,Quần,31,Đen,2,549000,08/10/2025
HD00759,f79701c0-468d-45ca-a063-f2c32fead22e,Áo Polo Nam Basic,Áo thun,XL,Xanh Navy,1,279000,08/10/2025
HD00760,9339978c-7737-41bc-b043-029aeb186aac,Áo Polo Nam Basic,Áo thun,L,Xanh Navy,1,279000,04/02/2025
HD00760,773638cb-7eea-46c3-8af4-3bce1ecb5dd2,Áo Polo Nam Công Sở Premium,Áo thun,XL,Xanh Navy,2,350000,04/02/2025
HD00760,7a29452a-b709-4fb1-8dd9-a5d8e53fa194,Váy Nữ Dài,Váy,L,Xanh,2,459000,04/02/2025
HD00760,f44172da-7e3c-467e-8c19-187fcb7ae23a,Áo Hoodie Unisex Zip Tiện Lợi,Áo khoác,L,Đen,2,420000,04/02/2025
HD00760,72b9161e-e55b-4802-a1c7-d7f33e5ccb0d,Quần Jogger Nam,Quần,L,Xám,1,320000,04/02/2025
HD00761,cc14f38d-1c5d-44e4-a577-c2add0a1b47e,Áo Sơ Mi Nữ Linen Kem,Áo sơ mi,S,Be,1,359000,02/03/2025
HD00761,b3d420d4-d451-4c61-bd20-6636b4973e09,Cardigan Nữ Len Dệt Kim Kem,Cardigan,L,Be,1,499000,02/03/2025
HD00761,47321475-4386-4cf5-8b77-af01547cd204,Quần Baggy Nữ Hàn Quốc,Quần,L,Đen,1,429000,02/03/2025
HD00762,47321475-4386-4cf5-8b77-af01547cd204,Quần Baggy Nữ Hàn Quốc,Quần,XL,Đen,2,429000,27/01/2025
HD00762,cc14f38d-1c5d-44e4-a577-c2add0a1b47e,Áo Sơ Mi Nữ Linen Kem,Áo sơ mi,S,Be,1,359000,27/01/2025
HD00763,cc14f38d-1c5d-44e4-a577-c2add0a1b47e,Áo Sơ Mi Nữ Linen Kem,Áo sơ mi,L,Be,2,359000,30/07/2025
HD00763,47321475-4386-4cf5-8b77-af01547cd204,Quần Baggy Nữ Hàn Quốc,Quần,S,Đen,2,429000,30/07/2025
HD00764,1d8256e6-c737-4a4c-86b9-b28f0c3112eb,Áo Sơ Mi Nữ Oxford Trắng,Áo sơ mi,L,Trắng,1,329000,20/05/2025
HD00764,7af62054-cb7c-43d5-8a7a-f6de97b8440d,Blazer Nữ Công Sở Premium,Blazer,M,Trắng,1,820000,20/05/2025
HD00765,12c3c23d-b26f-4090-b661-3e330f928a84,Nón Thể Thao Unisex,Nón,Free Size,Trắng,2,160000,18/11/2025
HD00765,4ef3b541-6c86-4287-8090-28809b3559fe,Giày Chạy Bộ Nam Running Sport,Giày,42,Đen,2,790000,18/11/2025
HD00765,e6f18dbb-acb7-46bb-a116-d6111d7b40f8,Quần Jogger Nam Thể Thao Nỉ,Quần,L,Xám,1,320000,18/11/2025
HD00765,020a480f-a235-4103-9eaf-f34d0cff36ed,Quần Jeans Nữ Skinny,Quần,M,Xanh,1,489000,18/11/2025
HD00766,e6f18dbb-acb7-46bb-a116-d6111d7b40f8,Quần Jogger Nam Thể Thao Nỉ,Quần,XL,Xám,2,320000,18/07/2025
HD00766,12c3c23d-b26f-4090-b661-3e330f928a84,Nón Thể Thao Unisex,Nón,Free Size,Trắng,2,160000,18/07/2025
HD00767,b3d420d4-d451-4c61-bd20-6636b4973e09,Cardigan Nữ Len Dệt Kim Kem,Cardigan,L,Be,1,499000,08/02/2026
HD00767,47321475-4386-4cf5-8b77-af01547cd204,Quần Baggy Nữ Hàn Quốc,Quần,S,Đen,2,429000,08/02/2026
HD00767,cc14f38d-1c5d-44e4-a577-c2add0a1b47e,Áo Sơ Mi Nữ Linen Kem,Áo sơ mi,S,Be,2,359000,08/02/2026
HD00768,565df8e7-d30d-4935-a0a2-bcd5ab5bf4a2,Quần Jeans Nam Slimfit Đen,Quần,29,Đen,2,549000,20/10/2025
HD00768,591f87ca-ccec-4d04-af4e-fe941c4ee72e,Giày Sneaker Trắng Unisex Streetwear,Giày,40,Trắng,1,650000,20/10/2025
HD00768,f79701c0-468d-45ca-a063-f2c32fead22e,Áo Polo Nam Basic,Áo thun,S,Xanh Navy,1,279000,20/10/2025
HD00769,bf8bb740-6ff2-40aa-b164-ac144119c781,Giày Tây Nam Derby Lịch Lãm,Giày,39,Xám,1,990000,18/01/2026
HD00769,7a707f6c-7a4b-4392-80c8-475eb6eb4bc8,Quần Tây Nam Lịch Lãm Công Sở,Quần,29,Đen,2,489000,18/01/2026
HD00770,b3d420d4-d451-4c61-bd20-6636b4973e09,Cardigan Nữ Len Dệt Kim Kem,Cardigan,L,Be,2,499000,24/11/2025
HD00770,47321475-4386-4cf5-8b77-af01547cd204,Quần Baggy Nữ Hàn Quốc,Quần,XL,Đen,2,429000,24/11/2025
HD00770,cc14f38d-1c5d-44e4-a577-c2add0a1b47e,Áo Sơ Mi Nữ Linen Kem,Áo sơ mi,S,Be,2,359000,24/11/2025
HD00771,f79701c0-468d-45ca-a063-f2c32fead22e,Áo Polo Nam Basic,Áo thun,S,Xanh Navy,2,279000,06/11/2025
HD00771,591f87ca-ccec-4d04-af4e-fe941c4ee72e,Giày Sneaker Trắng Unisex Streetwear,Giày,41,Trắng,1,650000,06/11/2025
HD00771,565df8e7-d30d-4935-a0a2-bcd5ab5bf4a2,Quần Jeans Nam Slimfit Đen,Quần,31,Đen,1,549000,06/11/2025
HD00772,773638cb-7eea-46c3-8af4-3bce1ecb5dd2,Áo Polo Nam Công Sở Premium,Áo thun,XL,Xanh Navy,2,350000,25/09/2025
HD00772,bf8bb740-6ff2-40aa-b164-ac144119c781,Giày Tây Nam Derby Lịch Lãm,Giày,40,Xám,1,990000,25/09/2025
HD00773,42df8548-dbbf-40a4-a6f2-f989e10394fd,Blazer Nữ Hàn Quốc,Blazer,M,Kem,1,790000,26/10/2025
HD00773,d15def0c-3a31-492a-ac97-382525c2218a,Áo Sweater Unisex Trơn Basic,Áo khoác,XL,Nâu,1,320000,26/10/2025
HD00773,1654922e-d123-4e17-9ca0-cdae32820ab6,Vớ Unisex Cotton Cổ Cao Sọc,Nón,Free Size,Trắng,1,49000,26/10/2025
HD00773,c9e6150b-fdf6-4a91-8f2c-d8bab75b9f2b,Hoodie Unisex Local Brand Cực Chất,Áo khoác,L,Nâu,1,399000,26/10/2025
HD00774,8a7e2af6-1dec-44a6-bf40-5c5c403abe8c,Áo Sơ Mi Nam Vải Oxford Trắng,Áo sơ mi,XL,Trắng,1,320000,12/09/2025
HD00774,206646b2-8c77-4e51-b71d-a942c17cbc4b,Quần Short Unisex Dù Gió,Quần,L,Xanh,2,150000,12/09/2025
HD00774,565df8e7-d30d-4935-a0a2-bcd5ab5bf4a2,Quần Jeans Nam Slimfit Đen,Quần,31,Đen,1,549000,12/09/2025
HD00774,95eb8021-2598-4aeb-92e1-99f5e709c28c,Cardigan Nữ Hàn Quốc,Cardigan,L,Đen,1,430000,12/09/2025
HD00775,cc14f38d-1c5d-44e4-a577-c2add0a1b47e,Áo Sơ Mi Nữ Linen Kem,Áo sơ mi,L,Be,1,359000,29/06/2025
HD00775,b3d420d4-d451-4c61-bd20-6636b4973e09,Cardigan Nữ Len Dệt Kim Kem,Cardigan,M,Be,1,499000,29/06/2025
HD00775,fc61ed45-ce98-480f-a519-02961cff9b10,Giày Chạy Bộ Nữ Siêu Nhẹ,Giày,39,Đen,1,750000,29/06/2025
HD00776,7af62054-cb7c-43d5-8a7a-f6de97b8440d,Blazer Nữ Công Sở Premium,Blazer,S,Trắng,1,820000,30/03/2025
HD00776,1d8256e6-c737-4a4c-86b9-b28f0c3112eb,Áo Sơ Mi Nữ Oxford Trắng,Áo sơ mi,S,Trắng,2,329000,30/03/2025
HD00776,2d01e356-ac67-4d6f-83ce-e2c9ad89a55d,Quần Tây Nữ Ống Suông,Quần,M,Đen,1,459000,30/03/2025
HD00777,cc14f38d-1c5d-44e4-a577-c2add0a1b47e,Áo Sơ Mi Nữ Linen Kem,Áo sơ mi,L,Be,1,359000,23/11/2025
HD00777,b3d420d4-d451-4c61-bd20-6636b4973e09,Cardigan Nữ Len Dệt Kim Kem,Cardigan,L,Be,1,499000,23/11/2025
HD00778,d15def0c-3a31-492a-ac97-382525c2218a,Áo Sweater Unisex Trơn Basic,Áo khoác,L,Nâu,2,320000,13/07/2025
HD00778,d687bdc0-7bd2-4fb3-b157-ef8d3c1b2135,Quần Jogger Unisex Nỉ Basic,Quần,XL,Xám,1,280000,13/07/2025
HD00778,ca7585c8-ddbf-4d1d-a666-37a7b963d906,Balo Unisex Thời Trang Chống Nước,Nón,Free Size,Trắng,1,450000,13/07/2025
HD00779,12c3c23d-b26f-4090-b661-3e330f928a84,Nón Thể Thao Unisex,Nón,Free Size,Trắng,2,160000,08/05/2025
HD00779,e6f18dbb-acb7-46bb-a116-d6111d7b40f8,Quần Jogger Nam Thể Thao Nỉ,Quần,L,Xám,1,320000,08/05/2025
HD00780,b8a6d3f1-ad5c-4c5b-adf9-7e766ed462a5,Nón Bucket Unisex Vải Kaki Trơn,Nón,Free Size,Đen,1,150000,27/02/2026
HD00780,591f87ca-ccec-4d04-af4e-fe941c4ee72e,Giày Sneaker Trắng Unisex Streetwear,Giày,38,Trắng,2,650000,27/02/2026
HD00781,cc14f38d-1c5d-44e4-a577-c2add0a1b47e,Áo Sơ Mi Nữ Linen Kem,Áo sơ mi,M,Be,1,359000,02/01/2026
HD00781,b3d420d4-d451-4c61-bd20-6636b4973e09,Cardigan Nữ Len Dệt Kim Kem,Cardigan,L,Be,1,499000,02/01/2026
HD00781,47321475-4386-4cf5-8b77-af01547cd204,Quần Baggy Nữ Hàn Quốc,Quần,S,Đen,2,429000,02/01/2026
HD00781,81735139-02ec-4da6-aa6b-74780cb71167,Áo Sơ Mi Nữ Voan Lụa Công Sở,Áo sơ mi,XL,Trắng,1,380000,02/01/2026
HD00782,7af62054-cb7c-43d5-8a7a-f6de97b8440d,Blazer Nữ Công Sở Premium,Blazer,S,Trắng,2,820000,02/02/2026
HD00782,2d01e356-ac67-4d6f-83ce-e2c9ad89a55d,Quần Tây Nữ Ống Suông,Quần,S,Đen,1,459000,02/02/2026
HD00782,1d8256e6-c737-4a4c-86b9-b28f0c3112eb,Áo Sơ Mi Nữ Oxford Trắng,Áo sơ mi,L,Trắng,1,329000,02/02/2026
HD00783,e6f18dbb-acb7-46bb-a116-d6111d7b40f8,Quần Jogger Nam Thể Thao Nỉ,Quần,L,Xám,2,320000,05/06/2025
HD00783,6e959b97-7e1c-49d4-a62d-1d3bdaa3a97c,Áo Len Nam Hàn Quốc,Áo len,L,Nâu,2,499000,05/06/2025
HD00783,e1fb3fad-6974-423e-b5e0-33e5c3f7a559,Áo Khoác Nam Varsity,Áo khoác,M,Đen Trắng,2,639000,05/06/2025
HD00783,a9bbcc47-d51e-49fb-aab9-04649744ad76,Áo Thun Nam Cổ Tim Trơn,Áo thun,M,Đen,1,160000,05/06/2025
HD00784,409dbb70-64f9-445d-b146-33a6ba02b819,Váy Nữ Dự Tiệc Trễ Vai Sang Chảnh,Váy,L,Đỏ,2,690000,02/12/2025
HD00784,db900625-f6c9-41e1-a4eb-2042fcd9496f,Giày Cao Gót Nữ Đế Nhọn Công Sở,Giày,36,Trắng,1,490000,02/12/2025
HD00784,c36ca838-024f-462b-b202-e125f17c3a90,Áo Body Nữ Tay Dài Ôm Sát,Áo body,M,Đen,2,299000,02/12/2025
HD00785,c36ca838-024f-462b-b202-e125f17c3a90,Áo Body Nữ Tay Dài Ôm Sát,Áo body,L,Đen,2,299000,10/12/2025
HD00785,409dbb70-64f9-445d-b146-33a6ba02b819,Váy Nữ Dự Tiệc Trễ Vai Sang Chảnh,Váy,L,Đỏ,1,690000,10/12/2025
HD00785,db900625-f6c9-41e1-a4eb-2042fcd9496f,Giày Cao Gót Nữ Đế Nhọn Công Sở,Giày,36,Trắng,2,490000,10/12/2025
HD00786,6d9ff3b3-09bc-4a76-b2f0-891905840fe3,Áo Thun Nữ Form Rộng Giấu Quần,Áo thun,M,Trắng,1,160000,26/12/2025
HD00786,5b589295-6165-44f3-840e-bdf84d3c964e,Áo Body Nữ Giữ Nhiệt Bamboo Cổ Tròn,Áo body,M,Đen,2,329000,26/12/2025
HD00786,b44f5194-d6f8-497b-b568-738d7d09c9e4,Áo Thun Nữ Croptop Cổ Tim,Áo thun,S,Trắng,1,120000,26/12/2025
HD00786,7cdfc8c2-6d7e-4c07-9981-f669040ff7a9,Áo Khoác Gió Nam Chống Nước,Áo khoác,L,Đen,1,450000,26/12/2025
HD00786,45cc86fe-2abb-4420-8516-4718ae1f9990,Cardigan Nữ Oversize,Cardigan,XL,Nâu,1,459000,26/12/2025
HD00787,c9e6150b-fdf6-4a91-8f2c-d8bab75b9f2b,Hoodie Unisex Local Brand Cực Chất,Áo khoác,XL,Nâu,1,399000,05/05/2026
HD00787,591f87ca-ccec-4d04-af4e-fe941c4ee72e,Giày Sneaker Trắng Unisex Streetwear,Giày,41,Trắng,1,650000,05/05/2026
HD00788,591f87ca-ccec-4d04-af4e-fe941c4ee72e,Giày Sneaker Trắng Unisex Streetwear,Giày,38,Trắng,2,650000,30/12/2025
HD00788,f79701c0-468d-45ca-a063-f2c32fead22e,Áo Polo Nam Basic,Áo thun,S,Xanh Navy,2,279000,30/12/2025
HD00789,93efef1b-4c47-4682-af31-84004a28c573,Nón Snapback Unisex,Nón,Free Size,Xám,1,220000,19/09/2025
HD00789,020a480f-a235-4103-9eaf-f34d0cff36ed,Quần Jeans Nữ Skinny,Quần,M,Xanh,2,489000,19/09/2025
HD00789,fc61ed45-ce98-480f-a519-02961cff9b10,Giày Chạy Bộ Nữ Siêu Nhẹ,Giày,36,Đen,1,750000,19/09/2025
HD00789,201e6224-a601-46ee-bead-63759fec2f51,Áo Len Nam Cổ Tròn Cashmere,Áo len,M,Xám,2,650000,19/09/2025
HD00790,7a707f6c-7a4b-4392-80c8-475eb6eb4bc8,Quần Tây Nam Lịch Lãm Công Sở,Quần,32,Đen,2,489000,22/02/2025
HD00790,773638cb-7eea-46c3-8af4-3bce1ecb5dd2,Áo Polo Nam Công Sở Premium,Áo thun,M,Xanh Navy,1,350000,22/02/2025
HD00791,409dbb70-64f9-445d-b146-33a6ba02b819,Váy Nữ Dự Tiệc Trễ Vai Sang Chảnh,Váy,M,Đỏ,2,690000,12/02/2026
HD00791,db900625-f6c9-41e1-a4eb-2042fcd9496f,Giày Cao Gót Nữ Đế Nhọn Công Sở,Giày,39,Trắng,2,490000,12/02/2026
HD00792,d687bdc0-7bd2-4fb3-b157-ef8d3c1b2135,Quần Jogger Unisex Nỉ Basic,Quần,L,Xám,1,280000,26/07/2025
HD00792,d15def0c-3a31-492a-ac97-382525c2218a,Áo Sweater Unisex Trơn Basic,Áo khoác,M,Nâu,2,320000,26/07/2025
HD00793,d687bdc0-7bd2-4fb3-b157-ef8d3c1b2135,Quần Jogger Unisex Nỉ Basic,Quần,L,Xám,2,280000,03/04/2026
HD00793,d15def0c-3a31-492a-ac97-382525c2218a,Áo Sweater Unisex Trơn Basic,Áo khoác,XL,Nâu,1,320000,03/04/2026
HD00794,409dbb70-64f9-445d-b146-33a6ba02b819,Váy Nữ Dự Tiệc Trễ Vai Sang Chảnh,Váy,L,Đỏ,1,690000,25/05/2025
HD00794,db900625-f6c9-41e1-a4eb-2042fcd9496f,Giày Cao Gót Nữ Đế Nhọn Công Sở,Giày,35,Trắng,1,490000,25/05/2025
HD00795,7a707f6c-7a4b-4392-80c8-475eb6eb4bc8,Quần Tây Nam Lịch Lãm Công Sở,Quần,31,Đen,2,489000,02/05/2026
HD00795,bf8bb740-6ff2-40aa-b164-ac144119c781,Giày Tây Nam Derby Lịch Lãm,Giày,39,Xám,1,990000,02/05/2026
HD00795,773638cb-7eea-46c3-8af4-3bce1ecb5dd2,Áo Polo Nam Công Sở Premium,Áo thun,XXL,Xanh Navy,1,350000,02/05/2026
HD00796,898c5b5f-febc-4b99-837c-f9d94f5e2e07,Váy Nữ Suông Linen Thoải Mái,Váy,S,Xanh,2,420000,22/06/2025
HD00796,e6f18dbb-acb7-46bb-a116-d6111d7b40f8,Quần Jogger Nam Thể Thao Nỉ,Quần,L,Xám,2,320000,22/06/2025
HD00797,b8a6d3f1-ad5c-4c5b-adf9-7e766ed462a5,Nón Bucket Unisex Vải Kaki Trơn,Nón,Free Size,Đen,2,150000,25/04/2026
HD00797,c9e6150b-fdf6-4a91-8f2c-d8bab75b9f2b,Hoodie Unisex Local Brand Cực Chất,Áo khoác,L,Nâu,2,399000,25/04/2026
HD00797,591f87ca-ccec-4d04-af4e-fe941c4ee72e,Giày Sneaker Trắng Unisex Streetwear,Giày,38,Trắng,1,650000,25/04/2026
HD00797,42df8548-dbbf-40a4-a6f2-f989e10394fd,Blazer Nữ Hàn Quốc,Blazer,L,Kem,2,790000,25/04/2026
HD00798,409dbb70-64f9-445d-b146-33a6ba02b819,Váy Nữ Dự Tiệc Trễ Vai Sang Chảnh,Váy,S,Đỏ,1,690000,23/10/2025
HD00798,db900625-f6c9-41e1-a4eb-2042fcd9496f,Giày Cao Gót Nữ Đế Nhọn Công Sở,Giày,36,Trắng,2,490000,23/10/2025
HD00799,bf8bb740-6ff2-40aa-b164-ac144119c781,Giày Tây Nam Derby Lịch Lãm,Giày,41,Xám,2,990000,10/02/2026
HD00799,773638cb-7eea-46c3-8af4-3bce1ecb5dd2,Áo Polo Nam Công Sở Premium,Áo thun,S,Xanh Navy,2,350000,10/02/2026
HD00800,b8a6d3f1-ad5c-4c5b-adf9-7e766ed462a5,Nón Bucket Unisex Vải Kaki Trơn,Nón,Free Size,Đen,1,150000,28/03/2026
HD00800,c9e6150b-fdf6-4a91-8f2c-d8bab75b9f2b,Hoodie Unisex Local Brand Cực Chất,Áo khoác,XL,Nâu,2,399000,28/03/2026
HD00801,c9e6150b-fdf6-4a91-8f2c-d8bab75b9f2b,Hoodie Unisex Local Brand Cực Chất,Áo khoác,M,Nâu,2,399000,25/03/2026
HD00801,b8a6d3f1-ad5c-4c5b-adf9-7e766ed462a5,Nón Bucket Unisex Vải Kaki Trơn,Nón,Free Size,Đen,2,150000,25/03/2026
HD00802,86a9c31d-97c5-47fc-b2ce-292729ac16ad,Nón Bucket Unisex Họa Tiết Loang,Nón,Free Size,Đen,2,180000,03/12/2025
HD00802,b73fb852-1dd9-4829-86c6-c6c6f6ca7b73,Túi Tote Vải Unisex Tiện Lợi,Nón,Free Size,Trắng,1,120000,03/12/2025
HD00803,8211c7e6-49da-422e-8c8e-61bf0288e356,Áo Thun Nam Oversize Cực Chất,Áo thun,XL,Đen,1,220000,21/07/2025
HD00803,b9070ded-f7bb-4ae7-8384-31f433f188c1,Quần Jogger Nam Kaki Túi Hộp,Quần,XL,Đen,1,350000,21/07/2025
HD00803,99f07ede-2b19-4f58-949e-3c20b4da9416,Nón Snapback Unisex Streetwear,Nón,Free Size,Xám,2,220000,21/07/2025
HD00804,cc14f38d-1c5d-44e4-a577-c2add0a1b47e,Áo Sơ Mi Nữ Linen Kem,Áo sơ mi,L,Be,1,359000,28/11/2025
HD00804,b3d420d4-d451-4c61-bd20-6636b4973e09,Cardigan Nữ Len Dệt Kim Kem,Cardigan,M,Be,1,499000,28/11/2025
HD00805,565df8e7-d30d-4935-a0a2-bcd5ab5bf4a2,Quần Jeans Nam Slimfit Đen,Quần,29,Đen,2,549000,28/06/2025
HD00805,f79701c0-468d-45ca-a063-f2c32fead22e,Áo Polo Nam Basic,Áo thun,S,Xanh Navy,1,279000,28/06/2025
HD00806,b518aad8-1fbb-4d46-bc3c-1e531b3b1a8d,Áo Thun Nam Trơn Cổ Tròn,Áo thun,L,Trắng,2,150000,25/04/2025
HD00806,6b452c2a-fe5a-4690-b45c-b4a40e2c0822,Nón Thể Thao Unisex,Nón,Free Size,Trắng,2,190000,25/04/2025
HD00806,538c2225-906f-42c8-8875-c759a7017d20,Áo Sweater Unisex Cổ Tròn Nỉ,Áo khoác,M,Nâu,2,310000,25/04/2025
HD00807,49f47c17-2a4e-45e3-8c86-564e0b68bf44,Chân Váy Nữ Chữ A Da Lộn,Váy,S,Be,2,299000,06/11/2025
HD00807,e09cd3a3-73e0-468b-b718-07db41b1465d,Váy Nữ Hoa Vintage,Váy,L,Hồng,1,450000,06/11/2025
HD00808,591f87ca-ccec-4d04-af4e-fe941c4ee72e,Giày Sneaker Trắng Unisex Streetwear,Giày,39,Trắng,1,650000,19/03/2026
HD00808,c9e6150b-fdf6-4a91-8f2c-d8bab75b9f2b,Hoodie Unisex Local Brand Cực Chất,Áo khoác,M,Nâu,1,399000,19/03/2026
HD00809,d687bdc0-7bd2-4fb3-b157-ef8d3c1b2135,Quần Jogger Unisex Nỉ Basic,Quần,M,Xám,2,280000,21/05/2025
HD00809,ca7585c8-ddbf-4d1d-a666-37a7b963d906,Balo Unisex Thời Trang Chống Nước,Nón,Free Size,Trắng,2,450000,21/05/2025
HD00809,42027732-03d0-4a71-a42b-eafc03a8cc71,Áo Khoác Blazer Unisex Form Rộng,Blazer,L,Xám,2,750000,21/05/2025
HD00810,740d378a-17ab-4db0-aa7b-961840cb0ad8,Blazer Nữ Premium,Blazer,M,Đen,2,990000,29/09/2025
HD00810,23cbc0c9-3f70-46ca-82e3-35767699a754,Giày Slip On Unisex Vải Canvas,Giày,38,Đen,1,399000,29/09/2025
HD00810,46605dff-a9ed-41df-a46a-88d80a783e20,Nón Lưỡi Trai Cao Cấp Unisex,Nón,Free Size,Navy,2,250000,29/09/2025
HD00810,16685b4a-ab63-4a1f-ab9f-b4255995921e,Blazer Nữ Basic,Blazer,L,Be,2,720000,29/09/2025
HD00810,86a9c31d-97c5-47fc-b2ce-292729ac16ad,Nón Bucket Unisex Họa Tiết Loang,Nón,Free Size,Đen,2,180000,29/09/2025
HD00811,6f18cc28-04f2-411d-8e77-8735933ad66c,Nón Lưỡi Trai Unisex Thêu Chữ,Nón,Free Size,Trắng,2,120000,15/04/2026
HD00811,9456490a-db92-4ace-9320-5e745196fa6b,Áo Thun Polo Unisex Oversize,Áo thun,L,Xanh Navy,1,259000,15/04/2026
HD00812,591f87ca-ccec-4d04-af4e-fe941c4ee72e,Giày Sneaker Trắng Unisex Streetwear,Giày,38,Trắng,1,650000,06/09/2025
HD00812,565df8e7-d30d-4935-a0a2-bcd5ab5bf4a2,Quần Jeans Nam Slimfit Đen,Quần,31,Đen,2,549000,06/09/2025
HD00812,f79701c0-468d-45ca-a063-f2c32fead22e,Áo Polo Nam Basic,Áo thun,XL,Xanh Navy,2,279000,06/09/2025
HD00813,ca7585c8-ddbf-4d1d-a666-37a7b963d906,Balo Unisex Thời Trang Chống Nước,Nón,Free Size,Trắng,2,450000,03/07/2025
HD00813,d687bdc0-7bd2-4fb3-b157-ef8d3c1b2135,Quần Jogger Unisex Nỉ Basic,Quần,M,Xám,2,280000,03/07/2025
HD00814,020a480f-a235-4103-9eaf-f34d0cff36ed,Quần Jeans Nữ Skinny,Quần,M,Xanh,2,489000,27/09/2025
HD00814,6567b83c-7707-4f60-b9df-577208962783,Blazer Nữ Kẻ Caro Phong Cách Hàn,Blazer,L,Xám,2,850000,27/09/2025
HD00814,52f6d247-50fb-43f7-ab47-14cc9380a683,Áo Sơ Mi Nam Cổ Tàu Casual,Áo sơ mi,XL,Nâu,2,299000,27/09/2025
HD00814,e7a2f4b5-bf3f-47e0-b981-e6142607b6bc,Giày Chunky Sneaker Unisex,Giày,38,Trắng,2,850000,27/09/2025
HD00815,bb06c357-8eb3-4ffe-a765-1307de4e19eb,Mũ Len Unisex Mùa Đông Ấm Áp,Nón,Free Size,Xám,2,150000,07/01/2026
HD00815,1d9f44d7-0657-47ec-baf9-659b9bfe2f6d,Áo Len Nam Cổ Lọ Ấm Áp,Áo len,M,Đen,1,520000,07/01/2026
HD00815,0f6632d3-5cf7-42d2-9157-f13f0084a634,Áo Khoác Nam Denim Classic,Áo khoác,XL,Xanh,1,550000,07/01/2026
HD00816,ca7585c8-ddbf-4d1d-a666-37a7b963d906,Balo Unisex Thời Trang Chống Nước,Nón,Free Size,Trắng,1,450000,06/02/2025
HD00816,d687bdc0-7bd2-4fb3-b157-ef8d3c1b2135,Quần Jogger Unisex Nỉ Basic,Quần,L,Xám,1,280000,06/02/2025
HD00816,d15def0c-3a31-492a-ac97-382525c2218a,Áo Sweater Unisex Trơn Basic,Áo khoác,L,Nâu,1,320000,06/02/2025
HD00817,95eb8021-2598-4aeb-92e1-99f5e709c28c,Cardigan Nữ Hàn Quốc,Cardigan,M,Đen,1,430000,11/05/2026
HD00817,75973f59-8a40-4d42-b894-5375a84f3374,Áo Khoác Varsity Unisex Streetwear,Áo khoác,XL,Đen Trắng,1,639000,11/05/2026
HD00817,591f87ca-ccec-4d04-af4e-fe941c4ee72e,Giày Sneaker Trắng Unisex Streetwear,Giày,41,Trắng,2,650000,11/05/2026
HD00817,92f492fc-802a-4e3f-9110-cedb91786563,Áo Sơ Mi Nữ Công Sở,Áo sơ mi,M,Trắng,2,299000,11/05/2026
HD00817,12c3c23d-b26f-4090-b661-3e330f928a84,Nón Thể Thao Unisex,Nón,Free Size,Trắng,2,160000,11/05/2026
HD00818,e6f18dbb-acb7-46bb-a116-d6111d7b40f8,Quần Jogger Nam Thể Thao Nỉ,Quần,XL,Xám,2,320000,19/02/2026
HD00818,4ef3b541-6c86-4287-8090-28809b3559fe,Giày Chạy Bộ Nam Running Sport,Giày,40,Đen,1,790000,19/02/2026
HD00818,12c3c23d-b26f-4090-b661-3e330f928a84,Nón Thể Thao Unisex,Nón,Free Size,Trắng,2,160000,19/02/2026
HD00819,9339978c-7737-41bc-b043-029aeb186aac,Áo Polo Nam Basic,Áo thun,S,Xanh Navy,2,279000,10/02/2025
HD00819,43d6febf-f863-4841-9ca6-94f3edbcb83a,Giày Búp Bê Nữ Da Mềm Mại,Giày,38,Trắng,1,350000,10/02/2025
HD00820,8211c7e6-49da-422e-8c8e-61bf0288e356,Áo Thun Nam Oversize Cực Chất,Áo thun,L,Đen,1,220000,18/01/2026
HD00820,b9070ded-f7bb-4ae7-8384-31f433f188c1,Quần Jogger Nam Kaki Túi Hộp,Quần,XL,Đen,2,350000,18/01/2026
HD00820,99f07ede-2b19-4f58-949e-3c20b4da9416,Nón Snapback Unisex Streetwear,Nón,Free Size,Xám,1,220000,18/01/2026
HD00821,fc61ed45-ce98-480f-a519-02961cff9b10,Giày Chạy Bộ Nữ Siêu Nhẹ,Giày,39,Đen,2,750000,29/07/2025
HD00821,e6f18dbb-acb7-46bb-a116-d6111d7b40f8,Quần Jogger Nam Thể Thao Nỉ,Quần,L,Xám,2,320000,29/07/2025
HD00821,b73fb852-1dd9-4829-86c6-c6c6f6ca7b73,Túi Tote Vải Unisex Tiện Lợi,Nón,Free Size,Trắng,1,120000,29/07/2025
HD00821,1d99fb01-0c7c-4f56-86b7-e573663b11e2,Áo Thun Nam Oversize Streetwear,Áo thun,L,Đen,2,239000,29/07/2025
HD00821,e0f136c6-62be-4f5c-a912-54349bbee80a,Chân Váy Nữ Midi Xếp Ly,Váy,S,Đen,1,320000,29/07/2025
HD00822,b9070ded-f7bb-4ae7-8384-31f433f188c1,Quần Jogger Nam Kaki Túi Hộp,Quần,L,Đen,1,350000,08/10/2025
HD00822,8211c7e6-49da-422e-8c8e-61bf0288e356,Áo Thun Nam Oversize Cực Chất,Áo thun,M,Đen,2,220000,08/10/2025
HD00823,626b4040-d17f-4bae-a99a-a9bd43b0140b,Áo Len Nam Cổ Lọ,Áo len,XL,Xám,2,520000,09/09/2025
HD00823,306ab081-eb9c-4df5-8b30-1f55f1daa354,Quần Kaki Nam Short Casual,Quần,L,Đen,1,249000,09/09/2025
HD00824,2d01e356-ac67-4d6f-83ce-e2c9ad89a55d,Quần Tây Nữ Ống Suông,Quần,L,Đen,1,459000,20/02/2025
HD00824,7af62054-cb7c-43d5-8a7a-f6de97b8440d,Blazer Nữ Công Sở Premium,Blazer,M,Trắng,1,820000,20/02/2025
HD00825,b8a6d3f1-ad5c-4c5b-adf9-7e766ed462a5,Nón Bucket Unisex Vải Kaki Trơn,Nón,Free Size,Đen,1,150000,07/04/2026
HD00825,591f87ca-ccec-4d04-af4e-fe941c4ee72e,Giày Sneaker Trắng Unisex Streetwear,Giày,39,Trắng,2,650000,07/04/2026
HD00825,c9e6150b-fdf6-4a91-8f2c-d8bab75b9f2b,Hoodie Unisex Local Brand Cực Chất,Áo khoác,M,Nâu,2,399000,07/04/2026
HD00826,8211c7e6-49da-422e-8c8e-61bf0288e356,Áo Thun Nam Oversize Cực Chất,Áo thun,XL,Đen,1,220000,11/08/2025
HD00826,99f07ede-2b19-4f58-949e-3c20b4da9416,Nón Snapback Unisex Streetwear,Nón,Free Size,Xám,2,220000,11/08/2025
HD00826,b9070ded-f7bb-4ae7-8384-31f433f188c1,Quần Jogger Nam Kaki Túi Hộp,Quần,L,Đen,2,350000,11/08/2025
HD00827,b9070ded-f7bb-4ae7-8384-31f433f188c1,Quần Jogger Nam Kaki Túi Hộp,Quần,L,Đen,1,350000,01/06/2025
HD00827,8211c7e6-49da-422e-8c8e-61bf0288e356,Áo Thun Nam Oversize Cực Chất,Áo thun,L,Đen,2,220000,01/06/2025
HD00827,99f07ede-2b19-4f58-949e-3c20b4da9416,Nón Snapback Unisex Streetwear,Nón,Free Size,Xám,1,220000,01/06/2025
HD00828,565df8e7-d30d-4935-a0a2-bcd5ab5bf4a2,Quần Jeans Nam Slimfit Đen,Quần,32,Đen,2,549000,03/02/2026
HD00828,591f87ca-ccec-4d04-af4e-fe941c4ee72e,Giày Sneaker Trắng Unisex Streetwear,Giày,42,Trắng,2,650000,03/02/2026
HD00828,f79701c0-468d-45ca-a063-f2c32fead22e,Áo Polo Nam Basic,Áo thun,M,Xanh Navy,2,279000,03/02/2026
HD00829,a9bbcc47-d51e-49fb-aab9-04649744ad76,Áo Thun Nam Cổ Tim Trơn,Áo thun,L,Đen,2,160000,03/05/2026
HD00829,ac85d49f-37a3-47d2-9850-04adc3abecfb,Mắt Kính Unisex Chống Tia UV,Nón,Free Size,Đen,1,290000,03/05/2026
HD00830,7a707f6c-7a4b-4392-80c8-475eb6eb4bc8,Quần Tây Nam Lịch Lãm Công Sở,Quần,31,Đen,2,489000,30/03/2025
HD00830,773638cb-7eea-46c3-8af4-3bce1ecb5dd2,Áo Polo Nam Công Sở Premium,Áo thun,M,Xanh Navy,2,350000,30/03/2025
HD00831,565df8e7-d30d-4935-a0a2-bcd5ab5bf4a2,Quần Jeans Nam Slimfit Đen,Quần,30,Đen,2,549000,04/10/2025
HD00831,591f87ca-ccec-4d04-af4e-fe941c4ee72e,Giày Sneaker Trắng Unisex Streetwear,Giày,42,Trắng,1,650000,04/10/2025
HD00832,773638cb-7eea-46c3-8af4-3bce1ecb5dd2,Áo Polo Nam Công Sở Premium,Áo thun,L,Xanh Navy,1,350000,28/01/2026
HD00832,bf8bb740-6ff2-40aa-b164-ac144119c781,Giày Tây Nam Derby Lịch Lãm,Giày,40,Xám,2,990000,28/01/2026
HD00832,7a707f6c-7a4b-4392-80c8-475eb6eb4bc8,Quần Tây Nam Lịch Lãm Công Sở,Quần,33,Đen,2,489000,28/01/2026
HD00832,35c4d88a-3b69-47a7-933e-e5bc205c5fd5,Quần Jeans Nữ Skinny Cạp Cao,Quần,S,Xanh,2,489000,28/01/2026
HD00833,565df8e7-d30d-4935-a0a2-bcd5ab5bf4a2,Quần Jeans Nam Slimfit Đen,Quần,30,Đen,1,549000,17/07/2025
HD00833,f79701c0-468d-45ca-a063-f2c32fead22e,Áo Polo Nam Basic,Áo thun,L,Xanh Navy,2,279000,17/07/2025
HD00833,9339978c-7737-41bc-b043-029aeb186aac,Áo Polo Nam Basic,Áo thun,L,Xanh Navy,1,279000,17/07/2025
HD00834,8211c7e6-49da-422e-8c8e-61bf0288e356,Áo Thun Nam Oversize Cực Chất,Áo thun,XL,Đen,1,220000,23/09/2025
HD00834,b9070ded-f7bb-4ae7-8384-31f433f188c1,Quần Jogger Nam Kaki Túi Hộp,Quần,L,Đen,1,350000,23/09/2025
HD00835,ca7585c8-ddbf-4d1d-a666-37a7b963d906,Balo Unisex Thời Trang Chống Nước,Nón,Free Size,Trắng,1,450000,01/11/2025
HD00835,d15def0c-3a31-492a-ac97-382525c2218a,Áo Sweater Unisex Trơn Basic,Áo khoác,M,Nâu,1,320000,01/11/2025
HD00835,d687bdc0-7bd2-4fb3-b157-ef8d3c1b2135,Quần Jogger Unisex Nỉ Basic,Quần,M,Xám,1,280000,01/11/2025
HD00836,e1fb3fad-6974-423e-b5e0-33e5c3f7a559,Áo Khoác Nam Varsity,Áo khoác,XL,Đen Trắng,2,639000,18/06/2025
HD00836,c356d946-1d0c-4868-a400-11e664e1c6c1,Áo Thun Nam Cotton Organic,Áo thun,L,Xám,1,190000,18/06/2025
HD00836,f79701c0-468d-45ca-a063-f2c32fead22e,Áo Polo Nam Basic,Áo thun,XL,Xanh Navy,1,279000,18/06/2025
HD00837,f79701c0-468d-45ca-a063-f2c32fead22e,Áo Polo Nam Basic,Áo thun,S,Xanh Navy,2,279000,11/09/2025
HD00837,565df8e7-d30d-4935-a0a2-bcd5ab5bf4a2,Quần Jeans Nam Slimfit Đen,Quần,32,Đen,1,549000,11/09/2025
HD00838,591f87ca-ccec-4d04-af4e-fe941c4ee72e,Giày Sneaker Trắng Unisex Streetwear,Giày,42,Trắng,1,650000,02/03/2026
HD00838,c9e6150b-fdf6-4a91-8f2c-d8bab75b9f2b,Hoodie Unisex Local Brand Cực Chất,Áo khoác,XL,Nâu,2,399000,02/03/2026
HD00839,e0f136c6-62be-4f5c-a912-54349bbee80a,Chân Váy Nữ Midi Xếp Ly,Váy,S,Đen,2,320000,10/02/2026
HD00839,9339978c-7737-41bc-b043-029aeb186aac,Áo Polo Nam Basic,Áo thun,M,Xanh Navy,1,279000,10/02/2026
HD00839,220243e7-0f72-4253-9861-6ff08f57a586,Áo Len Nam Form Rộng,Áo len,XL,Xám,1,559000,10/02/2026
HD00840,6d9ff3b3-09bc-4a76-b2f0-891905840fe3,Áo Thun Nữ Form Rộng Giấu Quần,Áo thun,L,Trắng,2,160000,05/03/2025
HD00840,2351fa2f-2c97-41ba-bcdd-77f50f0bac7b,Quần Kaki Nam Slimfit,Quần,32,Kem,1,389000,05/03/2025
HD00840,6567b83c-7707-4f60-b9df-577208962783,Blazer Nữ Kẻ Caro Phong Cách Hàn,Blazer,M,Xám,1,850000,05/03/2025
HD00840,20b29c90-bea4-432c-ac66-0b72cbccdf6a,Áo Sơ Mi Nữ Linen,Áo sơ mi,L,Be,1,359000,05/03/2025
HD00841,409dbb70-64f9-445d-b146-33a6ba02b819,Váy Nữ Dự Tiệc Trễ Vai Sang Chảnh,Váy,M,Đỏ,2,690000,03/09/2025
HD00841,c36ca838-024f-462b-b202-e125f17c3a90,Áo Body Nữ Tay Dài Ôm Sát,Áo body,M,Đen,2,299000,03/09/2025
HD00841,599c0d70-ee05-4d99-a987-47c5d24f9546,Áo Sweater Unisex In Hình Cá Tính,Áo khoác,XL,Xám,1,350000,03/09/2025
HD00842,8a7e2af6-1dec-44a6-bf40-5c5c403abe8c,Áo Sơ Mi Nam Vải Oxford Trắng,Áo sơ mi,S,Trắng,1,320000,17/01/2026
HD00842,31c0b020-668f-4c1e-aa4b-e58b7ea7da0f,Nón Lưỡi Trai Basic Unisex,Nón,FreeSize,Trắng,2,120000,17/01/2026
HD00842,f79701c0-468d-45ca-a063-f2c32fead22e,Áo Polo Nam Basic,Áo thun,XL,Xanh Navy,1,279000,17/01/2026
HD00842,fb99d5a6-90f1-4a0e-931d-e0f87e9f92e9,Áo Body Nữ Basic,Áo body,S,Trắng,2,269000,17/01/2026
HD00843,dc8af6b0-89d3-409a-98db-fb01be893d15,Giày Sneaker Da Lộn Unisex,Giày,40,Trắng,2,720000,29/04/2025
HD00843,acaeda25-b325-467b-b332-a71ebd9078d8,Áo Khoác Nam Bomber Nhung Tăm,Áo khoác,XL,Đen,2,499000,29/04/2025
HD00844,409dbb70-64f9-445d-b146-33a6ba02b819,Váy Nữ Dự Tiệc Trễ Vai Sang Chảnh,Váy,M,Đỏ,1,690000,24/01/2025
HD00844,db900625-f6c9-41e1-a4eb-2042fcd9496f,Giày Cao Gót Nữ Đế Nhọn Công Sở,Giày,36,Trắng,1,490000,24/01/2025
HD00844,c36ca838-024f-462b-b202-e125f17c3a90,Áo Body Nữ Tay Dài Ôm Sát,Áo body,M,Đen,2,299000,24/01/2025
HD00844,626b4040-d17f-4bae-a99a-a9bd43b0140b,Áo Len Nam Cổ Lọ,Áo len,M,Đen,2,520000,24/01/2025
HD00845,fba0cb23-9cc9-40ed-a279-a57f1c6ac794,Áo Khoác Nam Bomber,Áo khoác,XL,Đen,1,499000,10/03/2025
HD00845,306ab081-eb9c-4df5-8b30-1f55f1daa354,Quần Kaki Nam Short Casual,Quần,XL,Đen,2,249000,10/03/2025
HD00845,3040b7d2-2bea-4c81-bd8c-2c17927ad9e2,Quần Culottes Nữ,Quần,M,Be,2,379000,10/03/2025
HD00846,773638cb-7eea-46c3-8af4-3bce1ecb5dd2,Áo Polo Nam Công Sở Premium,Áo thun,M,Xanh Navy,2,350000,31/03/2025
HD00846,7a707f6c-7a4b-4392-80c8-475eb6eb4bc8,Quần Tây Nam Lịch Lãm Công Sở,Quần,31,Đen,2,489000,31/03/2025
HD00846,b73fb852-1dd9-4829-86c6-c6c6f6ca7b73,Túi Tote Vải Unisex Tiện Lợi,Nón,Free Size,Trắng,2,120000,31/03/2025
HD00847,409dbb70-64f9-445d-b146-33a6ba02b819,Váy Nữ Dự Tiệc Trễ Vai Sang Chảnh,Váy,S,Đỏ,2,690000,09/10/2025
HD00847,c36ca838-024f-462b-b202-e125f17c3a90,Áo Body Nữ Tay Dài Ôm Sát,Áo body,S,Đen,2,299000,09/10/2025
HD00848,db900625-f6c9-41e1-a4eb-2042fcd9496f,Giày Cao Gót Nữ Đế Nhọn Công Sở,Giày,38,Trắng,2,490000,25/08/2025
HD00848,d687bdc0-7bd2-4fb3-b157-ef8d3c1b2135,Quần Jogger Unisex Nỉ Basic,Quần,L,Xám,2,280000,25/08/2025
HD00848,538c2225-906f-42c8-8875-c759a7017d20,Áo Sweater Unisex Cổ Tròn Nỉ,Áo khoác,XL,Nâu,2,310000,25/08/2025
HD00848,bca6a5e3-a504-49ff-8fe8-bf5c131d57e5,Áo Sơ Mi Nam Kẻ Sọc Công Sở,Áo sơ mi,S,Xanh,2,330000,25/08/2025
HD00848,95eb8021-2598-4aeb-92e1-99f5e709c28c,Cardigan Nữ Hàn Quốc,Cardigan,L,Đen,1,430000,25/08/2025
HD00849,b9070ded-f7bb-4ae7-8384-31f433f188c1,Quần Jogger Nam Kaki Túi Hộp,Quần,M,Đen,2,350000,06/12/2025
HD00849,99f07ede-2b19-4f58-949e-3c20b4da9416,Nón Snapback Unisex Streetwear,Nón,Free Size,Xám,1,220000,06/12/2025
HD00849,8211c7e6-49da-422e-8c8e-61bf0288e356,Áo Thun Nam Oversize Cực Chất,Áo thun,XL,Đen,2,220000,06/12/2025
HD00849,b73fb852-1dd9-4829-86c6-c6c6f6ca7b73,Túi Tote Vải Unisex Tiện Lợi,Nón,Free Size,Trắng,1,120000,06/12/2025
HD00850,ca7585c8-ddbf-4d1d-a666-37a7b963d906,Balo Unisex Thời Trang Chống Nước,Nón,Free Size,Trắng,1,450000,01/08/2025
HD00850,d15def0c-3a31-492a-ac97-382525c2218a,Áo Sweater Unisex Trơn Basic,Áo khoác,L,Nâu,1,320000,01/08/2025
HD00850,d687bdc0-7bd2-4fb3-b157-ef8d3c1b2135,Quần Jogger Unisex Nỉ Basic,Quần,M,Xám,1,280000,01/08/2025
HD00850,7a29452a-b709-4fb1-8dd9-a5d8e53fa194,Váy Nữ Dài,Váy,M,Be,2,459000,01/08/2025
HD00851,668c0c46-b451-49fb-a269-45e518a0a645,Quần Jeans Nam Slimfit,Quần,30,Xanh đậm,1,549000,10/09/2025
HD00851,47321475-4386-4cf5-8b77-af01547cd204,Quần Baggy Nữ Hàn Quốc,Quần,S,Đen,2,429000,10/09/2025
HD00852,1d8256e6-c737-4a4c-86b9-b28f0c3112eb,Áo Sơ Mi Nữ Oxford Trắng,Áo sơ mi,S,Trắng,1,329000,02/01/2025
HD00852,2d01e356-ac67-4d6f-83ce-e2c9ad89a55d,Quần Tây Nữ Ống Suông,Quần,S,Đen,1,459000,02/01/2025
HD00852,33732f38-6563-44e9-a85f-09fcdda0aa6f,Blazer Nữ Dáng Ngắn Thời Thượng,Blazer,S,Be,2,790000,02/01/2025
HD00853,e6f18dbb-acb7-46bb-a116-d6111d7b40f8,Quần Jogger Nam Thể Thao Nỉ,Quần,XL,Xám,2,320000,17/11/2025
HD00853,12c3c23d-b26f-4090-b661-3e330f928a84,Nón Thể Thao Unisex,Nón,Free Size,Trắng,1,160000,17/11/2025
HD00853,4ef3b541-6c86-4287-8090-28809b3559fe,Giày Chạy Bộ Nam Running Sport,Giày,40,Đen,1,790000,17/11/2025
HD00854,f905c3e5-b9ef-496a-9516-a5cd2ae75514,Áo Hoodie Unisex Basic,Áo khoác,XL,Đen,2,399000,27/11/2025
HD00854,61017231-ff80-414c-8355-84b4bfd8f3fb,Áo Sơ Mi Nữ Oxford,Áo sơ mi,M,Trắng,1,329000,27/11/2025
HD00855,872f179f-f0d5-4bcd-a90e-d10870eac50d,Giày Boot Da Nữ Cổ Cao Cá Tính,Giày,37,Trắng,1,890000,09/05/2025
HD00855,56edf28b-737a-4e1d-8e76-51796deff112,Nón Lưỡi Trai Unisex Basic Đen,Nón,Free Size,Đen,1,99000,09/05/2025
HD00855,a9bbcc47-d51e-49fb-aab9-04649744ad76,Áo Thun Nam Cổ Tim Trơn,Áo thun,M,Đen,1,160000,09/05/2025
HD00855,591f87ca-ccec-4d04-af4e-fe941c4ee72e,Giày Sneaker Trắng Unisex Streetwear,Giày,41,Trắng,1,650000,09/05/2025
HD00856,c9e6150b-fdf6-4a91-8f2c-d8bab75b9f2b,Hoodie Unisex Local Brand Cực Chất,Áo khoác,L,Nâu,2,399000,31/03/2025
HD00856,591f87ca-ccec-4d04-af4e-fe941c4ee72e,Giày Sneaker Trắng Unisex Streetwear,Giày,41,Trắng,2,650000,31/03/2025
HD00857,1d8256e6-c737-4a4c-86b9-b28f0c3112eb,Áo Sơ Mi Nữ Oxford Trắng,Áo sơ mi,S,Trắng,2,329000,10/02/2025
HD00857,2d01e356-ac67-4d6f-83ce-e2c9ad89a55d,Quần Tây Nữ Ống Suông,Quần,M,Đen,1,459000,10/02/2025
HD00858,565df8e7-d30d-4935-a0a2-bcd5ab5bf4a2,Quần Jeans Nam Slimfit Đen,Quần,30,Đen,1,549000,09/04/2026
HD00858,591f87ca-ccec-4d04-af4e-fe941c4ee72e,Giày Sneaker Trắng Unisex Streetwear,Giày,39,Trắng,2,650000,09/04/2026
HD00859,bb06c357-8eb3-4ffe-a765-1307de4e19eb,Mũ Len Unisex Mùa Đông Ấm Áp,Nón,Free Size,Xám,2,150000,10/01/2025
HD00859,1d9f44d7-0657-47ec-baf9-659b9bfe2f6d,Áo Len Nam Cổ Lọ Ấm Áp,Áo len,M,Đen,2,520000,10/01/2025
HD00860,99f07ede-2b19-4f58-949e-3c20b4da9416,Nón Snapback Unisex Streetwear,Nón,Free Size,Xám,2,220000,28/11/2025
HD00860,8211c7e6-49da-422e-8c8e-61bf0288e356,Áo Thun Nam Oversize Cực Chất,Áo thun,XL,Đen,2,220000,28/11/2025
HD00860,b9070ded-f7bb-4ae7-8384-31f433f188c1,Quần Jogger Nam Kaki Túi Hộp,Quần,L,Đen,1,350000,28/11/2025
HD00861,f79701c0-468d-45ca-a063-f2c32fead22e,Áo Polo Nam Basic,Áo thun,M,Xanh Navy,2,279000,30/12/2025
HD00861,591f87ca-ccec-4d04-af4e-fe941c4ee72e,Giày Sneaker Trắng Unisex Streetwear,Giày,41,Trắng,1,650000,30/12/2025
HD00861,565df8e7-d30d-4935-a0a2-bcd5ab5bf4a2,Quần Jeans Nam Slimfit Đen,Quần,30,Đen,2,549000,30/12/2025
HD00861,6217de90-58f8-4c3f-99e7-59c09b50f42d,Áo Khoác Nam Denim,Áo khoác,M,Xanh,1,559000,30/12/2025
HD00862,d756eba2-7d66-4274-b91e-a18e6827f867,Giày Boot Da Nam Chelsea Lịch Lãm,Giày,40,Xám,1,1100000,29/04/2026
HD00862,898c5b5f-febc-4b99-837c-f9d94f5e2e07,Váy Nữ Suông Linen Thoải Mái,Váy,L,Xanh,1,420000,29/04/2026
HD00862,e1fb3fad-6974-423e-b5e0-33e5c3f7a559,Áo Khoác Nam Varsity,Áo khoác,XL,Đen Trắng,1,639000,29/04/2026
HD00863,f79701c0-468d-45ca-a063-f2c32fead22e,Áo Polo Nam Basic,Áo thun,L,Xanh Navy,1,279000,22/11/2025
HD00863,591f87ca-ccec-4d04-af4e-fe941c4ee72e,Giày Sneaker Trắng Unisex Streetwear,Giày,40,Trắng,2,650000,22/11/2025
HD00863,565df8e7-d30d-4935-a0a2-bcd5ab5bf4a2,Quần Jeans Nam Slimfit Đen,Quần,32,Đen,1,549000,22/11/2025
HD00864,1d99fb01-0c7c-4f56-86b7-e573663b11e2,Áo Thun Nam Oversize Streetwear,Áo thun,XL,Trắng,2,239000,19/01/2026
HD00864,b675c96d-da9f-4712-a11c-0596cc052da0,Giày Sneaker Cổ Cao Unisex,Giày,42,Trắng,2,690000,19/01/2026
HD00864,bf8bb740-6ff2-40aa-b164-ac144119c781,Giày Tây Nam Derby Lịch Lãm,Giày,41,Xám,1,990000,19/01/2026
HD00864,20b29c90-bea4-432c-ac66-0b72cbccdf6a,Áo Sơ Mi Nữ Linen,Áo sơ mi,L,Be,2,359000,19/01/2026
HD00864,206646b2-8c77-4e51-b71d-a942c17cbc4b,Quần Short Unisex Dù Gió,Quần,M,Xanh,1,150000,19/01/2026
HD00865,2d01e356-ac67-4d6f-83ce-e2c9ad89a55d,Quần Tây Nữ Ống Suông,Quần,S,Đen,2,459000,12/06/2025
HD00865,7af62054-cb7c-43d5-8a7a-f6de97b8440d,Blazer Nữ Công Sở Premium,Blazer,L,Trắng,2,820000,12/06/2025
HD00866,b9070ded-f7bb-4ae7-8384-31f433f188c1,Quần Jogger Nam Kaki Túi Hộp,Quần,L,Đen,2,350000,05/04/2025
HD00866,99f07ede-2b19-4f58-949e-3c20b4da9416,Nón Snapback Unisex Streetwear,Nón,Free Size,Xám,2,220000,05/04/2025
HD00866,8211c7e6-49da-422e-8c8e-61bf0288e356,Áo Thun Nam Oversize Cực Chất,Áo thun,L,Đen,1,220000,05/04/2025
HD00866,565df8e7-d30d-4935-a0a2-bcd5ab5bf4a2,Quần Jeans Nam Slimfit Đen,Quần,29,Đen,1,549000,05/04/2025
HD00867,8211c7e6-49da-422e-8c8e-61bf0288e356,Áo Thun Nam Oversize Cực Chất,Áo thun,M,Đen,2,220000,25/01/2026
HD00867,99f07ede-2b19-4f58-949e-3c20b4da9416,Nón Snapback Unisex Streetwear,Nón,Free Size,Xám,2,220000,25/01/2026
HD00867,b9070ded-f7bb-4ae7-8384-31f433f188c1,Quần Jogger Nam Kaki Túi Hộp,Quần,XL,Đen,2,350000,25/01/2026
HD00868,f905c3e5-b9ef-496a-9516-a5cd2ae75514,Áo Hoodie Unisex Basic,Áo khoác,XL,Đen,1,399000,10/11/2025
HD00868,e0f136c6-62be-4f5c-a912-54349bbee80a,Chân Váy Nữ Midi Xếp Ly,Váy,L,Đen,1,320000,10/11/2025
HD00868,d230d9ed-71e2-4378-9fb2-15dd13a37357,Áo Hoodie Unisex,Áo khoác,M,Xanh navy,1,399000,10/11/2025
HD00869,d687bdc0-7bd2-4fb3-b157-ef8d3c1b2135,Quần Jogger Unisex Nỉ Basic,Quần,M,Xám,2,280000,19/10/2025
HD00869,ca7585c8-ddbf-4d1d-a666-37a7b963d906,Balo Unisex Thời Trang Chống Nước,Nón,Free Size,Trắng,1,450000,19/10/2025
HD00869,d15def0c-3a31-492a-ac97-382525c2218a,Áo Sweater Unisex Trơn Basic,Áo khoác,L,Nâu,2,320000,19/10/2025
HD00870,4ef3b541-6c86-4287-8090-28809b3559fe,Giày Chạy Bộ Nam Running Sport,Giày,43,Đen,1,790000,29/10/2025
HD00870,12c3c23d-b26f-4090-b661-3e330f928a84,Nón Thể Thao Unisex,Nón,Free Size,Trắng,1,160000,29/10/2025
HD00870,4bdea4f1-6aa9-4f3d-99e7-1c679695c149,Cardigan Nữ Dệt Kim,Cardigan,L,Be,1,499000,29/10/2025
HD00871,5aee6bb0-ffad-4321-976e-a7a74709d94d,Dép Unisex Quai Ngang Êm Chân,Giày,41,Đen,2,150000,02/06/2025
HD00871,3ffeadc2-56cb-4267-a02b-00fc51a7a1b2,Áo Khoác Bomber Unisex Da Lộn,Áo khoác,M,Đen,2,599000,02/06/2025
HD00871,00cd794a-d248-4ee5-82bc-6f47e4552024,Giày Thể Thao Unisex Chunky,Giày,37,Trắng,1,850000,02/06/2025
HD00871,710b70de-e346-422e-b35a-a3ce277dacb8,Áo Sơ Mi Nữ Cổ Đức Cách Điệu,Áo sơ mi,L,Trắng,1,310000,02/06/2025
HD00872,b44f5194-d6f8-497b-b568-738d7d09c9e4,Áo Thun Nữ Croptop Cổ Tim,Áo thun,M,Trắng,1,120000,31/10/2025
HD00872,aeefd253-ff9c-45c1-9da7-06ebdf2c502c,Áo Khoác Denim Unisex Form Rộng,Áo khoác,L,Xanh,1,550000,31/10/2025
HD00872,56edf28b-737a-4e1d-8e76-51796deff112,Nón Lưỡi Trai Unisex Basic Đen,Nón,Free Size,Đen,2,99000,31/10/2025
HD00872,1571231f-22cc-4ac1-94b1-c01fcb332ed7,Túi Bao Tử Unisex Chống Nước,Nón,Free Size,Navy,1,220000,31/10/2025
HD00873,d687bdc0-7bd2-4fb3-b157-ef8d3c1b2135,Quần Jogger Unisex Nỉ Basic,Quần,XL,Xám,2,280000,01/10/2025
HD00873,d15def0c-3a31-492a-ac97-382525c2218a,Áo Sweater Unisex Trơn Basic,Áo khoác,L,Nâu,1,320000,01/10/2025
HD00873,ca7585c8-ddbf-4d1d-a666-37a7b963d906,Balo Unisex Thời Trang Chống Nước,Nón,Free Size,Trắng,2,450000,01/10/2025
HD00874,b8a6d3f1-ad5c-4c5b-adf9-7e766ed462a5,Nón Bucket Unisex Vải Kaki Trơn,Nón,Free Size,Đen,1,150000,18/04/2026
HD00874,db900625-f6c9-41e1-a4eb-2042fcd9496f,Giày Cao Gót Nữ Đế Nhọn Công Sở,Giày,38,Trắng,1,490000,18/04/2026
HD00874,e1fb3fad-6974-423e-b5e0-33e5c3f7a559,Áo Khoác Nam Varsity,Áo khoác,L,Đen Trắng,1,639000,18/04/2026
HD00874,3dbb0578-dc6f-4fc7-b609-b0fec9796c29,Áo Thun Unisex Loang Màu Tiedye,Áo thun,M,Đen,1,210000,18/04/2026
HD00874,591f87ca-ccec-4d04-af4e-fe941c4ee72e,Giày Sneaker Trắng Unisex Streetwear,Giày,38,Trắng,2,650000,18/04/2026
HD00875,020a480f-a235-4103-9eaf-f34d0cff36ed,Quần Jeans Nữ Skinny,Quần,L,Xanh,1,489000,09/03/2025
HD00875,2abe7389-f13b-422a-b6f1-a2c95273e319,Sandal Unisex Dây Chéo Học Sinh,Giày,39,Đen,1,250000,09/03/2025
HD00875,4ef3b541-6c86-4287-8090-28809b3559fe,Giày Chạy Bộ Nam Running Sport,Giày,41,Đen,1,790000,09/03/2025
HD00876,409dbb70-64f9-445d-b146-33a6ba02b819,Váy Nữ Dự Tiệc Trễ Vai Sang Chảnh,Váy,M,Đỏ,1,690000,26/12/2025
HD00876,c36ca838-024f-462b-b202-e125f17c3a90,Áo Body Nữ Tay Dài Ôm Sát,Áo body,M,Đen,1,299000,26/12/2025
HD00877,b8a6d3f1-ad5c-4c5b-adf9-7e766ed462a5,Nón Bucket Unisex Vải Kaki Trơn,Nón,Free Size,Đen,1,150000,23/04/2026
HD00877,591f87ca-ccec-4d04-af4e-fe941c4ee72e,Giày Sneaker Trắng Unisex Streetwear,Giày,40,Trắng,1,650000,23/04/2026
HD00877,c9e6150b-fdf6-4a91-8f2c-d8bab75b9f2b,Hoodie Unisex Local Brand Cực Chất,Áo khoác,XL,Nâu,2,399000,23/04/2026
HD00878,3dbb0578-dc6f-4fc7-b609-b0fec9796c29,Áo Thun Unisex Loang Màu Tiedye,Áo thun,XL,Đen,2,210000,23/10/2025
HD00878,00ea76e6-8a78-4510-9aa1-8c8d3f1e0ea4,Áo Body Nữ Cổ Vuông,Áo body,S,Hồng,2,329000,23/10/2025
HD00879,db900625-f6c9-41e1-a4eb-2042fcd9496f,Giày Cao Gót Nữ Đế Nhọn Công Sở,Giày,35,Trắng,1,490000,17/01/2025
HD00879,409dbb70-64f9-445d-b146-33a6ba02b819,Váy Nữ Dự Tiệc Trễ Vai Sang Chảnh,Váy,L,Đỏ,2,690000,17/01/2025
HD00880,46605dff-a9ed-41df-a46a-88d80a783e20,Nón Lưỡi Trai Cao Cấp Unisex,Nón,Free Size,Navy,1,250000,16/05/2025
HD00880,6d9ff3b3-09bc-4a76-b2f0-891905840fe3,Áo Thun Nữ Form Rộng Giấu Quần,Áo thun,L,Trắng,2,160000,16/05/2025
HD00880,b73fb852-1dd9-4829-86c6-c6c6f6ca7b73,Túi Tote Vải Unisex Tiện Lợi,Nón,Free Size,Trắng,1,120000,16/05/2025
HD00880,99f07ede-2b19-4f58-949e-3c20b4da9416,Nón Snapback Unisex Streetwear,Nón,Free Size,Xám,1,220000,16/05/2025
HD00881,d687bdc0-7bd2-4fb3-b157-ef8d3c1b2135,Quần Jogger Unisex Nỉ Basic,Quần,M,Xám,2,280000,14/11/2025
HD00881,d15def0c-3a31-492a-ac97-382525c2218a,Áo Sweater Unisex Trơn Basic,Áo khoác,M,Nâu,1,320000,14/11/2025
HD00881,ca7585c8-ddbf-4d1d-a666-37a7b963d906,Balo Unisex Thời Trang Chống Nước,Nón,Free Size,Trắng,2,450000,14/11/2025
HD00881,1d8256e6-c737-4a4c-86b9-b28f0c3112eb,Áo Sơ Mi Nữ Oxford Trắng,Áo sơ mi,S,Trắng,2,329000,14/11/2025
HD00882,7af62054-cb7c-43d5-8a7a-f6de97b8440d,Blazer Nữ Công Sở Premium,Blazer,M,Trắng,2,820000,19/06/2025
HD00882,2d01e356-ac67-4d6f-83ce-e2c9ad89a55d,Quần Tây Nữ Ống Suông,Quần,M,Đen,2,459000,19/06/2025
HD00882,1d8256e6-c737-4a4c-86b9-b28f0c3112eb,Áo Sơ Mi Nữ Oxford Trắng,Áo sơ mi,S,Trắng,1,329000,19/06/2025
HD00883,db900625-f6c9-41e1-a4eb-2042fcd9496f,Giày Cao Gót Nữ Đế Nhọn Công Sở,Giày,38,Trắng,2,490000,01/05/2025
HD00883,c36ca838-024f-462b-b202-e125f17c3a90,Áo Body Nữ Tay Dài Ôm Sát,Áo body,S,Đen,2,299000,01/05/2025
HD00884,95eb8021-2598-4aeb-92e1-99f5e709c28c,Cardigan Nữ Hàn Quốc,Cardigan,L,Đen,2,430000,18/01/2025
HD00884,4ef3b541-6c86-4287-8090-28809b3559fe,Giày Chạy Bộ Nam Running Sport,Giày,42,Đen,1,790000,18/01/2025
HD00884,b73fb852-1dd9-4829-86c6-c6c6f6ca7b73,Túi Tote Vải Unisex Tiện Lợi,Nón,Free Size,Trắng,1,120000,18/01/2025
HD00885,7a707f6c-7a4b-4392-80c8-475eb6eb4bc8,Quần Tây Nam Lịch Lãm Công Sở,Quần,32,Đen,1,489000,20/04/2026
HD00885,773638cb-7eea-46c3-8af4-3bce1ecb5dd2,Áo Polo Nam Công Sở Premium,Áo thun,S,Xanh Navy,1,350000,20/04/2026
HD00885,bf8bb740-6ff2-40aa-b164-ac144119c781,Giày Tây Nam Derby Lịch Lãm,Giày,41,Xám,1,990000,20/04/2026
HD00886,2d01e356-ac67-4d6f-83ce-e2c9ad89a55d,Quần Tây Nữ Ống Suông,Quần,L,Đen,1,459000,05/04/2025
HD00886,1d8256e6-c737-4a4c-86b9-b28f0c3112eb,Áo Sơ Mi Nữ Oxford Trắng,Áo sơ mi,M,Trắng,2,329000,05/04/2025
HD00886,7af62054-cb7c-43d5-8a7a-f6de97b8440d,Blazer Nữ Công Sở Premium,Blazer,M,Trắng,1,820000,05/04/2025
HD00887,c36ca838-024f-462b-b202-e125f17c3a90,Áo Body Nữ Tay Dài Ôm Sát,Áo body,S,Đen,1,299000,19/07/2025
HD00887,db900625-f6c9-41e1-a4eb-2042fcd9496f,Giày Cao Gót Nữ Đế Nhọn Công Sở,Giày,36,Trắng,1,490000,19/07/2025
HD00888,d687bdc0-7bd2-4fb3-b157-ef8d3c1b2135,Quần Jogger Unisex Nỉ Basic,Quần,XL,Xám,1,280000,07/08/2025
HD00888,acaeda25-b325-467b-b332-a71ebd9078d8,Áo Khoác Nam Bomber Nhung Tăm,Áo khoác,XL,Đen,1,499000,07/08/2025
HD00888,773638cb-7eea-46c3-8af4-3bce1ecb5dd2,Áo Polo Nam Công Sở Premium,Áo thun,L,Xanh Navy,2,350000,07/08/2025
HD00888,f44172da-7e3c-467e-8c19-187fcb7ae23a,Áo Hoodie Unisex Zip Tiện Lợi,Áo khoác,XL,Đen,1,420000,07/08/2025
HD00888,93c3d112-b724-48cb-bee5-b2dcef7f1d55,Áo Khoác Gió Unisex Thể Thao,Áo khoác,L,Đen,2,350000,07/08/2025
HD00889,8211c7e6-49da-422e-8c8e-61bf0288e356,Áo Thun Nam Oversize Cực Chất,Áo thun,XL,Đen,1,220000,27/06/2025
HD00889,99f07ede-2b19-4f58-949e-3c20b4da9416,Nón Snapback Unisex Streetwear,Nón,Free Size,Xám,2,220000,27/06/2025
HD00889,b9070ded-f7bb-4ae7-8384-31f433f188c1,Quần Jogger Nam Kaki Túi Hộp,Quần,XL,Đen,1,350000,27/06/2025
HD00889,e09cd3a3-73e0-468b-b718-07db41b1465d,Váy Nữ Hoa Vintage,Váy,M,Hồng,1,450000,27/06/2025
HD00890,7af62054-cb7c-43d5-8a7a-f6de97b8440d,Blazer Nữ Công Sở Premium,Blazer,S,Trắng,1,820000,03/05/2025
HD00890,1d8256e6-c737-4a4c-86b9-b28f0c3112eb,Áo Sơ Mi Nữ Oxford Trắng,Áo sơ mi,L,Trắng,2,329000,03/05/2025
HD00890,2d01e356-ac67-4d6f-83ce-e2c9ad89a55d,Quần Tây Nữ Ống Suông,Quần,M,Đen,2,459000,03/05/2025
HD00891,b8a6d3f1-ad5c-4c5b-adf9-7e766ed462a5,Nón Bucket Unisex Vải Kaki Trơn,Nón,Free Size,Đen,2,150000,24/09/2025
HD00891,c9e6150b-fdf6-4a91-8f2c-d8bab75b9f2b,Hoodie Unisex Local Brand Cực Chất,Áo khoác,L,Nâu,2,399000,24/09/2025
HD00892,565df8e7-d30d-4935-a0a2-bcd5ab5bf4a2,Quần Jeans Nam Slimfit Đen,Quần,29,Đen,1,549000,21/01/2025
HD00892,591f87ca-ccec-4d04-af4e-fe941c4ee72e,Giày Sneaker Trắng Unisex Streetwear,Giày,38,Trắng,1,650000,21/01/2025
HD00893,c36ca838-024f-462b-b202-e125f17c3a90,Áo Body Nữ Tay Dài Ôm Sát,Áo body,L,Đen,1,299000,29/05/2025
HD00893,db900625-f6c9-41e1-a4eb-2042fcd9496f,Giày Cao Gót Nữ Đế Nhọn Công Sở,Giày,38,Trắng,1,490000,29/05/2025
HD00893,409dbb70-64f9-445d-b146-33a6ba02b819,Váy Nữ Dự Tiệc Trễ Vai Sang Chảnh,Váy,M,Đỏ,1,690000,29/05/2025
HD00894,e6f18dbb-acb7-46bb-a116-d6111d7b40f8,Quần Jogger Nam Thể Thao Nỉ,Quần,L,Xám,1,320000,18/02/2025
HD00894,4ef3b541-6c86-4287-8090-28809b3559fe,Giày Chạy Bộ Nam Running Sport,Giày,41,Đen,1,790000,18/02/2025
HD00894,12c3c23d-b26f-4090-b661-3e330f928a84,Nón Thể Thao Unisex,Nón,Free Size,Trắng,1,160000,18/02/2025
HD00895,0f6632d3-5cf7-42d2-9157-f13f0084a634,Áo Khoác Nam Denim Classic,Áo khoác,L,Xanh,2,550000,03/05/2026
HD00895,bb06c357-8eb3-4ffe-a765-1307de4e19eb,Mũ Len Unisex Mùa Đông Ấm Áp,Nón,Free Size,Xám,2,150000,03/05/2026
HD00895,1d9f44d7-0657-47ec-baf9-659b9bfe2f6d,Áo Len Nam Cổ Lọ Ấm Áp,Áo len,XL,Đen,1,520000,03/05/2026
HD00896,c9e6150b-fdf6-4a91-8f2c-d8bab75b9f2b,Hoodie Unisex Local Brand Cực Chất,Áo khoác,L,Nâu,2,399000,05/01/2026
HD00896,b8a6d3f1-ad5c-4c5b-adf9-7e766ed462a5,Nón Bucket Unisex Vải Kaki Trơn,Nón,Free Size,Đen,2,150000,05/01/2026
HD00897,0537aac5-9d37-4ea1-bee3-5ed3851cc79d,Áo Sơ Mi Nam Vải Linen Xanh,Áo sơ mi,XL,Xanh,2,340000,04/07/2025
HD00897,9339978c-7737-41bc-b043-029aeb186aac,Áo Polo Nam Basic,Áo thun,L,Xanh Navy,1,279000,04/07/2025
HD00897,f715e6cf-f139-40fc-9411-eb5a1391b6a3,Quần Short Unisex Nỉ Thể Thao,Quần,M,Đen,2,189000,04/07/2025
HD00897,1d9f44d7-0657-47ec-baf9-659b9bfe2f6d,Áo Len Nam Cổ Lọ Ấm Áp,Áo len,L,Đen,2,520000,04/07/2025
HD00897,5a9e4c10-4d85-4ae9-99d0-4ecdbc69964b,Áo Thun Unisex In Chữ Streetwear,Áo thun,XL,Đen,2,189000,04/07/2025
HD00898,1d8256e6-c737-4a4c-86b9-b28f0c3112eb,Áo Sơ Mi Nữ Oxford Trắng,Áo sơ mi,L,Trắng,2,329000,09/01/2025
HD00898,2d01e356-ac67-4d6f-83ce-e2c9ad89a55d,Quần Tây Nữ Ống Suông,Quần,S,Đen,1,459000,09/01/2025
HD00898,7af62054-cb7c-43d5-8a7a-f6de97b8440d,Blazer Nữ Công Sở Premium,Blazer,M,Trắng,2,820000,09/01/2025
HD00898,20ecab60-6f47-43a3-b5a2-8c73d262ff50,Váy Nữ Dự Tiệc Cao Cấp,Váy,M,Đỏ,1,690000,09/01/2025
HD00899,8a7e2af6-1dec-44a6-bf40-5c5c403abe8c,Áo Sơ Mi Nam Vải Oxford Trắng,Áo sơ mi,S,Trắng,1,320000,22/07/2025
HD00899,08f8884f-159a-4ac0-956a-63c1d86d3552,Quần short Nam,Quần,XL,Xanh,1,189000,22/07/2025
HD00899,2139d828-a4c0-4f2e-90e4-3cfb3420bf70,Bộ Vest Nam Cao Cấp Sang Trọng,Blazer,M,Đen,1,1500000,22/07/2025
HD00899,e7a2f4b5-bf3f-47e0-b981-e6142607b6bc,Giày Chunky Sneaker Unisex,Giày,38,Trắng,2,850000,22/07/2025
HD00900,c9e6150b-fdf6-4a91-8f2c-d8bab75b9f2b,Hoodie Unisex Local Brand Cực Chất,Áo khoác,XL,Nâu,2,399000,13/01/2026
HD00900,b8a6d3f1-ad5c-4c5b-adf9-7e766ed462a5,Nón Bucket Unisex Vải Kaki Trơn,Nón,Free Size,Đen,2,150000,13/01/2026
HD00901,b3d420d4-d451-4c61-bd20-6636b4973e09,Cardigan Nữ Len Dệt Kim Kem,Cardigan,L,Be,1,499000,13/03/2025
HD00901,47321475-4386-4cf5-8b77-af01547cd204,Quần Baggy Nữ Hàn Quốc,Quần,XL,Đen,2,429000,13/03/2025
HD00901,cc14f38d-1c5d-44e4-a577-c2add0a1b47e,Áo Sơ Mi Nữ Linen Kem,Áo sơ mi,S,Be,2,359000,13/03/2025
HD00902,773638cb-7eea-46c3-8af4-3bce1ecb5dd2,Áo Polo Nam Công Sở Premium,Áo thun,M,Xanh Navy,2,350000,14/09/2025
HD00902,7a707f6c-7a4b-4392-80c8-475eb6eb4bc8,Quần Tây Nam Lịch Lãm Công Sở,Quần,33,Đen,1,489000,14/09/2025
HD00902,bf8bb740-6ff2-40aa-b164-ac144119c781,Giày Tây Nam Derby Lịch Lãm,Giày,41,Xám,1,990000,14/09/2025
HD00903,56edf28b-737a-4e1d-8e76-51796deff112,Nón Lưỡi Trai Unisex Basic Đen,Nón,Free Size,Đen,1,99000,23/07/2025
HD00903,c1e91e52-aef3-48ee-98d1-ddb905271917,Quần Tây Nữ Công Sở,Quần,S,Đen,2,459000,23/07/2025
HD00903,bf8bb740-6ff2-40aa-b164-ac144119c781,Giày Tây Nam Derby Lịch Lãm,Giày,40,Xám,2,990000,23/07/2025
HD00903,d15def0c-3a31-492a-ac97-382525c2218a,Áo Sweater Unisex Trơn Basic,Áo khoác,M,Nâu,1,320000,23/07/2025
HD00904,c36ca838-024f-462b-b202-e125f17c3a90,Áo Body Nữ Tay Dài Ôm Sát,Áo body,S,Đen,1,299000,07/01/2025
HD00904,db900625-f6c9-41e1-a4eb-2042fcd9496f,Giày Cao Gót Nữ Đế Nhọn Công Sở,Giày,39,Trắng,2,490000,07/01/2025
HD00905,b675c96d-da9f-4712-a11c-0596cc052da0,Giày Sneaker Cổ Cao Unisex,Giày,42,Trắng,1,690000,14/01/2025
HD00905,2aad4182-f5b2-4e66-a70b-32fe3626ae38,Nón Bucket Basic Unisex,Nón,Free Size,Đen,2,180000,14/01/2025
HD00905,8ad4ef8e-e76a-4754-9239-64101f13a08e,Quần Short Nữ Jeans Retro,Quần,L,Xanh,2,289000,14/01/2025
HD00905,6217de90-58f8-4c3f-99e7-59c09b50f42d,Áo Khoác Nam Denim,Áo khoác,M,Xanh,2,559000,14/01/2025
HD00905,b3d420d4-d451-4c61-bd20-6636b4973e09,Cardigan Nữ Len Dệt Kim Kem,Cardigan,S,Be,2,499000,14/01/2025
HD00906,6b452c2a-fe5a-4690-b45c-b4a40e2c0822,Nón Thể Thao Unisex,Nón,Free Size,Trắng,2,190000,30/03/2026
HD00906,4bdea4f1-6aa9-4f3d-99e7-1c679695c149,Cardigan Nữ Dệt Kim,Cardigan,L,Be,2,499000,30/03/2026
HD00906,c356d946-1d0c-4868-a400-11e664e1c6c1,Áo Thun Nam Cotton Organic,Áo thun,XL,Xám,2,190000,30/03/2026
HD00906,3ffeadc2-56cb-4267-a02b-00fc51a7a1b2,Áo Khoác Bomber Unisex Da Lộn,Áo khoác,M,Đen,2,599000,30/03/2026
HD00906,7a1e5705-4b19-42f7-a7ec-504fb2481cc2,Thắt Lưng Da Nam Khóa Tự Động,Nón,Free Size,Đen,1,350000,30/03/2026
HD00907,99f07ede-2b19-4f58-949e-3c20b4da9416,Nón Snapback Unisex Streetwear,Nón,Free Size,Xám,1,220000,25/06/2025
HD00907,8211c7e6-49da-422e-8c8e-61bf0288e356,Áo Thun Nam Oversize Cực Chất,Áo thun,M,Đen,2,220000,25/06/2025
HD00907,d15def0c-3a31-492a-ac97-382525c2218a,Áo Sweater Unisex Trơn Basic,Áo khoác,L,Nâu,2,320000,25/06/2025
HD00908,4ef3b541-6c86-4287-8090-28809b3559fe,Giày Chạy Bộ Nam Running Sport,Giày,40,Đen,1,790000,23/07/2025
HD00908,e6f18dbb-acb7-46bb-a116-d6111d7b40f8,Quần Jogger Nam Thể Thao Nỉ,Quần,XL,Xám,2,320000,23/07/2025
HD00908,12c3c23d-b26f-4090-b661-3e330f928a84,Nón Thể Thao Unisex,Nón,Free Size,Trắng,2,160000,23/07/2025
HD00909,2d01e356-ac67-4d6f-83ce-e2c9ad89a55d,Quần Tây Nữ Ống Suông,Quần,M,Đen,2,459000,18/03/2026
HD00909,1d8256e6-c737-4a4c-86b9-b28f0c3112eb,Áo Sơ Mi Nữ Oxford Trắng,Áo sơ mi,M,Trắng,2,329000,18/03/2026
HD00910,7a1e5705-4b19-42f7-a7ec-504fb2481cc2,Thắt Lưng Da Nam Khóa Tự Động,Nón,Free Size,Đen,1,350000,06/03/2026
HD00910,57d427ce-2cb0-4659-b346-22ed27f9bafa,Quần Baggy Nữ,Quần,M,Đen,1,429000,06/03/2026
HD00910,d687bdc0-7bd2-4fb3-b157-ef8d3c1b2135,Quần Jogger Unisex Nỉ Basic,Quần,L,Xám,1,280000,06/03/2026
HD00911,e6f18dbb-acb7-46bb-a116-d6111d7b40f8,Quần Jogger Nam Thể Thao Nỉ,Quần,XL,Xám,1,320000,16/03/2026
HD00911,4ef3b541-6c86-4287-8090-28809b3559fe,Giày Chạy Bộ Nam Running Sport,Giày,42,Đen,2,790000,16/03/2026
HD00912,565df8e7-d30d-4935-a0a2-bcd5ab5bf4a2,Quần Jeans Nam Slimfit Đen,Quần,29,Đen,2,549000,09/08/2025
HD00912,591f87ca-ccec-4d04-af4e-fe941c4ee72e,Giày Sneaker Trắng Unisex Streetwear,Giày,39,Trắng,1,650000,09/08/2025
HD00913,f60ed1b2-8aed-4bf4-9047-bcdb95f84623,Áo Sơ Mi Nữ Công Sở,Áo sơ mi,L,Xanh nhạt,2,279000,19/03/2025
HD00913,6e959b97-7e1c-49d4-a62d-1d3bdaa3a97c,Áo Len Nam Hàn Quốc,Áo len,XL,Nâu,1,499000,19/03/2025
HD00913,93efef1b-4c47-4682-af31-84004a28c573,Nón Snapback Unisex,Nón,Free Size,Xám,1,220000,19/03/2025
HD00914,ca7585c8-ddbf-4d1d-a666-37a7b963d906,Balo Unisex Thời Trang Chống Nước,Nón,Free Size,Trắng,2,450000,20/12/2025
HD00914,d687bdc0-7bd2-4fb3-b157-ef8d3c1b2135,Quần Jogger Unisex Nỉ Basic,Quần,L,Xám,2,280000,20/12/2025
HD00914,d15def0c-3a31-492a-ac97-382525c2218a,Áo Sweater Unisex Trơn Basic,Áo khoác,M,Nâu,2,320000,20/12/2025
HD00915,ca7585c8-ddbf-4d1d-a666-37a7b963d906,Balo Unisex Thời Trang Chống Nước,Nón,Free Size,Trắng,2,450000,15/05/2025
HD00915,3dbb0578-dc6f-4fc7-b609-b0fec9796c29,Áo Thun Unisex Loang Màu Tiedye,Áo thun,M,Đen,1,210000,15/05/2025
HD00915,201e6224-a601-46ee-bead-63759fec2f51,Áo Len Nam Cổ Tròn Cashmere,Áo len,S,Xám,2,650000,15/05/2025
HD00915,49f47c17-2a4e-45e3-8c86-564e0b68bf44,Chân Váy Nữ Chữ A Da Lộn,Váy,S,Be,1,299000,15/05/2025
HD00916,cda0d51d-8c0e-423b-a4de-8d22cec903bf,Thắt Lưng Da Nữ Khóa Tròn Cổ Điển,Nón,Free Size,Trắng,2,250000,10/04/2026
HD00916,9b3e4d7c-96f1-4236-826e-5f32678a9fc4,Quần Jeans Nam,Quần,30,Đen,2,549000,10/04/2026
HD00916,b675c96d-da9f-4712-a11c-0596cc052da0,Giày Sneaker Cổ Cao Unisex,Giày,38,Trắng,1,690000,10/04/2026
HD00916,01a62d8d-11a8-4f0e-95c8-28324f5438b6,Áo Body Nữ Basic Cổ Lọ,Áo body,M,Trắng,1,269000,10/04/2026
HD00916,6f18cc28-04f2-411d-8e77-8735933ad66c,Nón Lưỡi Trai Unisex Thêu Chữ,Nón,Free Size,Trắng,1,120000,10/04/2026
HD00917,d687bdc0-7bd2-4fb3-b157-ef8d3c1b2135,Quần Jogger Unisex Nỉ Basic,Quần,L,Xám,1,280000,26/06/2025
HD00917,d15def0c-3a31-492a-ac97-382525c2218a,Áo Sweater Unisex Trơn Basic,Áo khoác,M,Nâu,2,320000,26/06/2025
HD00917,ca7585c8-ddbf-4d1d-a666-37a7b963d906,Balo Unisex Thời Trang Chống Nước,Nón,Free Size,Trắng,2,450000,26/06/2025
HD00918,0f6632d3-5cf7-42d2-9157-f13f0084a634,Áo Khoác Nam Denim Classic,Áo khoác,L,Xanh,1,550000,26/01/2026
HD00918,1d9f44d7-0657-47ec-baf9-659b9bfe2f6d,Áo Len Nam Cổ Lọ Ấm Áp,Áo len,XL,Đen,1,520000,26/01/2026
HD00918,bb06c357-8eb3-4ffe-a765-1307de4e19eb,Mũ Len Unisex Mùa Đông Ấm Áp,Nón,Free Size,Xám,2,150000,26/01/2026
HD00919,c36ca838-024f-462b-b202-e125f17c3a90,Áo Body Nữ Tay Dài Ôm Sát,Áo body,S,Đen,2,299000,17/01/2026
HD00919,409dbb70-64f9-445d-b146-33a6ba02b819,Váy Nữ Dự Tiệc Trễ Vai Sang Chảnh,Váy,M,Đỏ,1,690000,17/01/2026
HD00919,db900625-f6c9-41e1-a4eb-2042fcd9496f,Giày Cao Gót Nữ Đế Nhọn Công Sở,Giày,38,Trắng,2,490000,17/01/2026
HD00920,7a707f6c-7a4b-4392-80c8-475eb6eb4bc8,Quần Tây Nam Lịch Lãm Công Sở,Quần,29,Đen,1,489000,10/12/2025
HD00920,bf8bb740-6ff2-40aa-b164-ac144119c781,Giày Tây Nam Derby Lịch Lãm,Giày,40,Xám,2,990000,10/12/2025
HD00920,773638cb-7eea-46c3-8af4-3bce1ecb5dd2,Áo Polo Nam Công Sở Premium,Áo thun,XL,Xanh Navy,1,350000,10/12/2025
HD00921,20ecab60-6f47-43a3-b5a2-8c73d262ff50,Váy Nữ Dự Tiệc Cao Cấp,Váy,M,Đỏ,1,690000,08/03/2026
HD00921,ac85d49f-37a3-47d2-9850-04adc3abecfb,Mắt Kính Unisex Chống Tia UV,Nón,Free Size,Đen,1,290000,08/03/2026
HD00921,c356d946-1d0c-4868-a400-11e664e1c6c1,Áo Thun Nam Cotton Organic,Áo thun,M,Xám,1,190000,08/03/2026
HD00922,47321475-4386-4cf5-8b77-af01547cd204,Quần Baggy Nữ Hàn Quốc,Quần,M,Đen,1,429000,08/09/2025
HD00922,cc14f38d-1c5d-44e4-a577-c2add0a1b47e,Áo Sơ Mi Nữ Linen Kem,Áo sơ mi,S,Be,2,359000,08/09/2025
HD00922,b3d420d4-d451-4c61-bd20-6636b4973e09,Cardigan Nữ Len Dệt Kim Kem,Cardigan,M,Be,1,499000,08/09/2025
HD00923,b9070ded-f7bb-4ae7-8384-31f433f188c1,Quần Jogger Nam Kaki Túi Hộp,Quần,M,Đen,1,350000,05/07/2025
HD00923,99f07ede-2b19-4f58-949e-3c20b4da9416,Nón Snapback Unisex Streetwear,Nón,Free Size,Xám,1,220000,05/07/2025
HD00924,d687bdc0-7bd2-4fb3-b157-ef8d3c1b2135,Quần Jogger Unisex Nỉ Basic,Quần,M,Xám,1,280000,01/07/2025
HD00924,ca7585c8-ddbf-4d1d-a666-37a7b963d906,Balo Unisex Thời Trang Chống Nước,Nón,Free Size,Trắng,1,450000,01/07/2025
HD00924,23cbc0c9-3f70-46ca-82e3-35767699a754,Giày Slip On Unisex Vải Canvas,Giày,39,Đen,1,399000,01/07/2025
HD00925,b9070ded-f7bb-4ae7-8384-31f433f188c1,Quần Jogger Nam Kaki Túi Hộp,Quần,M,Đen,2,350000,19/03/2025
HD00925,8211c7e6-49da-422e-8c8e-61bf0288e356,Áo Thun Nam Oversize Cực Chất,Áo thun,L,Đen,2,220000,19/03/2025
HD00925,99f07ede-2b19-4f58-949e-3c20b4da9416,Nón Snapback Unisex Streetwear,Nón,Free Size,Xám,1,220000,19/03/2025
HD00925,7a707f6c-7a4b-4392-80c8-475eb6eb4bc8,Quần Tây Nam Lịch Lãm Công Sở,Quần,30,Đen,1,489000,19/03/2025
HD00926,e5f19f93-1057-4ec4-880f-a16e5fbcb39c,Váy Tennis Nữ Xếp Ly Trắng,Váy,M,Trắng,1,280000,02/07/2025
HD00926,105ad1ba-828c-468d-b1e2-33860aced25e,Giày Tây Nam Oxford Da Bò,Giày,40,Xám,2,1200000,02/07/2025
HD00927,ca7585c8-ddbf-4d1d-a666-37a7b963d906,Balo Unisex Thời Trang Chống Nước,Nón,Free Size,Trắng,1,450000,10/02/2025
HD00927,d15def0c-3a31-492a-ac97-382525c2218a,Áo Sweater Unisex Trơn Basic,Áo khoác,XL,Nâu,1,320000,10/02/2025
HD00928,c9e6150b-fdf6-4a91-8f2c-d8bab75b9f2b,Hoodie Unisex Local Brand Cực Chất,Áo khoác,M,Nâu,2,399000,14/04/2026
HD00928,591f87ca-ccec-4d04-af4e-fe941c4ee72e,Giày Sneaker Trắng Unisex Streetwear,Giày,38,Trắng,1,650000,14/04/2026
HD00929,7a707f6c-7a4b-4392-80c8-475eb6eb4bc8,Quần Tây Nam Lịch Lãm Công Sở,Quần,32,Đen,1,489000,05/03/2026
HD00929,773638cb-7eea-46c3-8af4-3bce1ecb5dd2,Áo Polo Nam Công Sở Premium,Áo thun,M,Xanh Navy,1,350000,05/03/2026
HD00930,b8a6d3f1-ad5c-4c5b-adf9-7e766ed462a5,Nón Bucket Unisex Vải Kaki Trơn,Nón,Free Size,Đen,2,150000,01/10/2025
HD00930,591f87ca-ccec-4d04-af4e-fe941c4ee72e,Giày Sneaker Trắng Unisex Streetwear,Giày,38,Trắng,1,650000,01/10/2025
HD00930,c9e6150b-fdf6-4a91-8f2c-d8bab75b9f2b,Hoodie Unisex Local Brand Cực Chất,Áo khoác,L,Nâu,2,399000,01/10/2025
HD00931,12c3c23d-b26f-4090-b661-3e330f928a84,Nón Thể Thao Unisex,Nón,Free Size,Trắng,2,160000,15/08/2025
HD00931,e6f18dbb-acb7-46bb-a116-d6111d7b40f8,Quần Jogger Nam Thể Thao Nỉ,Quần,L,Xám,2,320000,15/08/2025
HD00931,4ef3b541-6c86-4287-8090-28809b3559fe,Giày Chạy Bộ Nam Running Sport,Giày,43,Đen,2,790000,15/08/2025
HD00932,14aa5a7e-58a7-4ee6-91dc-3b3841539483,Áo Thun Nam Graphic Print,Áo thun,L,Xám,1,259000,12/11/2025
HD00932,03b22bfb-54c3-42d4-b00d-f03c542dacb4,Áo Polo Nam Sọc Ngang,Áo thun,XL,Trắng,2,289000,12/11/2025
HD00932,80fca8d2-8d12-40fd-aaf6-6c3e0e0d49ea,Cardigan Nữ Len Mỏng,Cardigan,S,Xám,1,399000,12/11/2025
HD00932,668c0c46-b451-49fb-a269-45e518a0a645,Quần Jeans Nam Slimfit,Quần,32,Xanh đậm,1,549000,12/11/2025
HD00932,1d99fb01-0c7c-4f56-86b7-e573663b11e2,Áo Thun Nam Oversize Streetwear,Áo thun,XL,Đen,2,239000,12/11/2025
HD00933,1d9f44d7-0657-47ec-baf9-659b9bfe2f6d,Áo Len Nam Cổ Lọ Ấm Áp,Áo len,XL,Đen,1,520000,17/11/2025
HD00933,bb06c357-8eb3-4ffe-a765-1307de4e19eb,Mũ Len Unisex Mùa Đông Ấm Áp,Nón,Free Size,Xám,2,150000,17/11/2025
HD00933,0f6632d3-5cf7-42d2-9157-f13f0084a634,Áo Khoác Nam Denim Classic,Áo khoác,XL,Xanh,2,550000,17/11/2025
HD00934,ca7585c8-ddbf-4d1d-a666-37a7b963d906,Balo Unisex Thời Trang Chống Nước,Nón,Free Size,Trắng,1,450000,08/05/2025
HD00934,d15def0c-3a31-492a-ac97-382525c2218a,Áo Sweater Unisex Trơn Basic,Áo khoác,L,Nâu,1,320000,08/05/2025
HD00935,565df8e7-d30d-4935-a0a2-bcd5ab5bf4a2,Quần Jeans Nam Slimfit Đen,Quần,32,Đen,1,549000,26/02/2025
HD00935,f79701c0-468d-45ca-a063-f2c32fead22e,Áo Polo Nam Basic,Áo thun,L,Xanh Navy,2,279000,26/02/2025
HD00935,e668318e-62fd-4730-9829-e614a2db7729,Blazer Nữ Form Rộng,Blazer,XL,Xám,2,850000,26/02/2025
HD00936,d15def0c-3a31-492a-ac97-382525c2218a,Áo Sweater Unisex Trơn Basic,Áo khoác,XL,Nâu,2,320000,04/03/2026
HD00936,ca7585c8-ddbf-4d1d-a666-37a7b963d906,Balo Unisex Thời Trang Chống Nước,Nón,Free Size,Trắng,2,450000,04/03/2026
HD00936,d687bdc0-7bd2-4fb3-b157-ef8d3c1b2135,Quần Jogger Unisex Nỉ Basic,Quần,L,Xám,1,280000,04/03/2026
HD00937,db900625-f6c9-41e1-a4eb-2042fcd9496f,Giày Cao Gót Nữ Đế Nhọn Công Sở,Giày,38,Trắng,1,490000,28/12/2025
HD00937,409dbb70-64f9-445d-b146-33a6ba02b819,Váy Nữ Dự Tiệc Trễ Vai Sang Chảnh,Váy,S,Đỏ,2,690000,28/12/2025
HD00938,e6f18dbb-acb7-46bb-a116-d6111d7b40f8,Quần Jogger Nam Thể Thao Nỉ,Quần,L,Xám,2,320000,08/12/2025
HD00938,12c3c23d-b26f-4090-b661-3e330f928a84,Nón Thể Thao Unisex,Nón,Free Size,Trắng,1,160000,08/12/2025
HD00938,4ef3b541-6c86-4287-8090-28809b3559fe,Giày Chạy Bộ Nam Running Sport,Giày,40,Đen,2,790000,08/12/2025
HD00939,47321475-4386-4cf5-8b77-af01547cd204,Quần Baggy Nữ Hàn Quốc,Quần,M,Đen,1,429000,04/05/2025
HD00939,cc14f38d-1c5d-44e4-a577-c2add0a1b47e,Áo Sơ Mi Nữ Linen Kem,Áo sơ mi,M,Be,1,359000,04/05/2025
HD00939,a9bbcc47-d51e-49fb-aab9-04649744ad76,Áo Thun Nam Cổ Tim Trơn,Áo thun,L,Đen,2,160000,04/05/2025
HD00940,4ef3b541-6c86-4287-8090-28809b3559fe,Giày Chạy Bộ Nam Running Sport,Giày,42,Đen,2,790000,30/01/2025
HD00940,12c3c23d-b26f-4090-b661-3e330f928a84,Nón Thể Thao Unisex,Nón,Free Size,Trắng,2,160000,30/01/2025
HD00940,e6f18dbb-acb7-46bb-a116-d6111d7b40f8,Quần Jogger Nam Thể Thao Nỉ,Quần,L,Xám,2,320000,30/01/2025
HD00941,2d01e356-ac67-4d6f-83ce-e2c9ad89a55d,Quần Tây Nữ Ống Suông,Quần,M,Đen,2,459000,23/05/2025
HD00941,1d8256e6-c737-4a4c-86b9-b28f0c3112eb,Áo Sơ Mi Nữ Oxford Trắng,Áo sơ mi,M,Trắng,2,329000,23/05/2025
HD00942,ca7585c8-ddbf-4d1d-a666-37a7b963d906,Balo Unisex Thời Trang Chống Nước,Nón,Free Size,Trắng,1,450000,04/10/2025
HD00942,d687bdc0-7bd2-4fb3-b157-ef8d3c1b2135,Quần Jogger Unisex Nỉ Basic,Quần,M,Xám,1,280000,04/10/2025
HD00942,d15def0c-3a31-492a-ac97-382525c2218a,Áo Sweater Unisex Trơn Basic,Áo khoác,M,Nâu,1,320000,04/10/2025
HD00943,cc14f38d-1c5d-44e4-a577-c2add0a1b47e,Áo Sơ Mi Nữ Linen Kem,Áo sơ mi,M,Be,2,359000,23/04/2025
HD00943,47321475-4386-4cf5-8b77-af01547cd204,Quần Baggy Nữ Hàn Quốc,Quần,XL,Đen,1,429000,23/04/2025
HD00943,1246b9f6-1cf6-4a6f-a0c4-8f8e34c3e4e8,Giày Running Sport Unisex,Giày,42,Đen,2,790000,23/04/2025
HD00944,99f07ede-2b19-4f58-949e-3c20b4da9416,Nón Snapback Unisex Streetwear,Nón,Free Size,Xám,2,220000,20/10/2025
HD00944,8211c7e6-49da-422e-8c8e-61bf0288e356,Áo Thun Nam Oversize Cực Chất,Áo thun,M,Đen,2,220000,20/10/2025
HD00944,b9070ded-f7bb-4ae7-8384-31f433f188c1,Quần Jogger Nam Kaki Túi Hộp,Quần,M,Đen,1,350000,20/10/2025
HD00945,db900625-f6c9-41e1-a4eb-2042fcd9496f,Giày Cao Gót Nữ Đế Nhọn Công Sở,Giày,36,Trắng,1,490000,04/09/2025
HD00945,409dbb70-64f9-445d-b146-33a6ba02b819,Váy Nữ Dự Tiệc Trễ Vai Sang Chảnh,Váy,S,Đỏ,1,690000,04/09/2025
HD00945,c36ca838-024f-462b-b202-e125f17c3a90,Áo Body Nữ Tay Dài Ôm Sát,Áo body,S,Đen,1,299000,04/09/2025
HD00946,591f87ca-ccec-4d04-af4e-fe941c4ee72e,Giày Sneaker Trắng Unisex Streetwear,Giày,41,Trắng,2,650000,10/07/2025
HD00946,f79701c0-468d-45ca-a063-f2c32fead22e,Áo Polo Nam Basic,Áo thun,L,Xanh Navy,1,279000,10/07/2025
HD00946,565df8e7-d30d-4935-a0a2-bcd5ab5bf4a2,Quần Jeans Nam Slimfit Đen,Quần,30,Đen,1,549000,10/07/2025
HD00947,b8a6d3f1-ad5c-4c5b-adf9-7e766ed462a5,Nón Bucket Unisex Vải Kaki Trơn,Nón,Free Size,Đen,2,150000,11/06/2025
HD00947,591f87ca-ccec-4d04-af4e-fe941c4ee72e,Giày Sneaker Trắng Unisex Streetwear,Giày,39,Trắng,2,650000,11/06/2025
HD00948,99f07ede-2b19-4f58-949e-3c20b4da9416,Nón Snapback Unisex Streetwear,Nón,Free Size,Xám,2,220000,16/06/2025
HD00948,8211c7e6-49da-422e-8c8e-61bf0288e356,Áo Thun Nam Oversize Cực Chất,Áo thun,L,Đen,1,220000,16/06/2025
HD00949,591f87ca-ccec-4d04-af4e-fe941c4ee72e,Giày Sneaker Trắng Unisex Streetwear,Giày,42,Trắng,2,650000,02/06/2025
HD00949,f79701c0-468d-45ca-a063-f2c32fead22e,Áo Polo Nam Basic,Áo thun,S,Xanh Navy,2,279000,02/06/2025
HD00950,4ef3b541-6c86-4287-8090-28809b3559fe,Giày Chạy Bộ Nam Running Sport,Giày,42,Đen,2,790000,09/05/2025
HD00950,12c3c23d-b26f-4090-b661-3e330f928a84,Nón Thể Thao Unisex,Nón,Free Size,Trắng,1,160000,09/05/2025
HD00950,20b29c90-bea4-432c-ac66-0b72cbccdf6a,Áo Sơ Mi Nữ Linen,Áo sơ mi,L,Be,1,359000,09/05/2025
HD00951,f79701c0-468d-45ca-a063-f2c32fead22e,Áo Polo Nam Basic,Áo thun,XL,Xanh Navy,2,279000,04/05/2026
HD00951,0e0448a2-c2bd-4e80-b627-8787750e4656,Áo Sơ Mi Nam Caro,Áo sơ mi,L,Đỏ,2,299000,04/05/2026
HD00951,3519fffb-6ea3-4fe0-947e-6d8b8e470b7a,Váy Nữ Maxi Đi Biển Dịu Dàng,Váy,M,Be,2,550000,04/05/2026
HD00952,d15def0c-3a31-492a-ac97-382525c2218a,Áo Sweater Unisex Trơn Basic,Áo khoác,M,Nâu,2,320000,12/12/2025
HD00952,75a19ddc-3ed9-45f0-9578-73b1935b5ad4,Áo Thun Unisex Oversize Cotton,Áo thun,XL,Xám,1,199000,12/12/2025
HD00953,d15def0c-3a31-492a-ac97-382525c2218a,Áo Sweater Unisex Trơn Basic,Áo khoác,L,Nâu,1,320000,11/03/2026
HD00953,ca7585c8-ddbf-4d1d-a666-37a7b963d906,Balo Unisex Thời Trang Chống Nước,Nón,Free Size,Trắng,2,450000,11/03/2026
HD00954,03b22bfb-54c3-42d4-b00d-f03c542dacb4,Áo Polo Nam Sọc Ngang,Áo thun,XL,Trắng,1,289000,31/10/2025
HD00954,1d9f44d7-0657-47ec-baf9-659b9bfe2f6d,Áo Len Nam Cổ Lọ Ấm Áp,Áo len,L,Đen,1,520000,31/10/2025
HD00954,7a707f6c-7a4b-4392-80c8-475eb6eb4bc8,Quần Tây Nam Lịch Lãm Công Sở,Quần,29,Đen,2,489000,31/10/2025
HD00955,81735139-02ec-4da6-aa6b-74780cb71167,Áo Sơ Mi Nữ Voan Lụa Công Sở,Áo sơ mi,M,Trắng,2,380000,17/07/2025
HD00955,6217de90-58f8-4c3f-99e7-59c09b50f42d,Áo Khoác Nam Denim,Áo khoác,XL,Xanh,1,559000,17/07/2025
HD00956,fba0cb23-9cc9-40ed-a279-a57f1c6ac794,Áo Khoác Nam Bomber,Áo khoác,L,Đen,1,499000,08/06/2025
HD00956,b675c96d-da9f-4712-a11c-0596cc052da0,Giày Sneaker Cổ Cao Unisex,Giày,39,Trắng,1,690000,08/06/2025
HD00956,8a7e2af6-1dec-44a6-bf40-5c5c403abe8c,Áo Sơ Mi Nam Vải Oxford Trắng,Áo sơ mi,S,Trắng,1,320000,08/06/2025
HD00957,80fca8d2-8d12-40fd-aaf6-6c3e0e0d49ea,Cardigan Nữ Len Mỏng,Cardigan,L,Kem,2,399000,06/10/2025
HD00957,863bc572-8ddb-47bc-98e0-bff31818a347,Quần Ống Rộng Nữ,Quần,L,Kem,2,399000,06/10/2025
HD00957,c9e6150b-fdf6-4a91-8f2c-d8bab75b9f2b,Hoodie Unisex Local Brand Cực Chất,Áo khoác,XL,Nâu,1,399000,06/10/2025
HD00957,c9abc8f4-c333-4a02-9fdb-0a7346bdc75f,Váy Nữ Hoa Nhí Dáng A,Váy,L,Hồng,2,390000,06/10/2025
HD00958,b9070ded-f7bb-4ae7-8384-31f433f188c1,Quần Jogger Nam Kaki Túi Hộp,Quần,XL,Đen,1,350000,27/04/2025
HD00958,8211c7e6-49da-422e-8c8e-61bf0288e356,Áo Thun Nam Oversize Cực Chất,Áo thun,M,Đen,1,220000,27/04/2025
HD00959,5a9e4c10-4d85-4ae9-99d0-4ecdbc69964b,Áo Thun Unisex In Chữ Streetwear,Áo thun,L,Đen,1,189000,01/07/2025
HD00959,3519fffb-6ea3-4fe0-947e-6d8b8e470b7a,Váy Nữ Maxi Đi Biển Dịu Dàng,Váy,L,Be,1,550000,01/07/2025
HD00959,fba0cb23-9cc9-40ed-a279-a57f1c6ac794,Áo Khoác Nam Bomber,Áo khoác,XL,Đen,2,499000,01/07/2025
HD00959,de2469aa-98bb-4048-b2d6-ca06feaff0f9,Ví Da Unisex Đựng Thẻ Tiện Lợi,Nón,Free Size,Navy,2,190000,01/07/2025
HD00959,6d9ff3b3-09bc-4a76-b2f0-891905840fe3,Áo Thun Nữ Form Rộng Giấu Quần,Áo thun,M,Trắng,2,160000,01/07/2025
HD00960,bb06c357-8eb3-4ffe-a765-1307de4e19eb,Mũ Len Unisex Mùa Đông Ấm Áp,Nón,Free Size,Xám,2,150000,26/01/2026
HD00960,0f6632d3-5cf7-42d2-9157-f13f0084a634,Áo Khoác Nam Denim Classic,Áo khoác,M,Xanh,1,550000,26/01/2026
HD00961,b3d420d4-d451-4c61-bd20-6636b4973e09,Cardigan Nữ Len Dệt Kim Kem,Cardigan,M,Be,2,499000,05/08/2025
HD00961,47321475-4386-4cf5-8b77-af01547cd204,Quần Baggy Nữ Hàn Quốc,Quần,XL,Đen,2,429000,05/08/2025
HD00962,81735139-02ec-4da6-aa6b-74780cb71167,Áo Sơ Mi Nữ Voan Lụa Công Sở,Áo sơ mi,XL,Trắng,1,380000,13/01/2025
HD00962,7cdfc8c2-6d7e-4c07-9981-f669040ff7a9,Áo Khoác Gió Nam Chống Nước,Áo khoác,M,Đen,2,450000,13/01/2025
HD00962,33732f38-6563-44e9-a85f-09fcdda0aa6f,Blazer Nữ Dáng Ngắn Thời Thượng,Blazer,M,Be,2,790000,13/01/2025
HD00963,0f6632d3-5cf7-42d2-9157-f13f0084a634,Áo Khoác Nam Denim Classic,Áo khoác,L,Xanh,1,550000,08/01/2026
HD00963,1d9f44d7-0657-47ec-baf9-659b9bfe2f6d,Áo Len Nam Cổ Lọ Ấm Áp,Áo len,M,Đen,1,520000,08/01/2026
HD00963,bb06c357-8eb3-4ffe-a765-1307de4e19eb,Mũ Len Unisex Mùa Đông Ấm Áp,Nón,Free Size,Xám,1,150000,08/01/2026
HD00964,8211c7e6-49da-422e-8c8e-61bf0288e356,Áo Thun Nam Oversize Cực Chất,Áo thun,XL,Đen,1,220000,25/01/2026
HD00964,99f07ede-2b19-4f58-949e-3c20b4da9416,Nón Snapback Unisex Streetwear,Nón,Free Size,Xám,2,220000,25/01/2026
HD00965,99f07ede-2b19-4f58-949e-3c20b4da9416,Nón Snapback Unisex Streetwear,Nón,Free Size,Xám,2,220000,25/04/2025
HD00965,8211c7e6-49da-422e-8c8e-61bf0288e356,Áo Thun Nam Oversize Cực Chất,Áo thun,L,Đen,1,220000,25/04/2025
HD00965,b9070ded-f7bb-4ae7-8384-31f433f188c1,Quần Jogger Nam Kaki Túi Hộp,Quần,XL,Đen,2,350000,25/04/2025
HD00966,ca7585c8-ddbf-4d1d-a666-37a7b963d906,Balo Unisex Thời Trang Chống Nước,Nón,Free Size,Trắng,1,450000,18/01/2026
HD00966,d15def0c-3a31-492a-ac97-382525c2218a,Áo Sweater Unisex Trơn Basic,Áo khoác,L,Nâu,2,320000,18/01/2026
HD00967,7a1e5705-4b19-42f7-a7ec-504fb2481cc2,Thắt Lưng Da Nam Khóa Tự Động,Nón,Free Size,Đen,2,350000,26/07/2025
HD00967,01a62d8d-11a8-4f0e-95c8-28324f5438b6,Áo Body Nữ Basic Cổ Lọ,Áo body,M,Trắng,2,269000,26/07/2025
HD00967,7cdfc8c2-6d7e-4c07-9981-f669040ff7a9,Áo Khoác Gió Nam Chống Nước,Áo khoác,L,Đen,1,450000,26/07/2025
HD00967,2840661b-b758-4365-9ddb-51837e109ce7,Áo Thun Nam Local Brand,Áo thun,S,Trắng,2,199000,26/07/2025
HD00967,cc14f38d-1c5d-44e4-a577-c2add0a1b47e,Áo Sơ Mi Nữ Linen Kem,Áo sơ mi,M,Be,1,359000,26/07/2025
HD00968,7af62054-cb7c-43d5-8a7a-f6de97b8440d,Blazer Nữ Công Sở Premium,Blazer,M,Trắng,2,820000,13/05/2025
HD00968,2d01e356-ac67-4d6f-83ce-e2c9ad89a55d,Quần Tây Nữ Ống Suông,Quần,S,Đen,2,459000,13/05/2025
HD00968,1d8256e6-c737-4a4c-86b9-b28f0c3112eb,Áo Sơ Mi Nữ Oxford Trắng,Áo sơ mi,L,Trắng,1,329000,13/05/2025
HD00969,f44172da-7e3c-467e-8c19-187fcb7ae23a,Áo Hoodie Unisex Zip Tiện Lợi,Áo khoác,XL,Đen,2,420000,18/03/2026
HD00969,d230d9ed-71e2-4378-9fb2-15dd13a37357,Áo Hoodie Unisex,Áo khoác,L,Nâu,1,399000,18/03/2026
HD00969,1d9f44d7-0657-47ec-baf9-659b9bfe2f6d,Áo Len Nam Cổ Lọ Ấm Áp,Áo len,M,Đen,2,520000,18/03/2026
HD00970,cc14f38d-1c5d-44e4-a577-c2add0a1b47e,Áo Sơ Mi Nữ Linen Kem,Áo sơ mi,S,Be,2,359000,26/06/2025
HD00970,47321475-4386-4cf5-8b77-af01547cd204,Quần Baggy Nữ Hàn Quốc,Quần,M,Đen,2,429000,26/06/2025
HD00970,b3d420d4-d451-4c61-bd20-6636b4973e09,Cardigan Nữ Len Dệt Kim Kem,Cardigan,L,Be,2,499000,26/06/2025
HD00971,e5f19f93-1057-4ec4-880f-a16e5fbcb39c,Váy Tennis Nữ Xếp Ly Trắng,Váy,S,Trắng,2,280000,14/06/2025
HD00971,0d2d0b09-60dc-474a-a0d4-d49689e230b8,Quần Jeans Nữ Ống Rộng Culottes,Quần,M,Kem,1,529000,14/06/2025
HD00971,fba0cb23-9cc9-40ed-a279-a57f1c6ac794,Áo Khoác Nam Bomber,Áo khoác,L,Đen,2,499000,14/06/2025
HD00971,41ba1486-c8ed-42ba-8e21-a7baaaf113a7,Quần Short Nữ,Quần,M,Xanh,2,259000,14/06/2025
HD00971,0e0448a2-c2bd-4e80-b627-8787750e4656,Áo Sơ Mi Nam Caro,Áo sơ mi,M,Đỏ,2,299000,14/06/2025
HD00972,db900625-f6c9-41e1-a4eb-2042fcd9496f,Giày Cao Gót Nữ Đế Nhọn Công Sở,Giày,36,Trắng,2,490000,02/01/2026
HD00972,409dbb70-64f9-445d-b146-33a6ba02b819,Váy Nữ Dự Tiệc Trễ Vai Sang Chảnh,Váy,S,Đỏ,2,690000,02/01/2026
HD00972,c36ca838-024f-462b-b202-e125f17c3a90,Áo Body Nữ Tay Dài Ôm Sát,Áo body,S,Đen,1,299000,02/01/2026
HD00972,75a19ddc-3ed9-45f0-9578-73b1935b5ad4,Áo Thun Unisex Oversize Cotton,Áo thun,S,Xám,1,199000,02/01/2026
HD00973,591f87ca-ccec-4d04-af4e-fe941c4ee72e,Giày Sneaker Trắng Unisex Streetwear,Giày,39,Trắng,1,650000,13/09/2025
HD00973,95eb8021-2598-4aeb-92e1-99f5e709c28c,Cardigan Nữ Hàn Quốc,Cardigan,L,Đen,2,430000,13/09/2025
HD00973,fbf0bc5c-dbfc-4b4a-9648-0be35b76943f,Quần Jogger Unisex Kaki Túi Hộp,Quần,L,Đen,2,320000,13/09/2025
HD00973,740d378a-17ab-4db0-aa7b-961840cb0ad8,Blazer Nữ Premium,Blazer,L,Đen,1,990000,13/09/2025
HD00973,75a19ddc-3ed9-45f0-9578-73b1935b5ad4,Áo Thun Unisex Oversize Cotton,Áo thun,S,Xám,1,199000,13/09/2025
HD00974,c36ca838-024f-462b-b202-e125f17c3a90,Áo Body Nữ Tay Dài Ôm Sát,Áo body,S,Đen,2,299000,18/09/2025
HD00974,db900625-f6c9-41e1-a4eb-2042fcd9496f,Giày Cao Gót Nữ Đế Nhọn Công Sở,Giày,36,Trắng,1,490000,18/09/2025
HD00975,2d01e356-ac67-4d6f-83ce-e2c9ad89a55d,Quần Tây Nữ Ống Suông,Quần,M,Đen,2,459000,02/08/2025
HD00975,86a9c31d-97c5-47fc-b2ce-292729ac16ad,Nón Bucket Unisex Họa Tiết Loang,Nón,Free Size,Đen,2,180000,02/08/2025
HD00976,0f6632d3-5cf7-42d2-9157-f13f0084a634,Áo Khoác Nam Denim Classic,Áo khoác,M,Xanh,2,550000,20/02/2026
HD00976,1d9f44d7-0657-47ec-baf9-659b9bfe2f6d,Áo Len Nam Cổ Lọ Ấm Áp,Áo len,M,Đen,1,520000,20/02/2026
HD00977,db900625-f6c9-41e1-a4eb-2042fcd9496f,Giày Cao Gót Nữ Đế Nhọn Công Sở,Giày,36,Trắng,1,490000,22/11/2025
HD00977,409dbb70-64f9-445d-b146-33a6ba02b819,Váy Nữ Dự Tiệc Trễ Vai Sang Chảnh,Váy,L,Đỏ,2,690000,22/11/2025
HD00977,c36ca838-024f-462b-b202-e125f17c3a90,Áo Body Nữ Tay Dài Ôm Sát,Áo body,S,Đen,1,299000,22/11/2025
HD00978,773638cb-7eea-46c3-8af4-3bce1ecb5dd2,Áo Polo Nam Công Sở Premium,Áo thun,S,Xanh Navy,2,350000,09/07/2025
HD00978,bf8bb740-6ff2-40aa-b164-ac144119c781,Giày Tây Nam Derby Lịch Lãm,Giày,39,Xám,2,990000,09/07/2025
HD00978,7a707f6c-7a4b-4392-80c8-475eb6eb4bc8,Quần Tây Nam Lịch Lãm Công Sở,Quần,32,Đen,1,489000,09/07/2025
HD00979,1d9f44d7-0657-47ec-baf9-659b9bfe2f6d,Áo Len Nam Cổ Lọ Ấm Áp,Áo len,M,Đen,1,520000,18/03/2026
HD00979,0f6632d3-5cf7-42d2-9157-f13f0084a634,Áo Khoác Nam Denim Classic,Áo khoác,XL,Xanh,2,550000,18/03/2026
HD00980,591f87ca-ccec-4d04-af4e-fe941c4ee72e,Giày Sneaker Trắng Unisex Streetwear,Giày,41,Trắng,1,650000,18/03/2026
HD00980,f79701c0-468d-45ca-a063-f2c32fead22e,Áo Polo Nam Basic,Áo thun,M,Xanh Navy,1,279000,18/03/2026
HD00981,12c3c23d-b26f-4090-b661-3e330f928a84,Nón Thể Thao Unisex,Nón,Free Size,Trắng,2,160000,14/10/2025
HD00981,e6f18dbb-acb7-46bb-a116-d6111d7b40f8,Quần Jogger Nam Thể Thao Nỉ,Quần,XL,Xám,1,320000,14/10/2025
HD00981,4ef3b541-6c86-4287-8090-28809b3559fe,Giày Chạy Bộ Nam Running Sport,Giày,43,Đen,1,790000,14/10/2025
HD00982,47321475-4386-4cf5-8b77-af01547cd204,Quần Baggy Nữ Hàn Quốc,Quần,L,Đen,2,429000,16/01/2025
HD00982,b3d420d4-d451-4c61-bd20-6636b4973e09,Cardigan Nữ Len Dệt Kim Kem,Cardigan,L,Be,1,499000,16/01/2025
HD00983,7af62054-cb7c-43d5-8a7a-f6de97b8440d,Blazer Nữ Công Sở Premium,Blazer,S,Trắng,2,820000,18/10/2025
HD00983,1d8256e6-c737-4a4c-86b9-b28f0c3112eb,Áo Sơ Mi Nữ Oxford Trắng,Áo sơ mi,M,Trắng,2,329000,18/10/2025
HD00983,2d01e356-ac67-4d6f-83ce-e2c9ad89a55d,Quần Tây Nữ Ống Suông,Quần,M,Đen,1,459000,18/10/2025
HD00984,409dbb70-64f9-445d-b146-33a6ba02b819,Váy Nữ Dự Tiệc Trễ Vai Sang Chảnh,Váy,L,Đỏ,2,690000,29/01/2025
HD00984,db900625-f6c9-41e1-a4eb-2042fcd9496f,Giày Cao Gót Nữ Đế Nhọn Công Sở,Giày,39,Trắng,1,490000,29/01/2025
HD00985,b9070ded-f7bb-4ae7-8384-31f433f188c1,Quần Jogger Nam Kaki Túi Hộp,Quần,M,Đen,2,350000,03/04/2025
HD00985,8211c7e6-49da-422e-8c8e-61bf0288e356,Áo Thun Nam Oversize Cực Chất,Áo thun,XL,Đen,2,220000,03/04/2025
HD00985,4e83e6d5-6bb8-4d62-b032-d8ffc5ee62ef,Quần Jeans Nam Ống Đứng Regular,Quần,30,Xanh đậm,1,529000,03/04/2025
HD00986,1d8256e6-c737-4a4c-86b9-b28f0c3112eb,Áo Sơ Mi Nữ Oxford Trắng,Áo sơ mi,M,Trắng,2,329000,21/09/2025
HD00986,2d01e356-ac67-4d6f-83ce-e2c9ad89a55d,Quần Tây Nữ Ống Suông,Quần,S,Đen,2,459000,21/09/2025
HD00987,4ef3b541-6c86-4287-8090-28809b3559fe,Giày Chạy Bộ Nam Running Sport,Giày,41,Đen,1,790000,11/03/2025
HD00987,12c3c23d-b26f-4090-b661-3e330f928a84,Nón Thể Thao Unisex,Nón,Free Size,Trắng,1,160000,11/03/2025
HD00987,e6f18dbb-acb7-46bb-a116-d6111d7b40f8,Quần Jogger Nam Thể Thao Nỉ,Quần,XL,Xám,2,320000,11/03/2025
HD00988,47321475-4386-4cf5-8b77-af01547cd204,Quần Baggy Nữ Hàn Quốc,Quần,M,Đen,2,429000,05/01/2025
HD00988,cc14f38d-1c5d-44e4-a577-c2add0a1b47e,Áo Sơ Mi Nữ Linen Kem,Áo sơ mi,M,Be,2,359000,05/01/2025
HD00988,b3d420d4-d451-4c61-bd20-6636b4973e09,Cardigan Nữ Len Dệt Kim Kem,Cardigan,L,Be,1,499000,05/01/2025
HD00989,e7a2f4b5-bf3f-47e0-b981-e6142607b6bc,Giày Chunky Sneaker Unisex,Giày,39,Trắng,1,850000,20/12/2025
HD00989,f79701c0-468d-45ca-a063-f2c32fead22e,Áo Polo Nam Basic,Áo thun,XL,Xanh Navy,1,279000,20/12/2025
HD00989,75a19ddc-3ed9-45f0-9578-73b1935b5ad4,Áo Thun Unisex Oversize Cotton,Áo thun,M,Xám,1,199000,20/12/2025
HD00989,1571231f-22cc-4ac1-94b1-c01fcb332ed7,Túi Bao Tử Unisex Chống Nước,Nón,Free Size,Navy,1,220000,20/12/2025
HD00989,f715e6cf-f139-40fc-9411-eb5a1391b6a3,Quần Short Unisex Nỉ Thể Thao,Quần,L,Đen,2,189000,20/12/2025
HD00990,b9070ded-f7bb-4ae7-8384-31f433f188c1,Quần Jogger Nam Kaki Túi Hộp,Quần,L,Đen,2,350000,13/05/2025
HD00990,8211c7e6-49da-422e-8c8e-61bf0288e356,Áo Thun Nam Oversize Cực Chất,Áo thun,L,Đen,2,220000,13/05/2025
HD00990,99f07ede-2b19-4f58-949e-3c20b4da9416,Nón Snapback Unisex Streetwear,Nón,Free Size,Xám,2,220000,13/05/2025
HD00991,773638cb-7eea-46c3-8af4-3bce1ecb5dd2,Áo Polo Nam Công Sở Premium,Áo thun,L,Xanh Navy,2,350000,01/07/2025
HD00991,7a707f6c-7a4b-4392-80c8-475eb6eb4bc8,Quần Tây Nam Lịch Lãm Công Sở,Quần,31,Đen,2,489000,01/07/2025
HD00991,bf8bb740-6ff2-40aa-b164-ac144119c781,Giày Tây Nam Derby Lịch Lãm,Giày,40,Xám,1,990000,01/07/2025
HD00992,7a707f6c-7a4b-4392-80c8-475eb6eb4bc8,Quần Tây Nam Lịch Lãm Công Sở,Quần,33,Đen,1,489000,02/09/2025
HD00992,bf8bb740-6ff2-40aa-b164-ac144119c781,Giày Tây Nam Derby Lịch Lãm,Giày,41,Xám,1,990000,02/09/2025
HD00992,c356d946-1d0c-4868-a400-11e664e1c6c1,Áo Thun Nam Cotton Organic,Áo thun,XL,Xám,2,190000,02/09/2025
HD00993,bb06c357-8eb3-4ffe-a765-1307de4e19eb,Mũ Len Unisex Mùa Đông Ấm Áp,Nón,Free Size,Xám,1,150000,25/09/2025
HD00993,0f6632d3-5cf7-42d2-9157-f13f0084a634,Áo Khoác Nam Denim Classic,Áo khoác,M,Xanh,2,550000,25/09/2025
HD00993,1d9f44d7-0657-47ec-baf9-659b9bfe2f6d,Áo Len Nam Cổ Lọ Ấm Áp,Áo len,L,Đen,1,520000,25/09/2025
HD00994,b9070ded-f7bb-4ae7-8384-31f433f188c1,Quần Jogger Nam Kaki Túi Hộp,Quần,M,Đen,2,350000,18/04/2025
HD00994,8211c7e6-49da-422e-8c8e-61bf0288e356,Áo Thun Nam Oversize Cực Chất,Áo thun,M,Đen,2,220000,18/04/2025
HD00995,9339978c-7737-41bc-b043-029aeb186aac,Áo Polo Nam Basic,Áo thun,M,Xanh Navy,2,279000,01/04/2025
HD00995,20b29c90-bea4-432c-ac66-0b72cbccdf6a,Áo Sơ Mi Nữ Linen,Áo sơ mi,M,Be,1,359000,01/04/2025
HD00996,220243e7-0f72-4253-9861-6ff08f57a586,Áo Len Nam Form Rộng,Áo len,XL,Xám,2,559000,05/09/2025
HD00996,3ef4444d-e48a-41d7-aca5-dff0114fd772,Váy Công Sở Nữ,Váy,L,Đen,1,390000,05/09/2025
HD00996,8211c7e6-49da-422e-8c8e-61bf0288e356,Áo Thun Nam Oversize Cực Chất,Áo thun,L,Đen,1,220000,05/09/2025
HD00996,81735139-02ec-4da6-aa6b-74780cb71167,Áo Sơ Mi Nữ Voan Lụa Công Sở,Áo sơ mi,S,Trắng,1,380000,05/09/2025
HD00996,b518aad8-1fbb-4d46-bc3c-1e531b3b1a8d,Áo Thun Nam Trơn Cổ Tròn,Áo thun,S,Đen,1,150000,05/09/2025
HD00997,5a9e4c10-4d85-4ae9-99d0-4ecdbc69964b,Áo Thun Unisex In Chữ Streetwear,Áo thun,XL,Đen,1,189000,27/11/2025
HD00997,de2469aa-98bb-4048-b2d6-ca06feaff0f9,Ví Da Unisex Đựng Thẻ Tiện Lợi,Nón,Free Size,Navy,2,190000,27/11/2025
HD00997,52f6d247-50fb-43f7-ab47-14cc9380a683,Áo Sơ Mi Nam Cổ Tàu Casual,Áo sơ mi,XL,Nâu,1,299000,27/11/2025
HD00997,9339978c-7737-41bc-b043-029aeb186aac,Áo Polo Nam Basic,Áo thun,S,Trắng,1,279000,27/11/2025
HD00998,c04e8b6a-b8be-4231-9377-710ae7bb8e46,Áo Body Nữ Croptop,Áo body,S,Đen,1,289000,25/03/2026
HD00998,01a62d8d-11a8-4f0e-95c8-28324f5438b6,Áo Body Nữ Basic Cổ Lọ,Áo body,S,Trắng,1,269000,25/03/2026
HD00999,2d01e356-ac67-4d6f-83ce-e2c9ad89a55d,Quần Tây Nữ Ống Suông,Quần,L,Đen,2,459000,06/09/2025
HD00999,1d8256e6-c737-4a4c-86b9-b28f0c3112eb,Áo Sơ Mi Nữ Oxford Trắng,Áo sơ mi,S,Trắng,1,329000,06/09/2025
HD00999,7af62054-cb7c-43d5-8a7a-f6de97b8440d,Blazer Nữ Công Sở Premium,Blazer,S,Trắng,1,820000,06/09/2025
HD00999,c1e91e52-aef3-48ee-98d1-ddb905271917,Quần Tây Nữ Công Sở,Quần,L,Đen,2,459000,06/09/2025
HD01000,bb06c357-8eb3-4ffe-a765-1307de4e19eb,Mũ Len Unisex Mùa Đông Ấm Áp,Nón,Free Size,Xám,2,150000,15/05/2025
HD01000,0f6632d3-5cf7-42d2-9157-f13f0084a634,Áo Khoác Nam Denim Classic,Áo khoác,M,Xanh,2,550000,15/05/2025
HD01001,2d01e356-ac67-4d6f-83ce-e2c9ad89a55d,Quần Tây Nữ Ống Suông,Quần,L,Đen,2,459000,02/09/2025
HD01001,20ecab60-6f47-43a3-b5a2-8c73d262ff50,Váy Nữ Dự Tiệc Cao Cấp,Váy,L,Đen,1,690000,02/09/2025
HD01002,49f47c17-2a4e-45e3-8c86-564e0b68bf44,Chân Váy Nữ Chữ A Da Lộn,Váy,M,Be,2,299000,30/01/2026
HD01002,0f6632d3-5cf7-42d2-9157-f13f0084a634,Áo Khoác Nam Denim Classic,Áo khoác,XL,Xanh,1,550000,30/01/2026
HD01002,872f179f-f0d5-4bcd-a90e-d10870eac50d,Giày Boot Da Nữ Cổ Cao Cá Tính,Giày,36,Trắng,1,890000,30/01/2026
HD01002,565df8e7-d30d-4935-a0a2-bcd5ab5bf4a2,Quần Jeans Nam Slimfit Đen,Quần,31,Đen,1,549000,30/01/2026
HD01003,8211c7e6-49da-422e-8c8e-61bf0288e356,Áo Thun Nam Oversize Cực Chất,Áo thun,XL,Đen,2,220000,29/03/2026
HD01003,99f07ede-2b19-4f58-949e-3c20b4da9416,Nón Snapback Unisex Streetwear,Nón,Free Size,Xám,2,220000,29/03/2026
HD01003,b9070ded-f7bb-4ae7-8384-31f433f188c1,Quần Jogger Nam Kaki Túi Hộp,Quần,XL,Đen,2,350000,29/03/2026
HD01004,c9e6150b-fdf6-4a91-8f2c-d8bab75b9f2b,Hoodie Unisex Local Brand Cực Chất,Áo khoác,L,Nâu,1,399000,20/07/2025
HD01004,591f87ca-ccec-4d04-af4e-fe941c4ee72e,Giày Sneaker Trắng Unisex Streetwear,Giày,40,Trắng,2,650000,20/07/2025
HD01005,f79701c0-468d-45ca-a063-f2c32fead22e,Áo Polo Nam Basic,Áo thun,M,Xanh Navy,1,279000,30/01/2026
HD01005,565df8e7-d30d-4935-a0a2-bcd5ab5bf4a2,Quần Jeans Nam Slimfit Đen,Quần,30,Đen,1,549000,30/01/2026
HD01006,591f87ca-ccec-4d04-af4e-fe941c4ee72e,Giày Sneaker Trắng Unisex Streetwear,Giày,41,Trắng,2,650000,27/06/2025
HD01006,565df8e7-d30d-4935-a0a2-bcd5ab5bf4a2,Quần Jeans Nam Slimfit Đen,Quần,30,Đen,1,549000,27/06/2025
HD01006,863bc572-8ddb-47bc-98e0-bff31818a347,Quần Ống Rộng Nữ,Quần,M,Kem,2,399000,27/06/2025
HD01007,e6f18dbb-acb7-46bb-a116-d6111d7b40f8,Quần Jogger Nam Thể Thao Nỉ,Quần,L,Xám,1,320000,18/01/2025
HD01007,12c3c23d-b26f-4090-b661-3e330f928a84,Nón Thể Thao Unisex,Nón,Free Size,Trắng,1,160000,18/01/2025
HD01007,1d99fb01-0c7c-4f56-86b7-e573663b11e2,Áo Thun Nam Oversize Streetwear,Áo thun,L,Đen,1,239000,18/01/2025
HD01008,47321475-4386-4cf5-8b77-af01547cd204,Quần Baggy Nữ Hàn Quốc,Quần,XL,Đen,2,429000,27/01/2026
HD01008,b3d420d4-d451-4c61-bd20-6636b4973e09,Cardigan Nữ Len Dệt Kim Kem,Cardigan,L,Be,2,499000,27/01/2026
HD01008,cc14f38d-1c5d-44e4-a577-c2add0a1b47e,Áo Sơ Mi Nữ Linen Kem,Áo sơ mi,L,Be,2,359000,27/01/2026
HD01009,b8a6d3f1-ad5c-4c5b-adf9-7e766ed462a5,Nón Bucket Unisex Vải Kaki Trơn,Nón,Free Size,Đen,1,150000,02/02/2026
HD01009,c9e6150b-fdf6-4a91-8f2c-d8bab75b9f2b,Hoodie Unisex Local Brand Cực Chất,Áo khoác,L,Nâu,2,399000,02/02/2026
HD01009,591f87ca-ccec-4d04-af4e-fe941c4ee72e,Giày Sneaker Trắng Unisex Streetwear,Giày,40,Trắng,1,650000,02/02/2026
HD01010,03b22bfb-54c3-42d4-b00d-f03c542dacb4,Áo Polo Nam Sọc Ngang,Áo thun,L,Trắng,1,289000,30/06/2025
HD01010,206646b2-8c77-4e51-b71d-a942c17cbc4b,Quần Short Unisex Dù Gió,Quần,L,Xanh,1,150000,30/06/2025
HD01011,99f07ede-2b19-4f58-949e-3c20b4da9416,Nón Snapback Unisex Streetwear,Nón,Free Size,Xám,1,220000,29/08/2025
HD01011,b9070ded-f7bb-4ae7-8384-31f433f188c1,Quần Jogger Nam Kaki Túi Hộp,Quần,XL,Đen,2,350000,29/08/2025
HD01012,c36ca838-024f-462b-b202-e125f17c3a90,Áo Body Nữ Tay Dài Ôm Sát,Áo body,S,Đen,1,299000,28/03/2025
HD01012,db900625-f6c9-41e1-a4eb-2042fcd9496f,Giày Cao Gót Nữ Đế Nhọn Công Sở,Giày,36,Trắng,1,490000,28/03/2025
HD01013,7a707f6c-7a4b-4392-80c8-475eb6eb4bc8,Quần Tây Nam Lịch Lãm Công Sở,Quần,33,Đen,1,489000,26/01/2026
HD01013,bf8bb740-6ff2-40aa-b164-ac144119c781,Giày Tây Nam Derby Lịch Lãm,Giày,39,Xám,1,990000,26/01/2026
HD01013,773638cb-7eea-46c3-8af4-3bce1ecb5dd2,Áo Polo Nam Công Sở Premium,Áo thun,XXL,Xanh Navy,1,350000,26/01/2026
HD01014,bca6a5e3-a504-49ff-8fe8-bf5c131d57e5,Áo Sơ Mi Nam Kẻ Sọc Công Sở,Áo sơ mi,XL,Xanh,1,330000,16/02/2026
HD01014,872f179f-f0d5-4bcd-a90e-d10870eac50d,Giày Boot Da Nữ Cổ Cao Cá Tính,Giày,39,Trắng,2,890000,16/02/2026
HD01014,56edf28b-737a-4e1d-8e76-51796deff112,Nón Lưỡi Trai Unisex Basic Đen,Nón,Free Size,Đen,2,99000,16/02/2026
HD01015,d15def0c-3a31-492a-ac97-382525c2218a,Áo Sweater Unisex Trơn Basic,Áo khoác,XL,Nâu,2,320000,21/06/2025
HD01015,ca7585c8-ddbf-4d1d-a666-37a7b963d906,Balo Unisex Thời Trang Chống Nước,Nón,Free Size,Trắng,2,450000,21/06/2025
HD01016,306ab081-eb9c-4df5-8b30-1f55f1daa354,Quần Kaki Nam Short Casual,Quần,L,Đen,2,249000,08/01/2026
HD01016,462e9e6e-f5a5-4689-bca8-aa61f7489a66,Hoodie Unisex Nỉ Bông Có Mũ,Áo khoác,M,Xám,1,380000,08/01/2026
HD01016,52f6d247-50fb-43f7-ab47-14cc9380a683,Áo Sơ Mi Nam Cổ Tàu Casual,Áo sơ mi,S,Nâu,1,299000,08/01/2026
HD01017,f79701c0-468d-45ca-a063-f2c32fead22e,Áo Polo Nam Basic,Áo thun,L,Xanh Navy,2,279000,17/10/2025
HD01017,565df8e7-d30d-4935-a0a2-bcd5ab5bf4a2,Quần Jeans Nam Slimfit Đen,Quần,31,Đen,1,549000,17/10/2025
HD01018,f79701c0-468d-45ca-a063-f2c32fead22e,Áo Polo Nam Basic,Áo thun,L,Xanh Navy,1,279000,15/11/2025
HD01018,591f87ca-ccec-4d04-af4e-fe941c4ee72e,Giày Sneaker Trắng Unisex Streetwear,Giày,39,Trắng,2,650000,15/11/2025
HD01018,8a7e2af6-1dec-44a6-bf40-5c5c403abe8c,Áo Sơ Mi Nam Vải Oxford Trắng,Áo sơ mi,L,Trắng,2,320000,15/11/2025
HD01019,d15def0c-3a31-492a-ac97-382525c2218a,Áo Sweater Unisex Trơn Basic,Áo khoác,M,Nâu,1,320000,25/12/2025
HD01019,d687bdc0-7bd2-4fb3-b157-ef8d3c1b2135,Quần Jogger Unisex Nỉ Basic,Quần,M,Xám,2,280000,25/12/2025
HD01019,ca7585c8-ddbf-4d1d-a666-37a7b963d906,Balo Unisex Thời Trang Chống Nước,Nón,Free Size,Trắng,1,450000,25/12/2025
HD01019,f05e6db1-a12e-426c-aa6d-d5e504740533,Áo Body Nữ Tay Dài,Áo body,L,Đen,1,299000,25/12/2025
HD01020,740d378a-17ab-4db0-aa7b-961840cb0ad8,Blazer Nữ Premium,Blazer,M,Đen,1,990000,13/08/2025
HD01020,5b589295-6165-44f3-840e-bdf84d3c964e,Áo Body Nữ Giữ Nhiệt Bamboo Cổ Tròn,Áo body,L,Đen,1,329000,13/08/2025
HD01020,538c2225-906f-42c8-8875-c759a7017d20,Áo Sweater Unisex Cổ Tròn Nỉ,Áo khoác,M,Nâu,1,310000,13/08/2025
HD01020,45cc86fe-2abb-4420-8516-4718ae1f9990,Cardigan Nữ Oversize,Cardigan,M,Nâu,1,459000,13/08/2025
HD01020,306ab081-eb9c-4df5-8b30-1f55f1daa354,Quần Kaki Nam Short Casual,Quần,XL,Đen,2,249000,13/08/2025
HD01021,b3d420d4-d451-4c61-bd20-6636b4973e09,Cardigan Nữ Len Dệt Kim Kem,Cardigan,S,Be,1,499000,16/08/2025
HD01021,47321475-4386-4cf5-8b77-af01547cd204,Quần Baggy Nữ Hàn Quốc,Quần,XL,Đen,1,429000,16/08/2025
HD01021,cc14f38d-1c5d-44e4-a577-c2add0a1b47e,Áo Sơ Mi Nữ Linen Kem,Áo sơ mi,S,Be,1,359000,16/08/2025
HD01022,b3d420d4-d451-4c61-bd20-6636b4973e09,Cardigan Nữ Len Dệt Kim Kem,Cardigan,M,Be,1,499000,18/03/2026
HD01022,cc14f38d-1c5d-44e4-a577-c2add0a1b47e,Áo Sơ Mi Nữ Linen Kem,Áo sơ mi,L,Be,1,359000,18/03/2026
HD01022,47321475-4386-4cf5-8b77-af01547cd204,Quần Baggy Nữ Hàn Quốc,Quần,L,Đen,1,429000,18/03/2026
HD01023,bb06c357-8eb3-4ffe-a765-1307de4e19eb,Mũ Len Unisex Mùa Đông Ấm Áp,Nón,Free Size,Xám,2,150000,20/03/2026
HD01023,1d9f44d7-0657-47ec-baf9-659b9bfe2f6d,Áo Len Nam Cổ Lọ Ấm Áp,Áo len,XL,Đen,1,520000,20/03/2026
HD01024,ca7585c8-ddbf-4d1d-a666-37a7b963d906,Balo Unisex Thời Trang Chống Nước,Nón,Free Size,Trắng,1,450000,13/04/2025
HD01024,d687bdc0-7bd2-4fb3-b157-ef8d3c1b2135,Quần Jogger Unisex Nỉ Basic,Quần,M,Xám,1,280000,13/04/2025
HD01024,33732f38-6563-44e9-a85f-09fcdda0aa6f,Blazer Nữ Dáng Ngắn Thời Thượng,Blazer,S,Be,2,790000,13/04/2025
HD01025,42027732-03d0-4a71-a42b-eafc03a8cc71,Áo Khoác Blazer Unisex Form Rộng,Blazer,L,Xám,2,750000,06/03/2026
HD01025,3ef4444d-e48a-41d7-aca5-dff0114fd772,Váy Công Sở Nữ,Váy,M,Đen,1,390000,06/03/2026
HD01025,cda0d51d-8c0e-423b-a4de-8d22cec903bf,Thắt Lưng Da Nữ Khóa Tròn Cổ Điển,Nón,Free Size,Trắng,1,250000,06/03/2026
HD01025,5aee6bb0-ffad-4321-976e-a7a74709d94d,Dép Unisex Quai Ngang Êm Chân,Giày,41,Đen,2,150000,06/03/2026
HD01025,8211c7e6-49da-422e-8c8e-61bf0288e356,Áo Thun Nam Oversize Cực Chất,Áo thun,XL,Đen,2,220000,06/03/2026
HD01026,5b589295-6165-44f3-840e-bdf84d3c964e,Áo Body Nữ Giữ Nhiệt Bamboo Cổ Tròn,Áo body,S,Trắng,1,329000,08/07/2025
HD01026,14aa5a7e-58a7-4ee6-91dc-3b3841539483,Áo Thun Nam Graphic Print,Áo thun,L,Xám,2,259000,08/07/2025
HD01026,b675c96d-da9f-4712-a11c-0596cc052da0,Giày Sneaker Cổ Cao Unisex,Giày,41,Trắng,1,690000,08/07/2025
HD01027,256a70eb-d06d-417a-bf57-9b60da0305c5,Giày Thể Thao Nam,Giày,40,Xám,1,720000,11/01/2026
HD01027,acaeda25-b325-467b-b332-a71ebd9078d8,Áo Khoác Nam Bomber Nhung Tăm,Áo khoác,XL,Đen,2,499000,11/01/2026
HD01027,a7c450bf-193d-4223-b178-523acdd5ce71,Quần Kaki Nam Dáng Suông,Quần,31,Kem,1,389000,11/01/2026
HD01027,b518aad8-1fbb-4d46-bc3c-1e531b3b1a8d,Áo Thun Nam Trơn Cổ Tròn,Áo thun,M,Trắng,2,150000,11/01/2026
HD01028,7af62054-cb7c-43d5-8a7a-f6de97b8440d,Blazer Nữ Công Sở Premium,Blazer,L,Trắng,2,820000,14/09/2025
HD01028,2d01e356-ac67-4d6f-83ce-e2c9ad89a55d,Quần Tây Nữ Ống Suông,Quần,S,Đen,2,459000,14/09/2025
HD01029,1d9f44d7-0657-47ec-baf9-659b9bfe2f6d,Áo Len Nam Cổ Lọ Ấm Áp,Áo len,L,Đen,1,520000,22/01/2026
HD01029,bb06c357-8eb3-4ffe-a765-1307de4e19eb,Mũ Len Unisex Mùa Đông Ấm Áp,Nón,Free Size,Xám,1,150000,22/01/2026
HD01029,0f6632d3-5cf7-42d2-9157-f13f0084a634,Áo Khoác Nam Denim Classic,Áo khoác,M,Xanh,2,550000,22/01/2026
HD01029,565df8e7-d30d-4935-a0a2-bcd5ab5bf4a2,Quần Jeans Nam Slimfit Đen,Quần,29,Đen,2,549000,22/01/2026
HD01030,591f87ca-ccec-4d04-af4e-fe941c4ee72e,Giày Sneaker Trắng Unisex Streetwear,Giày,38,Trắng,1,650000,08/06/2025
HD01030,b8a6d3f1-ad5c-4c5b-adf9-7e766ed462a5,Nón Bucket Unisex Vải Kaki Trơn,Nón,Free Size,Đen,1,150000,08/06/2025
HD01031,c36ca838-024f-462b-b202-e125f17c3a90,Áo Body Nữ Tay Dài Ôm Sát,Áo body,L,Đen,1,299000,22/02/2025
HD01031,db900625-f6c9-41e1-a4eb-2042fcd9496f,Giày Cao Gót Nữ Đế Nhọn Công Sở,Giày,37,Trắng,2,490000,22/02/2025
HD01031,409dbb70-64f9-445d-b146-33a6ba02b819,Váy Nữ Dự Tiệc Trễ Vai Sang Chảnh,Váy,L,Đỏ,1,690000,22/02/2025
HD01032,bf8bb740-6ff2-40aa-b164-ac144119c781,Giày Tây Nam Derby Lịch Lãm,Giày,41,Xám,1,990000,14/11/2025
HD01032,7a707f6c-7a4b-4392-80c8-475eb6eb4bc8,Quần Tây Nam Lịch Lãm Công Sở,Quần,31,Đen,2,489000,14/11/2025
HD01032,773638cb-7eea-46c3-8af4-3bce1ecb5dd2,Áo Polo Nam Công Sở Premium,Áo thun,S,Xanh Navy,1,350000,14/11/2025
HD01032,45cc86fe-2abb-4420-8516-4718ae1f9990,Cardigan Nữ Oversize,Cardigan,L,Nâu,2,459000,14/11/2025
HD01033,c356d946-1d0c-4868-a400-11e664e1c6c1,Áo Thun Nam Cotton Organic,Áo thun,L,Xám,1,190000,11/11/2025
HD01033,0537aac5-9d37-4ea1-bee3-5ed3851cc79d,Áo Sơ Mi Nam Vải Linen Xanh,Áo sơ mi,L,Xanh,2,340000,11/11/2025
HD01034,b3d420d4-d451-4c61-bd20-6636b4973e09,Cardigan Nữ Len Dệt Kim Kem,Cardigan,S,Be,2,499000,05/01/2026
HD01034,47321475-4386-4cf5-8b77-af01547cd204,Quần Baggy Nữ Hàn Quốc,Quần,L,Đen,2,429000,05/01/2026
HD01034,cc14f38d-1c5d-44e4-a577-c2add0a1b47e,Áo Sơ Mi Nữ Linen Kem,Áo sơ mi,L,Be,1,359000,05/01/2026
HD01034,1d9f44d7-0657-47ec-baf9-659b9bfe2f6d,Áo Len Nam Cổ Lọ Ấm Áp,Áo len,L,Đen,2,520000,05/01/2026
HD01035,12c3c23d-b26f-4090-b661-3e330f928a84,Nón Thể Thao Unisex,Nón,Free Size,Trắng,2,160000,25/01/2025
HD01035,5b589295-6165-44f3-840e-bdf84d3c964e,Áo Body Nữ Giữ Nhiệt Bamboo Cổ Tròn,Áo body,L,Đen,2,329000,25/01/2025
HD01035,01a62d8d-11a8-4f0e-95c8-28324f5438b6,Áo Body Nữ Basic Cổ Lọ,Áo body,S,Trắng,1,269000,25/01/2025
HD01035,1d99fb01-0c7c-4f56-86b7-e573663b11e2,Áo Thun Nam Oversize Streetwear,Áo thun,XL,Trắng,1,239000,25/01/2025
HD01035,6217de90-58f8-4c3f-99e7-59c09b50f42d,Áo Khoác Nam Denim,Áo khoác,L,Xanh,1,559000,25/01/2025
HD01036,12c3c23d-b26f-4090-b661-3e330f928a84,Nón Thể Thao Unisex,Nón,Free Size,Trắng,2,160000,08/04/2025
HD01036,4ef3b541-6c86-4287-8090-28809b3559fe,Giày Chạy Bộ Nam Running Sport,Giày,41,Đen,2,790000,08/04/2025
HD01036,e6f18dbb-acb7-46bb-a116-d6111d7b40f8,Quần Jogger Nam Thể Thao Nỉ,Quần,M,Xám,1,320000,08/04/2025
HD01037,591f87ca-ccec-4d04-af4e-fe941c4ee72e,Giày Sneaker Trắng Unisex Streetwear,Giày,41,Trắng,1,650000,20/12/2025
HD01037,f79701c0-468d-45ca-a063-f2c32fead22e,Áo Polo Nam Basic,Áo thun,XL,Xanh Navy,1,279000,20/12/2025
HD01037,565df8e7-d30d-4935-a0a2-bcd5ab5bf4a2,Quần Jeans Nam Slimfit Đen,Quần,31,Đen,2,549000,20/12/2025
HD01038,ca7585c8-ddbf-4d1d-a666-37a7b963d906,Balo Unisex Thời Trang Chống Nước,Nón,Free Size,Trắng,1,450000,23/01/2026
HD01038,d687bdc0-7bd2-4fb3-b157-ef8d3c1b2135,Quần Jogger Unisex Nỉ Basic,Quần,XL,Xám,1,280000,23/01/2026
HD01038,d15def0c-3a31-492a-ac97-382525c2218a,Áo Sweater Unisex Trơn Basic,Áo khoác,M,Nâu,1,320000,23/01/2026
HD01039,c9e6150b-fdf6-4a91-8f2c-d8bab75b9f2b,Hoodie Unisex Local Brand Cực Chất,Áo khoác,M,Nâu,2,399000,10/03/2026
HD01039,b8a6d3f1-ad5c-4c5b-adf9-7e766ed462a5,Nón Bucket Unisex Vải Kaki Trơn,Nón,Free Size,Đen,1,150000,10/03/2026
HD01040,409dbb70-64f9-445d-b146-33a6ba02b819,Váy Nữ Dự Tiệc Trễ Vai Sang Chảnh,Váy,S,Đỏ,2,690000,31/05/2025
HD01040,db900625-f6c9-41e1-a4eb-2042fcd9496f,Giày Cao Gót Nữ Đế Nhọn Công Sở,Giày,36,Trắng,1,490000,31/05/2025
HD01040,c36ca838-024f-462b-b202-e125f17c3a90,Áo Body Nữ Tay Dài Ôm Sát,Áo body,L,Đen,2,299000,31/05/2025
HD01041,b3d420d4-d451-4c61-bd20-6636b4973e09,Cardigan Nữ Len Dệt Kim Kem,Cardigan,M,Be,1,499000,03/05/2025
HD01041,47321475-4386-4cf5-8b77-af01547cd204,Quần Baggy Nữ Hàn Quốc,Quần,L,Đen,2,429000,03/05/2025
HD01041,cc14f38d-1c5d-44e4-a577-c2add0a1b47e,Áo Sơ Mi Nữ Linen Kem,Áo sơ mi,M,Be,1,359000,03/05/2025
HD01041,14aa5a7e-58a7-4ee6-91dc-3b3841539483,Áo Thun Nam Graphic Print,Áo thun,XL,Đen,2,259000,03/05/2025
HD01042,2abe7389-f13b-422a-b6f1-a2c95273e319,Sandal Unisex Dây Chéo Học Sinh,Giày,36,Đen,2,250000,24/04/2025
HD01042,3519fffb-6ea3-4fe0-947e-6d8b8e470b7a,Váy Nữ Maxi Đi Biển Dịu Dàng,Váy,M,Be,2,550000,24/04/2025
HD01043,f44172da-7e3c-467e-8c19-187fcb7ae23a,Áo Hoodie Unisex Zip Tiện Lợi,Áo khoác,M,Đen,1,420000,20/06/2025
HD01043,aeefd253-ff9c-45c1-9da7-06ebdf2c502c,Áo Khoác Denim Unisex Form Rộng,Áo khoác,L,Xanh,2,550000,20/06/2025
HD01043,57d427ce-2cb0-4659-b346-22ed27f9bafa,Quần Baggy Nữ,Quần,M,Đen,1,429000,20/06/2025
HD01043,16685b4a-ab63-4a1f-ab9f-b4255995921e,Blazer Nữ Basic,Blazer,M,Đen,1,720000,20/06/2025
HD01044,12c3c23d-b26f-4090-b661-3e330f928a84,Nón Thể Thao Unisex,Nón,Free Size,Trắng,1,160000,14/04/2026
HD01044,4ef3b541-6c86-4287-8090-28809b3559fe,Giày Chạy Bộ Nam Running Sport,Giày,41,Đen,1,790000,14/04/2026
HD01044,e6f18dbb-acb7-46bb-a116-d6111d7b40f8,Quần Jogger Nam Thể Thao Nỉ,Quần,M,Xám,2,320000,14/04/2026
HD01044,e0f136c6-62be-4f5c-a912-54349bbee80a,Chân Váy Nữ Midi Xếp Ly,Váy,L,Đen,2,320000,14/04/2026
HD01045,12c3c23d-b26f-4090-b661-3e330f928a84,Nón Thể Thao Unisex,Nón,Free Size,Trắng,2,160000,10/09/2025
HD01045,e6f18dbb-acb7-46bb-a116-d6111d7b40f8,Quần Jogger Nam Thể Thao Nỉ,Quần,XL,Xám,2,320000,10/09/2025
HD01045,4ef3b541-6c86-4287-8090-28809b3559fe,Giày Chạy Bộ Nam Running Sport,Giày,43,Đen,2,790000,10/09/2025
HD01046,e6f18dbb-acb7-46bb-a116-d6111d7b40f8,Quần Jogger Nam Thể Thao Nỉ,Quần,XL,Xám,2,320000,09/02/2025
HD01046,12c3c23d-b26f-4090-b661-3e330f928a84,Nón Thể Thao Unisex,Nón,Free Size,Trắng,2,160000,09/02/2025
HD01047,626b4040-d17f-4bae-a99a-a9bd43b0140b,Áo Len Nam Cổ Lọ,Áo len,XL,Xám,2,520000,26/07/2025
HD01047,99f07ede-2b19-4f58-949e-3c20b4da9416,Nón Snapback Unisex Streetwear,Nón,Free Size,Xám,2,220000,26/07/2025
HD01048,99f07ede-2b19-4f58-949e-3c20b4da9416,Nón Snapback Unisex Streetwear,Nón,Free Size,Xám,2,220000,01/02/2026
HD01048,b9070ded-f7bb-4ae7-8384-31f433f188c1,Quần Jogger Nam Kaki Túi Hộp,Quần,L,Đen,1,350000,01/02/2026
HD01048,8211c7e6-49da-422e-8c8e-61bf0288e356,Áo Thun Nam Oversize Cực Chất,Áo thun,XL,Đen,1,220000,01/02/2026
HD01049,c9e6150b-fdf6-4a91-8f2c-d8bab75b9f2b,Hoodie Unisex Local Brand Cực Chất,Áo khoác,XL,Nâu,2,399000,28/01/2025
HD01049,b8a6d3f1-ad5c-4c5b-adf9-7e766ed462a5,Nón Bucket Unisex Vải Kaki Trơn,Nón,Free Size,Đen,1,150000,28/01/2025
HD01050,1d9f44d7-0657-47ec-baf9-659b9bfe2f6d,Áo Len Nam Cổ Lọ Ấm Áp,Áo len,L,Đen,2,520000,11/04/2025
HD01050,bb06c357-8eb3-4ffe-a765-1307de4e19eb,Mũ Len Unisex Mùa Đông Ấm Áp,Nón,Free Size,Xám,2,150000,11/04/2025
HD01050,0f6632d3-5cf7-42d2-9157-f13f0084a634,Áo Khoác Nam Denim Classic,Áo khoác,XL,Xanh,1,550000,11/04/2025
HD01051,bb06c357-8eb3-4ffe-a765-1307de4e19eb,Mũ Len Unisex Mùa Đông Ấm Áp,Nón,Free Size,Xám,2,150000,12/06/2025
HD01051,1d9f44d7-0657-47ec-baf9-659b9bfe2f6d,Áo Len Nam Cổ Lọ Ấm Áp,Áo len,XL,Đen,2,520000,12/06/2025
HD01051,0f6632d3-5cf7-42d2-9157-f13f0084a634,Áo Khoác Nam Denim Classic,Áo khoác,L,Xanh,2,550000,12/06/2025
HD01052,591f87ca-ccec-4d04-af4e-fe941c4ee72e,Giày Sneaker Trắng Unisex Streetwear,Giày,39,Trắng,2,650000,12/04/2026
HD01052,c9e6150b-fdf6-4a91-8f2c-d8bab75b9f2b,Hoodie Unisex Local Brand Cực Chất,Áo khoác,L,Nâu,2,399000,12/04/2026
HD01052,b8a6d3f1-ad5c-4c5b-adf9-7e766ed462a5,Nón Bucket Unisex Vải Kaki Trơn,Nón,Free Size,Đen,2,150000,12/04/2026
HD01052,e7988e60-9056-472a-b914-5ab26da5917c,Quần Jeans Nam Rách Gối Streetwear,Quần,32,Xanh nhạt,2,599000,12/04/2026
HD01053,565df8e7-d30d-4935-a0a2-bcd5ab5bf4a2,Quần Jeans Nam Slimfit Đen,Quần,29,Đen,1,549000,03/11/2025
HD01053,591f87ca-ccec-4d04-af4e-fe941c4ee72e,Giày Sneaker Trắng Unisex Streetwear,Giày,40,Trắng,2,650000,03/11/2025
HD01054,12c3c23d-b26f-4090-b661-3e330f928a84,Nón Thể Thao Unisex,Nón,Free Size,Trắng,1,160000,27/03/2026
HD01054,4ef3b541-6c86-4287-8090-28809b3559fe,Giày Chạy Bộ Nam Running Sport,Giày,41,Đen,2,790000,27/03/2026
HD01055,591f87ca-ccec-4d04-af4e-fe941c4ee72e,Giày Sneaker Trắng Unisex Streetwear,Giày,38,Trắng,1,650000,20/06/2025
HD01055,f79701c0-468d-45ca-a063-f2c32fead22e,Áo Polo Nam Basic,Áo thun,L,Xanh Navy,2,279000,20/06/2025
HD01055,565df8e7-d30d-4935-a0a2-bcd5ab5bf4a2,Quần Jeans Nam Slimfit Đen,Quần,32,Đen,1,549000,20/06/2025
HD01056,cc14f38d-1c5d-44e4-a577-c2add0a1b47e,Áo Sơ Mi Nữ Linen Kem,Áo sơ mi,S,Be,1,359000,19/12/2025
HD01056,b3d420d4-d451-4c61-bd20-6636b4973e09,Cardigan Nữ Len Dệt Kim Kem,Cardigan,L,Be,2,499000,19/12/2025
HD01056,bca6a5e3-a504-49ff-8fe8-bf5c131d57e5,Áo Sơ Mi Nam Kẻ Sọc Công Sở,Áo sơ mi,M,Xanh,1,330000,19/12/2025
HD01057,2d01e356-ac67-4d6f-83ce-e2c9ad89a55d,Quần Tây Nữ Ống Suông,Quần,M,Đen,1,459000,08/04/2025
HD01057,7af62054-cb7c-43d5-8a7a-f6de97b8440d,Blazer Nữ Công Sở Premium,Blazer,M,Trắng,2,820000,08/04/2025
HD01058,591f87ca-ccec-4d04-af4e-fe941c4ee72e,Giày Sneaker Trắng Unisex Streetwear,Giày,38,Trắng,2,650000,20/01/2026
HD01058,c9e6150b-fdf6-4a91-8f2c-d8bab75b9f2b,Hoodie Unisex Local Brand Cực Chất,Áo khoác,XL,Nâu,2,399000,20/01/2026
HD01058,b8a6d3f1-ad5c-4c5b-adf9-7e766ed462a5,Nón Bucket Unisex Vải Kaki Trơn,Nón,Free Size,Đen,1,150000,20/01/2026
HD01059,ca7585c8-ddbf-4d1d-a666-37a7b963d906,Balo Unisex Thời Trang Chống Nước,Nón,Free Size,Trắng,2,450000,20/08/2025
HD01059,d687bdc0-7bd2-4fb3-b157-ef8d3c1b2135,Quần Jogger Unisex Nỉ Basic,Quần,XL,Xám,2,280000,20/08/2025
HD01059,d15def0c-3a31-492a-ac97-382525c2218a,Áo Sweater Unisex Trơn Basic,Áo khoác,M,Nâu,1,320000,20/08/2025
HD01060,99f07ede-2b19-4f58-949e-3c20b4da9416,Nón Snapback Unisex Streetwear,Nón,Free Size,Xám,1,220000,24/05/2025
HD01060,b9070ded-f7bb-4ae7-8384-31f433f188c1,Quần Jogger Nam Kaki Túi Hộp,Quần,XL,Đen,1,350000,24/05/2025
HD01060,8211c7e6-49da-422e-8c8e-61bf0288e356,Áo Thun Nam Oversize Cực Chất,Áo thun,L,Đen,1,220000,24/05/2025
HD01061,ac85d49f-37a3-47d2-9850-04adc3abecfb,Mắt Kính Unisex Chống Tia UV,Nón,Free Size,Đen,2,290000,16/04/2025
HD01061,b518aad8-1fbb-4d46-bc3c-1e531b3b1a8d,Áo Thun Nam Trơn Cổ Tròn,Áo thun,L,Đen,2,150000,16/04/2025
HD01061,b8a6d3f1-ad5c-4c5b-adf9-7e766ed462a5,Nón Bucket Unisex Vải Kaki Trơn,Nón,Free Size,Đen,2,150000,16/04/2025
HD01061,a9bbcc47-d51e-49fb-aab9-04649744ad76,Áo Thun Nam Cổ Tim Trơn,Áo thun,XL,Đen,2,160000,16/04/2025
HD01062,740d378a-17ab-4db0-aa7b-961840cb0ad8,Blazer Nữ Premium,Blazer,XL,Đen,2,990000,19/12/2025
HD01062,4b45ae2f-6d60-448a-85ad-61b9796446ed,Áo Thun Tay Lỡ Unisex Form Rộng,Áo thun,XL,Trắng,2,199000,19/12/2025
HD01062,e1fb3fad-6974-423e-b5e0-33e5c3f7a559,Áo Khoác Nam Varsity,Áo khoác,L,Đen Trắng,2,639000,19/12/2025
HD01062,591f87ca-ccec-4d04-af4e-fe941c4ee72e,Giày Sneaker Trắng Unisex Streetwear,Giày,39,Trắng,2,650000,19/12/2025
HD01062,42df8548-dbbf-40a4-a6f2-f989e10394fd,Blazer Nữ Hàn Quốc,Blazer,L,Kem,1,790000,19/12/2025
HD01063,ca7585c8-ddbf-4d1d-a666-37a7b963d906,Balo Unisex Thời Trang Chống Nước,Nón,Free Size,Trắng,2,450000,24/04/2025
HD01063,d15def0c-3a31-492a-ac97-382525c2218a,Áo Sweater Unisex Trơn Basic,Áo khoác,XL,Nâu,1,320000,24/04/2025
HD01063,d687bdc0-7bd2-4fb3-b157-ef8d3c1b2135,Quần Jogger Unisex Nỉ Basic,Quần,L,Xám,1,280000,24/04/2025
HD01064,773638cb-7eea-46c3-8af4-3bce1ecb5dd2,Áo Polo Nam Công Sở Premium,Áo thun,XXL,Xanh Navy,1,350000,18/05/2025
HD01064,bf8bb740-6ff2-40aa-b164-ac144119c781,Giày Tây Nam Derby Lịch Lãm,Giày,39,Xám,1,990000,18/05/2025
HD01064,7a707f6c-7a4b-4392-80c8-475eb6eb4bc8,Quần Tây Nam Lịch Lãm Công Sở,Quần,29,Đen,1,489000,18/05/2025
HD01065,565df8e7-d30d-4935-a0a2-bcd5ab5bf4a2,Quần Jeans Nam Slimfit Đen,Quần,30,Đen,2,549000,02/01/2025
HD01065,591f87ca-ccec-4d04-af4e-fe941c4ee72e,Giày Sneaker Trắng Unisex Streetwear,Giày,42,Trắng,2,650000,02/01/2025
HD01065,f79701c0-468d-45ca-a063-f2c32fead22e,Áo Polo Nam Basic,Áo thun,M,Xanh Navy,2,279000,02/01/2025
HD01066,f79701c0-468d-45ca-a063-f2c32fead22e,Áo Polo Nam Basic,Áo thun,XL,Xanh Navy,2,279000,23/07/2025
HD01066,591f87ca-ccec-4d04-af4e-fe941c4ee72e,Giày Sneaker Trắng Unisex Streetwear,Giày,40,Trắng,2,650000,23/07/2025
HD01066,565df8e7-d30d-4935-a0a2-bcd5ab5bf4a2,Quần Jeans Nam Slimfit Đen,Quần,31,Đen,2,549000,23/07/2025
HD01067,7a707f6c-7a4b-4392-80c8-475eb6eb4bc8,Quần Tây Nam Lịch Lãm Công Sở,Quần,31,Đen,1,489000,31/10/2025
HD01067,bf8bb740-6ff2-40aa-b164-ac144119c781,Giày Tây Nam Derby Lịch Lãm,Giày,42,Xám,2,990000,31/10/2025
HD01067,773638cb-7eea-46c3-8af4-3bce1ecb5dd2,Áo Polo Nam Công Sở Premium,Áo thun,L,Xanh Navy,1,350000,31/10/2025
HD01068,2d01e356-ac67-4d6f-83ce-e2c9ad89a55d,Quần Tây Nữ Ống Suông,Quần,S,Đen,2,459000,18/08/2025
HD01068,1d8256e6-c737-4a4c-86b9-b28f0c3112eb,Áo Sơ Mi Nữ Oxford Trắng,Áo sơ mi,S,Trắng,1,329000,18/08/2025
HD01068,7af62054-cb7c-43d5-8a7a-f6de97b8440d,Blazer Nữ Công Sở Premium,Blazer,L,Trắng,2,820000,18/08/2025
HD01069,f79701c0-468d-45ca-a063-f2c32fead22e,Áo Polo Nam Basic,Áo thun,M,Xanh Navy,1,279000,23/01/2026
HD01069,565df8e7-d30d-4935-a0a2-bcd5ab5bf4a2,Quần Jeans Nam Slimfit Đen,Quần,30,Đen,2,549000,23/01/2026
HD01069,591f87ca-ccec-4d04-af4e-fe941c4ee72e,Giày Sneaker Trắng Unisex Streetwear,Giày,41,Trắng,1,650000,23/01/2026
HD01069,306ab081-eb9c-4df5-8b30-1f55f1daa354,Quần Kaki Nam Short Casual,Quần,XL,Đen,2,249000,23/01/2026
HD01070,41ba1486-c8ed-42ba-8e21-a7baaaf113a7,Quần Short Nữ,Quần,M,Xanh,2,259000,05/03/2025
HD01070,256a70eb-d06d-417a-bf57-9b60da0305c5,Giày Thể Thao Nam,Giày,41,Xám,1,720000,05/03/2025
HD01070,2aad4182-f5b2-4e66-a70b-32fe3626ae38,Nón Bucket Basic Unisex,Nón,Free Size,Đen,2,180000,05/03/2025
HD01070,0f6632d3-5cf7-42d2-9157-f13f0084a634,Áo Khoác Nam Denim Classic,Áo khoác,L,Xanh,2,550000,05/03/2025
HD01070,23cbc0c9-3f70-46ca-82e3-35767699a754,Giày Slip On Unisex Vải Canvas,Giày,40,Đen,2,399000,05/03/2025
HD01071,1d9f44d7-0657-47ec-baf9-659b9bfe2f6d,Áo Len Nam Cổ Lọ Ấm Áp,Áo len,M,Đen,2,520000,14/01/2025
HD01071,0f6632d3-5cf7-42d2-9157-f13f0084a634,Áo Khoác Nam Denim Classic,Áo khoác,XL,Xanh,2,550000,14/01/2025
HD01071,bb06c357-8eb3-4ffe-a765-1307de4e19eb,Mũ Len Unisex Mùa Đông Ấm Áp,Nón,Free Size,Xám,2,150000,14/01/2025
HD01072,4ef3b541-6c86-4287-8090-28809b3559fe,Giày Chạy Bộ Nam Running Sport,Giày,40,Đen,1,790000,07/11/2025
HD01072,e6f18dbb-acb7-46bb-a116-d6111d7b40f8,Quần Jogger Nam Thể Thao Nỉ,Quần,M,Xám,1,320000,07/11/2025
HD01073,7af62054-cb7c-43d5-8a7a-f6de97b8440d,Blazer Nữ Công Sở Premium,Blazer,M,Trắng,2,820000,15/06/2025
HD01073,2d01e356-ac67-4d6f-83ce-e2c9ad89a55d,Quần Tây Nữ Ống Suông,Quần,S,Đen,2,459000,15/06/2025
HD01074,b8a6d3f1-ad5c-4c5b-adf9-7e766ed462a5,Nón Bucket Unisex Vải Kaki Trơn,Nón,Free Size,Đen,1,150000,01/04/2025
HD01074,c9e6150b-fdf6-4a91-8f2c-d8bab75b9f2b,Hoodie Unisex Local Brand Cực Chất,Áo khoác,M,Nâu,1,399000,01/04/2025
HD01074,591f87ca-ccec-4d04-af4e-fe941c4ee72e,Giày Sneaker Trắng Unisex Streetwear,Giày,41,Trắng,1,650000,01/04/2025
HD01075,591f87ca-ccec-4d04-af4e-fe941c4ee72e,Giày Sneaker Trắng Unisex Streetwear,Giày,39,Trắng,1,650000,18/05/2025
HD01075,565df8e7-d30d-4935-a0a2-bcd5ab5bf4a2,Quần Jeans Nam Slimfit Đen,Quần,32,Đen,2,549000,18/05/2025
HD01076,2d01e356-ac67-4d6f-83ce-e2c9ad89a55d,Quần Tây Nữ Ống Suông,Quần,M,Đen,2,459000,14/07/2025
HD01076,7af62054-cb7c-43d5-8a7a-f6de97b8440d,Blazer Nữ Công Sở Premium,Blazer,M,Trắng,1,820000,14/07/2025
HD01077,409dbb70-64f9-445d-b146-33a6ba02b819,Váy Nữ Dự Tiệc Trễ Vai Sang Chảnh,Váy,S,Đỏ,2,690000,24/02/2025
HD01077,db900625-f6c9-41e1-a4eb-2042fcd9496f,Giày Cao Gót Nữ Đế Nhọn Công Sở,Giày,37,Trắng,1,490000,24/02/2025
HD01078,773638cb-7eea-46c3-8af4-3bce1ecb5dd2,Áo Polo Nam Công Sở Premium,Áo thun,S,Xanh Navy,2,350000,28/11/2025
HD01078,bf8bb740-6ff2-40aa-b164-ac144119c781,Giày Tây Nam Derby Lịch Lãm,Giày,40,Xám,2,990000,28/11/2025
HD01078,7a707f6c-7a4b-4392-80c8-475eb6eb4bc8,Quần Tây Nam Lịch Lãm Công Sở,Quần,32,Đen,1,489000,28/11/2025
HD01079,db900625-f6c9-41e1-a4eb-2042fcd9496f,Giày Cao Gót Nữ Đế Nhọn Công Sở,Giày,35,Trắng,2,490000,30/03/2026
HD01079,409dbb70-64f9-445d-b146-33a6ba02b819,Váy Nữ Dự Tiệc Trễ Vai Sang Chảnh,Váy,L,Đỏ,2,690000,30/03/2026
HD01079,c36ca838-024f-462b-b202-e125f17c3a90,Áo Body Nữ Tay Dài Ôm Sát,Áo body,M,Đen,2,299000,30/03/2026
HD01080,0f6632d3-5cf7-42d2-9157-f13f0084a634,Áo Khoác Nam Denim Classic,Áo khoác,L,Xanh,2,550000,16/12/2025
HD01080,bb06c357-8eb3-4ffe-a765-1307de4e19eb,Mũ Len Unisex Mùa Đông Ấm Áp,Nón,Free Size,Xám,2,150000,16/12/2025
HD01080,1d9f44d7-0657-47ec-baf9-659b9bfe2f6d,Áo Len Nam Cổ Lọ Ấm Áp,Áo len,XL,Đen,2,520000,16/12/2025
HD01081,8211c7e6-49da-422e-8c8e-61bf0288e356,Áo Thun Nam Oversize Cực Chất,Áo thun,M,Đen,1,220000,20/06/2025
HD01081,b9070ded-f7bb-4ae7-8384-31f433f188c1,Quần Jogger Nam Kaki Túi Hộp,Quần,XL,Đen,2,350000,20/06/2025
HD01081,99f07ede-2b19-4f58-949e-3c20b4da9416,Nón Snapback Unisex Streetwear,Nón,Free Size,Xám,2,220000,20/06/2025
HD01082,409dbb70-64f9-445d-b146-33a6ba02b819,Váy Nữ Dự Tiệc Trễ Vai Sang Chảnh,Váy,M,Đỏ,1,690000,02/12/2025
HD01082,db900625-f6c9-41e1-a4eb-2042fcd9496f,Giày Cao Gót Nữ Đế Nhọn Công Sở,Giày,38,Trắng,2,490000,02/12/2025
HD01083,b8a6d3f1-ad5c-4c5b-adf9-7e766ed462a5,Nón Bucket Unisex Vải Kaki Trơn,Nón,Free Size,Đen,1,150000,03/05/2025
HD01083,c9e6150b-fdf6-4a91-8f2c-d8bab75b9f2b,Hoodie Unisex Local Brand Cực Chất,Áo khoác,L,Nâu,2,399000,03/05/2025
HD01083,591f87ca-ccec-4d04-af4e-fe941c4ee72e,Giày Sneaker Trắng Unisex Streetwear,Giày,42,Trắng,1,650000,03/05/2025
HD01084,bf8bb740-6ff2-40aa-b164-ac144119c781,Giày Tây Nam Derby Lịch Lãm,Giày,41,Xám,1,990000,23/05/2025
HD01084,7a707f6c-7a4b-4392-80c8-475eb6eb4bc8,Quần Tây Nam Lịch Lãm Công Sở,Quần,30,Đen,2,489000,23/05/2025
HD01084,773638cb-7eea-46c3-8af4-3bce1ecb5dd2,Áo Polo Nam Công Sở Premium,Áo thun,S,Xanh Navy,1,350000,23/05/2025
HD01085,43d6febf-f863-4841-9ca6-94f3edbcb83a,Giày Búp Bê Nữ Da Mềm Mại,Giày,35,Trắng,2,350000,17/09/2025
HD01085,86a9c31d-97c5-47fc-b2ce-292729ac16ad,Nón Bucket Unisex Họa Tiết Loang,Nón,Free Size,Đen,1,180000,17/09/2025
HD01085,20b29c90-bea4-432c-ac66-0b72cbccdf6a,Áo Sơ Mi Nữ Linen,Áo sơ mi,M,Be,2,359000,17/09/2025
HD01085,0f6632d3-5cf7-42d2-9157-f13f0084a634,Áo Khoác Nam Denim Classic,Áo khoác,M,Xanh,2,550000,17/09/2025
HD01086,591f87ca-ccec-4d04-af4e-fe941c4ee72e,Giày Sneaker Trắng Unisex Streetwear,Giày,41,Trắng,2,650000,12/04/2026
HD01086,565df8e7-d30d-4935-a0a2-bcd5ab5bf4a2,Quần Jeans Nam Slimfit Đen,Quần,31,Đen,2,549000,12/04/2026
HD01087,47321475-4386-4cf5-8b77-af01547cd204,Quần Baggy Nữ Hàn Quốc,Quần,XL,Đen,2,429000,07/12/2025
HD01087,cc14f38d-1c5d-44e4-a577-c2add0a1b47e,Áo Sơ Mi Nữ Linen Kem,Áo sơ mi,L,Be,1,359000,07/12/2025
HD01087,b3d420d4-d451-4c61-bd20-6636b4973e09,Cardigan Nữ Len Dệt Kim Kem,Cardigan,L,Be,2,499000,07/12/2025
HD01088,b9070ded-f7bb-4ae7-8384-31f433f188c1,Quần Jogger Nam Kaki Túi Hộp,Quần,L,Đen,1,350000,17/03/2026
HD01088,8211c7e6-49da-422e-8c8e-61bf0288e356,Áo Thun Nam Oversize Cực Chất,Áo thun,L,Đen,1,220000,17/03/2026
HD01089,7af62054-cb7c-43d5-8a7a-f6de97b8440d,Blazer Nữ Công Sở Premium,Blazer,L,Trắng,1,820000,27/05/2025
HD01089,2d01e356-ac67-4d6f-83ce-e2c9ad89a55d,Quần Tây Nữ Ống Suông,Quần,L,Đen,1,459000,27/05/2025
HD01089,1d8256e6-c737-4a4c-86b9-b28f0c3112eb,Áo Sơ Mi Nữ Oxford Trắng,Áo sơ mi,S,Trắng,2,329000,27/05/2025
HD01090,409dbb70-64f9-445d-b146-33a6ba02b819,Váy Nữ Dự Tiệc Trễ Vai Sang Chảnh,Váy,M,Đỏ,2,690000,02/05/2026
HD01090,c36ca838-024f-462b-b202-e125f17c3a90,Áo Body Nữ Tay Dài Ôm Sát,Áo body,M,Đen,1,299000,02/05/2026
HD01091,47321475-4386-4cf5-8b77-af01547cd204,Quần Baggy Nữ Hàn Quốc,Quần,L,Đen,2,429000,23/10/2025
HD01091,cc14f38d-1c5d-44e4-a577-c2add0a1b47e,Áo Sơ Mi Nữ Linen Kem,Áo sơ mi,S,Be,1,359000,23/10/2025
HD01091,b3d420d4-d451-4c61-bd20-6636b4973e09,Cardigan Nữ Len Dệt Kim Kem,Cardigan,M,Be,2,499000,23/10/2025
HD01092,db900625-f6c9-41e1-a4eb-2042fcd9496f,Giày Cao Gót Nữ Đế Nhọn Công Sở,Giày,35,Trắng,2,490000,06/09/2025
HD01092,409dbb70-64f9-445d-b146-33a6ba02b819,Váy Nữ Dự Tiệc Trễ Vai Sang Chảnh,Váy,M,Đỏ,1,690000,06/09/2025
HD01093,7a707f6c-7a4b-4392-80c8-475eb6eb4bc8,Quần Tây Nam Lịch Lãm Công Sở,Quần,29,Đen,2,489000,21/01/2026
HD01093,bf8bb740-6ff2-40aa-b164-ac144119c781,Giày Tây Nam Derby Lịch Lãm,Giày,40,Xám,2,990000,21/01/2026
HD01093,773638cb-7eea-46c3-8af4-3bce1ecb5dd2,Áo Polo Nam Công Sở Premium,Áo thun,XXL,Xanh Navy,1,350000,21/01/2026
HD01094,12c3c23d-b26f-4090-b661-3e330f928a84,Nón Thể Thao Unisex,Nón,Free Size,Trắng,1,160000,12/09/2025
HD01094,4ef3b541-6c86-4287-8090-28809b3559fe,Giày Chạy Bộ Nam Running Sport,Giày,43,Đen,1,790000,12/09/2025
HD01094,e6f18dbb-acb7-46bb-a116-d6111d7b40f8,Quần Jogger Nam Thể Thao Nỉ,Quần,XL,Xám,1,320000,12/09/2025
HD01095,c36ca838-024f-462b-b202-e125f17c3a90,Áo Body Nữ Tay Dài Ôm Sát,Áo body,L,Đen,2,299000,06/05/2025
HD01095,409dbb70-64f9-445d-b146-33a6ba02b819,Váy Nữ Dự Tiệc Trễ Vai Sang Chảnh,Váy,L,Đỏ,2,690000,06/05/2025
HD01096,591f87ca-ccec-4d04-af4e-fe941c4ee72e,Giày Sneaker Trắng Unisex Streetwear,Giày,41,Trắng,2,650000,15/05/2025
HD01096,c9e6150b-fdf6-4a91-8f2c-d8bab75b9f2b,Hoodie Unisex Local Brand Cực Chất,Áo khoác,XL,Nâu,1,399000,15/05/2025
HD01096,d756eba2-7d66-4274-b91e-a18e6827f867,Giày Boot Da Nam Chelsea Lịch Lãm,Giày,43,Xám,1,1100000,15/05/2025
HD01097,fbf0bc5c-dbfc-4b4a-9648-0be35b76943f,Quần Jogger Unisex Kaki Túi Hộp,Quần,M,Đen,1,320000,07/02/2025
HD01097,42df8548-dbbf-40a4-a6f2-f989e10394fd,Blazer Nữ Hàn Quốc,Blazer,L,Kem,1,790000,07/02/2025
HD01097,f05e6db1-a12e-426c-aa6d-d5e504740533,Áo Body Nữ Tay Dài,Áo body,S,Đen,2,299000,07/02/2025
HD01097,f715e6cf-f139-40fc-9411-eb5a1391b6a3,Quần Short Unisex Nỉ Thể Thao,Quần,XL,Đen,1,189000,07/02/2025
HD01098,d15def0c-3a31-492a-ac97-382525c2218a,Áo Sweater Unisex Trơn Basic,Áo khoác,M,Nâu,2,320000,13/02/2026
HD01098,ca7585c8-ddbf-4d1d-a666-37a7b963d906,Balo Unisex Thời Trang Chống Nước,Nón,Free Size,Trắng,2,450000,13/02/2026
HD01099,7af62054-cb7c-43d5-8a7a-f6de97b8440d,Blazer Nữ Công Sở Premium,Blazer,S,Trắng,2,820000,10/03/2026
HD01099,1d8256e6-c737-4a4c-86b9-b28f0c3112eb,Áo Sơ Mi Nữ Oxford Trắng,Áo sơ mi,L,Trắng,2,329000,10/03/2026
HD01100,f79701c0-468d-45ca-a063-f2c32fead22e,Áo Polo Nam Basic,Áo thun,M,Xanh Navy,1,279000,09/04/2026
HD01100,591f87ca-ccec-4d04-af4e-fe941c4ee72e,Giày Sneaker Trắng Unisex Streetwear,Giày,41,Trắng,1,650000,09/04/2026
HD01100,565df8e7-d30d-4935-a0a2-bcd5ab5bf4a2,Quần Jeans Nam Slimfit Đen,Quần,31,Đen,1,549000,09/04/2026
HD01101,35c4d88a-3b69-47a7-933e-e5bc205c5fd5,Quần Jeans Nữ Skinny Cạp Cao,Quần,S,Xanh,1,489000,29/08/2025
HD01101,b73fb852-1dd9-4829-86c6-c6c6f6ca7b73,Túi Tote Vải Unisex Tiện Lợi,Nón,Free Size,Trắng,1,120000,29/08/2025
HD01102,b3d420d4-d451-4c61-bd20-6636b4973e09,Cardigan Nữ Len Dệt Kim Kem,Cardigan,M,Be,2,499000,25/03/2026
HD01102,45cc86fe-2abb-4420-8516-4718ae1f9990,Cardigan Nữ Oversize,Cardigan,XL,Nâu,1,459000,25/03/2026
HD01102,41ba1486-c8ed-42ba-8e21-a7baaaf113a7,Quần Short Nữ,Quần,L,Xanh,2,259000,25/03/2026
HD01102,20b29c90-bea4-432c-ac66-0b72cbccdf6a,Áo Sơ Mi Nữ Linen,Áo sơ mi,L,Be,1,359000,25/03/2026
HD01102,35c4d88a-3b69-47a7-933e-e5bc205c5fd5,Quần Jeans Nữ Skinny Cạp Cao,Quần,M,Xanh,1,489000,25/03/2026
HD01103,31c0b020-668f-4c1e-aa4b-e58b7ea7da0f,Nón Lưỡi Trai Basic Unisex,Nón,FreeSize,Đen,1,120000,14/05/2026
HD01103,20b29c90-bea4-432c-ac66-0b72cbccdf6a,Áo Sơ Mi Nữ Linen,Áo sơ mi,M,Be,1,359000,14/05/2026
HD01103,00cd794a-d248-4ee5-82bc-6f47e4552024,Giày Thể Thao Unisex Chunky,Giày,38,Trắng,1,850000,14/05/2026
HD01104,565df8e7-d30d-4935-a0a2-bcd5ab5bf4a2,Quần Jeans Nam Slimfit Đen,Quần,29,Đen,2,549000,15/12/2025
HD01104,f79701c0-468d-45ca-a063-f2c32fead22e,Áo Polo Nam Basic,Áo thun,S,Xanh Navy,1,279000,15/12/2025
HD01104,591f87ca-ccec-4d04-af4e-fe941c4ee72e,Giày Sneaker Trắng Unisex Streetwear,Giày,41,Trắng,2,650000,15/12/2025
HD01104,41ba1486-c8ed-42ba-8e21-a7baaaf113a7,Quần Short Nữ,Quần,M,Xanh,2,259000,15/12/2025
HD01105,773638cb-7eea-46c3-8af4-3bce1ecb5dd2,Áo Polo Nam Công Sở Premium,Áo thun,S,Xanh Navy,1,350000,23/01/2025
HD01105,7a707f6c-7a4b-4392-80c8-475eb6eb4bc8,Quần Tây Nam Lịch Lãm Công Sở,Quần,33,Đen,2,489000,23/01/2025
HD01106,cc14f38d-1c5d-44e4-a577-c2add0a1b47e,Áo Sơ Mi Nữ Linen Kem,Áo sơ mi,L,Be,2,359000,07/10/2025
HD01106,47321475-4386-4cf5-8b77-af01547cd204,Quần Baggy Nữ Hàn Quốc,Quần,XL,Đen,2,429000,07/10/2025
HD01107,b3d420d4-d451-4c61-bd20-6636b4973e09,Cardigan Nữ Len Dệt Kim Kem,Cardigan,M,Be,1,499000,01/05/2026
HD01107,cc14f38d-1c5d-44e4-a577-c2add0a1b47e,Áo Sơ Mi Nữ Linen Kem,Áo sơ mi,L,Be,1,359000,01/05/2026
HD01108,b8a6d3f1-ad5c-4c5b-adf9-7e766ed462a5,Nón Bucket Unisex Vải Kaki Trơn,Nón,Free Size,Đen,2,150000,09/08/2025
HD01108,c9e6150b-fdf6-4a91-8f2c-d8bab75b9f2b,Hoodie Unisex Local Brand Cực Chất,Áo khoác,XL,Nâu,1,399000,09/08/2025
HD01108,591f87ca-ccec-4d04-af4e-fe941c4ee72e,Giày Sneaker Trắng Unisex Streetwear,Giày,41,Trắng,1,650000,09/08/2025
HD01109,565df8e7-d30d-4935-a0a2-bcd5ab5bf4a2,Quần Jeans Nam Slimfit Đen,Quần,29,Đen,2,549000,16/01/2025
HD01109,f79701c0-468d-45ca-a063-f2c32fead22e,Áo Polo Nam Basic,Áo thun,M,Xanh Navy,2,279000,16/01/2025
HD01109,591f87ca-ccec-4d04-af4e-fe941c4ee72e,Giày Sneaker Trắng Unisex Streetwear,Giày,38,Trắng,2,650000,16/01/2025
HD01110,db900625-f6c9-41e1-a4eb-2042fcd9496f,Giày Cao Gót Nữ Đế Nhọn Công Sở,Giày,39,Trắng,2,490000,27/03/2025
HD01110,c36ca838-024f-462b-b202-e125f17c3a90,Áo Body Nữ Tay Dài Ôm Sát,Áo body,L,Đen,2,299000,27/03/2025
HD01110,409dbb70-64f9-445d-b146-33a6ba02b819,Váy Nữ Dự Tiệc Trễ Vai Sang Chảnh,Váy,S,Đỏ,2,690000,27/03/2025
HD01110,4b45ae2f-6d60-448a-85ad-61b9796446ed,Áo Thun Tay Lỡ Unisex Form Rộng,Áo thun,M,Trắng,2,199000,27/03/2025
HD01111,c9e6150b-fdf6-4a91-8f2c-d8bab75b9f2b,Hoodie Unisex Local Brand Cực Chất,Áo khoác,M,Nâu,1,399000,01/06/2025
HD01111,b8a6d3f1-ad5c-4c5b-adf9-7e766ed462a5,Nón Bucket Unisex Vải Kaki Trơn,Nón,Free Size,Đen,2,150000,01/06/2025
HD01111,591f87ca-ccec-4d04-af4e-fe941c4ee72e,Giày Sneaker Trắng Unisex Streetwear,Giày,40,Trắng,2,650000,01/06/2025
HD01112,538c2225-906f-42c8-8875-c759a7017d20,Áo Sweater Unisex Cổ Tròn Nỉ,Áo khoác,L,Nâu,2,310000,27/01/2025
HD01112,898c5b5f-febc-4b99-837c-f9d94f5e2e07,Váy Nữ Suông Linen Thoải Mái,Váy,S,Xanh,2,420000,27/01/2025
HD01113,75973f59-8a40-4d42-b894-5375a84f3374,Áo Khoác Varsity Unisex Streetwear,Áo khoác,XL,Đen Trắng,2,639000,23/03/2026
HD01113,201e6224-a601-46ee-bead-63759fec2f51,Áo Len Nam Cổ Tròn Cashmere,Áo len,L,Xám,1,650000,23/03/2026
HD01113,00cd794a-d248-4ee5-82bc-6f47e4552024,Giày Thể Thao Unisex Chunky,Giày,41,Trắng,1,850000,23/03/2026
HD01114,591f87ca-ccec-4d04-af4e-fe941c4ee72e,Giày Sneaker Trắng Unisex Streetwear,Giày,40,Trắng,1,650000,09/06/2025
HD01114,565df8e7-d30d-4935-a0a2-bcd5ab5bf4a2,Quần Jeans Nam Slimfit Đen,Quần,29,Đen,2,549000,09/06/2025
HD01114,f79701c0-468d-45ca-a063-f2c32fead22e,Áo Polo Nam Basic,Áo thun,XL,Xanh Navy,1,279000,09/06/2025
HD01115,1d8256e6-c737-4a4c-86b9-b28f0c3112eb,Áo Sơ Mi Nữ Oxford Trắng,Áo sơ mi,L,Trắng,2,329000,15/02/2026
HD01115,7af62054-cb7c-43d5-8a7a-f6de97b8440d,Blazer Nữ Công Sở Premium,Blazer,L,Trắng,1,820000,15/02/2026
HD01115,56edf28b-737a-4e1d-8e76-51796deff112,Nón Lưỡi Trai Unisex Basic Đen,Nón,Free Size,Đen,1,99000,15/02/2026
HD01116,99f07ede-2b19-4f58-949e-3c20b4da9416,Nón Snapback Unisex Streetwear,Nón,Free Size,Xám,2,220000,04/07/2025
HD01116,b9070ded-f7bb-4ae7-8384-31f433f188c1,Quần Jogger Nam Kaki Túi Hộp,Quần,L,Đen,1,350000,04/07/2025
HD01116,8211c7e6-49da-422e-8c8e-61bf0288e356,Áo Thun Nam Oversize Cực Chất,Áo thun,L,Đen,2,220000,04/07/2025
HD01117,4ef3b541-6c86-4287-8090-28809b3559fe,Giày Chạy Bộ Nam Running Sport,Giày,40,Đen,1,790000,25/06/2025
HD01117,e6f18dbb-acb7-46bb-a116-d6111d7b40f8,Quần Jogger Nam Thể Thao Nỉ,Quần,M,Xám,2,320000,25/06/2025
HD01118,99f07ede-2b19-4f58-949e-3c20b4da9416,Nón Snapback Unisex Streetwear,Nón,Free Size,Xám,1,220000,08/12/2025
HD01118,8211c7e6-49da-422e-8c8e-61bf0288e356,Áo Thun Nam Oversize Cực Chất,Áo thun,L,Đen,2,220000,08/12/2025
HD01119,ca7585c8-ddbf-4d1d-a666-37a7b963d906,Balo Unisex Thời Trang Chống Nước,Nón,Free Size,Trắng,1,450000,19/10/2025
HD01119,d687bdc0-7bd2-4fb3-b157-ef8d3c1b2135,Quần Jogger Unisex Nỉ Basic,Quần,XL,Xám,2,280000,19/10/2025
HD01119,d15def0c-3a31-492a-ac97-382525c2218a,Áo Sweater Unisex Trơn Basic,Áo khoác,L,Nâu,1,320000,19/10/2025
HD01120,c36ca838-024f-462b-b202-e125f17c3a90,Áo Body Nữ Tay Dài Ôm Sát,Áo body,L,Đen,1,299000,08/03/2025
HD01120,db900625-f6c9-41e1-a4eb-2042fcd9496f,Giày Cao Gót Nữ Đế Nhọn Công Sở,Giày,38,Trắng,2,490000,08/03/2025
HD01121,bb06c357-8eb3-4ffe-a765-1307de4e19eb,Mũ Len Unisex Mùa Đông Ấm Áp,Nón,Free Size,Xám,2,150000,01/04/2026
HD01121,0f6632d3-5cf7-42d2-9157-f13f0084a634,Áo Khoác Nam Denim Classic,Áo khoác,L,Xanh,2,550000,01/04/2026
HD01122,1d9f44d7-0657-47ec-baf9-659b9bfe2f6d,Áo Len Nam Cổ Lọ Ấm Áp,Áo len,M,Đen,2,520000,18/07/2025
HD01122,bb06c357-8eb3-4ffe-a765-1307de4e19eb,Mũ Len Unisex Mùa Đông Ấm Áp,Nón,Free Size,Xám,1,150000,18/07/2025
HD01122,0f6632d3-5cf7-42d2-9157-f13f0084a634,Áo Khoác Nam Denim Classic,Áo khoác,M,Xanh,2,550000,18/07/2025
HD01122,020a480f-a235-4103-9eaf-f34d0cff36ed,Quần Jeans Nữ Skinny,Quần,S,Xanh,2,489000,18/07/2025
HD01123,b44f5194-d6f8-497b-b568-738d7d09c9e4,Áo Thun Nữ Croptop Cổ Tim,Áo thun,M,Trắng,2,120000,12/03/2026
HD01123,e0f136c6-62be-4f5c-a912-54349bbee80a,Chân Váy Nữ Midi Xếp Ly,Váy,S,Đen,2,320000,12/03/2026
HD01123,898c5b5f-febc-4b99-837c-f9d94f5e2e07,Váy Nữ Suông Linen Thoải Mái,Váy,L,Xanh,2,420000,12/03/2026
HD01123,7cdfc8c2-6d7e-4c07-9981-f669040ff7a9,Áo Khoác Gió Nam Chống Nước,Áo khoác,XL,Đen,2,450000,12/03/2026
HD01123,33732f38-6563-44e9-a85f-09fcdda0aa6f,Blazer Nữ Dáng Ngắn Thời Thượng,Blazer,S,Be,1,790000,12/03/2026
HD01124,de2469aa-98bb-4048-b2d6-ca06feaff0f9,Ví Da Unisex Đựng Thẻ Tiện Lợi,Nón,Free Size,Navy,2,190000,13/03/2025
HD01124,c1e91e52-aef3-48ee-98d1-ddb905271917,Quần Tây Nữ Công Sở,Quần,S,Đen,1,459000,13/03/2025
HD01124,95eb8021-2598-4aeb-92e1-99f5e709c28c,Cardigan Nữ Hàn Quốc,Cardigan,L,Đen,1,430000,13/03/2025
HD01125,ca7585c8-ddbf-4d1d-a666-37a7b963d906,Balo Unisex Thời Trang Chống Nước,Nón,Free Size,Trắng,1,450000,09/01/2025
HD01125,d15def0c-3a31-492a-ac97-382525c2218a,Áo Sweater Unisex Trơn Basic,Áo khoác,M,Nâu,2,320000,09/01/2025
HD01126,206646b2-8c77-4e51-b71d-a942c17cbc4b,Quần Short Unisex Dù Gió,Quần,XL,Xanh,2,150000,31/07/2025
HD01126,4ef3b541-6c86-4287-8090-28809b3559fe,Giày Chạy Bộ Nam Running Sport,Giày,40,Đen,2,790000,31/07/2025
HD01126,e09cd3a3-73e0-468b-b718-07db41b1465d,Váy Nữ Hoa Vintage,Váy,S,Hồng,1,450000,31/07/2025
HD01126,01a62d8d-11a8-4f0e-95c8-28324f5438b6,Áo Body Nữ Basic Cổ Lọ,Áo body,L,Trắng,1,269000,31/07/2025
HD01126,1d9f44d7-0657-47ec-baf9-659b9bfe2f6d,Áo Len Nam Cổ Lọ Ấm Áp,Áo len,XL,Đen,1,520000,31/07/2025
HD01127,3519fffb-6ea3-4fe0-947e-6d8b8e470b7a,Váy Nữ Maxi Đi Biển Dịu Dàng,Váy,S,Be,1,550000,07/01/2026
HD01127,e6f18dbb-acb7-46bb-a116-d6111d7b40f8,Quần Jogger Nam Thể Thao Nỉ,Quần,XL,Xám,2,320000,07/01/2026
HD01128,c1e91e52-aef3-48ee-98d1-ddb905271917,Quần Tây Nữ Công Sở,Quần,M,Đen,2,459000,09/04/2025
HD01128,de2469aa-98bb-4048-b2d6-ca06feaff0f9,Ví Da Unisex Đựng Thẻ Tiện Lợi,Nón,Free Size,Navy,2,190000,09/04/2025
HD01128,33732f38-6563-44e9-a85f-09fcdda0aa6f,Blazer Nữ Dáng Ngắn Thời Thượng,Blazer,S,Be,2,790000,09/04/2025
HD01128,61017231-ff80-414c-8355-84b4bfd8f3fb,Áo Sơ Mi Nữ Oxford,Áo sơ mi,XL,Trắng,2,329000,09/04/2025
HD01128,7a1e5705-4b19-42f7-a7ec-504fb2481cc2,Thắt Lưng Da Nam Khóa Tự Động,Nón,Free Size,Đen,2,350000,09/04/2025
HD01129,db900625-f6c9-41e1-a4eb-2042fcd9496f,Giày Cao Gót Nữ Đế Nhọn Công Sở,Giày,38,Trắng,2,490000,01/08/2025
HD01129,409dbb70-64f9-445d-b146-33a6ba02b819,Váy Nữ Dự Tiệc Trễ Vai Sang Chảnh,Váy,S,Đỏ,1,690000,01/08/2025
HD01129,c36ca838-024f-462b-b202-e125f17c3a90,Áo Body Nữ Tay Dài Ôm Sát,Áo body,L,Đen,2,299000,01/08/2025
HD01130,99f07ede-2b19-4f58-949e-3c20b4da9416,Nón Snapback Unisex Streetwear,Nón,Free Size,Xám,2,220000,30/03/2025
HD01130,8211c7e6-49da-422e-8c8e-61bf0288e356,Áo Thun Nam Oversize Cực Chất,Áo thun,XL,Đen,2,220000,30/03/2025
HD01130,b9070ded-f7bb-4ae7-8384-31f433f188c1,Quần Jogger Nam Kaki Túi Hộp,Quần,L,Đen,2,350000,30/03/2025
HD01131,ca7585c8-ddbf-4d1d-a666-37a7b963d906,Balo Unisex Thời Trang Chống Nước,Nón,Free Size,Trắng,1,450000,28/03/2025
HD01131,d15def0c-3a31-492a-ac97-382525c2218a,Áo Sweater Unisex Trơn Basic,Áo khoác,XL,Nâu,2,320000,28/03/2025
HD01132,773638cb-7eea-46c3-8af4-3bce1ecb5dd2,Áo Polo Nam Công Sở Premium,Áo thun,XXL,Xanh Navy,1,350000,02/02/2025
HD01132,bf8bb740-6ff2-40aa-b164-ac144119c781,Giày Tây Nam Derby Lịch Lãm,Giày,39,Xám,2,990000,02/02/2025
HD01133,8211c7e6-49da-422e-8c8e-61bf0288e356,Áo Thun Nam Oversize Cực Chất,Áo thun,L,Đen,1,220000,22/03/2025
HD01133,b9070ded-f7bb-4ae7-8384-31f433f188c1,Quần Jogger Nam Kaki Túi Hộp,Quần,XL,Đen,1,350000,22/03/2025
HD01134,c9e6150b-fdf6-4a91-8f2c-d8bab75b9f2b,Hoodie Unisex Local Brand Cực Chất,Áo khoác,L,Nâu,2,399000,20/10/2025
HD01134,0537aac5-9d37-4ea1-bee3-5ed3851cc79d,Áo Sơ Mi Nam Vải Linen Xanh,Áo sơ mi,XL,Xanh,1,340000,20/10/2025
HD01134,03b22bfb-54c3-42d4-b00d-f03c542dacb4,Áo Polo Nam Sọc Ngang,Áo thun,M,Trắng,1,289000,20/10/2025
HD01134,7cdfc8c2-6d7e-4c07-9981-f669040ff7a9,Áo Khoác Gió Nam Chống Nước,Áo khoác,L,Đen,1,450000,20/10/2025
HD01135,03b22bfb-54c3-42d4-b00d-f03c542dacb4,Áo Polo Nam Sọc Ngang,Áo thun,XL,Trắng,2,289000,12/11/2025
HD01135,668c0c46-b451-49fb-a269-45e518a0a645,Quần Jeans Nam Slimfit,Quần,31,Xanh đậm,1,549000,12/11/2025
HD01136,740d378a-17ab-4db0-aa7b-961840cb0ad8,Blazer Nữ Premium,Blazer,M,Đen,1,990000,04/03/2026
HD01136,710b70de-e346-422e-b35a-a3ce277dacb8,Áo Sơ Mi Nữ Cổ Đức Cách Điệu,Áo sơ mi,S,Trắng,2,310000,04/03/2026
HD01136,93efef1b-4c47-4682-af31-84004a28c573,Nón Snapback Unisex,Nón,Free Size,Xám,2,220000,04/03/2026
HD01136,d756eba2-7d66-4274-b91e-a18e6827f867,Giày Boot Da Nam Chelsea Lịch Lãm,Giày,42,Xám,1,1100000,04/03/2026
HD01137,591f87ca-ccec-4d04-af4e-fe941c4ee72e,Giày Sneaker Trắng Unisex Streetwear,Giày,38,Trắng,1,650000,04/03/2026
HD01137,c9e6150b-fdf6-4a91-8f2c-d8bab75b9f2b,Hoodie Unisex Local Brand Cực Chất,Áo khoác,M,Nâu,1,399000,04/03/2026
HD01138,33732f38-6563-44e9-a85f-09fcdda0aa6f,Blazer Nữ Dáng Ngắn Thời Thượng,Blazer,M,Be,1,790000,06/02/2026
HD01138,46605dff-a9ed-41df-a46a-88d80a783e20,Nón Lưỡi Trai Cao Cấp Unisex,Nón,Free Size,Navy,1,250000,06/02/2026
HD01138,306ab081-eb9c-4df5-8b30-1f55f1daa354,Quần Kaki Nam Short Casual,Quần,XL,Đen,2,249000,06/02/2026
HD01138,7a29452a-b709-4fb1-8dd9-a5d8e53fa194,Váy Nữ Dài,Váy,S,Be,2,459000,06/02/2026
HD01138,6567b83c-7707-4f60-b9df-577208962783,Blazer Nữ Kẻ Caro Phong Cách Hàn,Blazer,M,Xám,1,850000,06/02/2026
HD01139,4ef3b541-6c86-4287-8090-28809b3559fe,Giày Chạy Bộ Nam Running Sport,Giày,40,Đen,2,790000,27/10/2025
HD01139,12c3c23d-b26f-4090-b661-3e330f928a84,Nón Thể Thao Unisex,Nón,Free Size,Trắng,1,160000,27/10/2025
HD01139,e6f18dbb-acb7-46bb-a116-d6111d7b40f8,Quần Jogger Nam Thể Thao Nỉ,Quần,L,Xám,1,320000,27/10/2025
HD01140,db900625-f6c9-41e1-a4eb-2042fcd9496f,Giày Cao Gót Nữ Đế Nhọn Công Sở,Giày,39,Trắng,1,490000,05/07/2025
HD01140,c36ca838-024f-462b-b202-e125f17c3a90,Áo Body Nữ Tay Dài Ôm Sát,Áo body,L,Đen,1,299000,05/07/2025
HD01140,409dbb70-64f9-445d-b146-33a6ba02b819,Váy Nữ Dự Tiệc Trễ Vai Sang Chảnh,Váy,S,Đỏ,1,690000,05/07/2025
HD01141,1d8256e6-c737-4a4c-86b9-b28f0c3112eb,Áo Sơ Mi Nữ Oxford Trắng,Áo sơ mi,S,Trắng,2,329000,09/04/2026
HD01141,7af62054-cb7c-43d5-8a7a-f6de97b8440d,Blazer Nữ Công Sở Premium,Blazer,M,Trắng,1,820000,09/04/2026
HD01141,2d01e356-ac67-4d6f-83ce-e2c9ad89a55d,Quần Tây Nữ Ống Suông,Quần,M,Đen,2,459000,09/04/2026
HD01142,591f87ca-ccec-4d04-af4e-fe941c4ee72e,Giày Sneaker Trắng Unisex Streetwear,Giày,38,Trắng,1,650000,04/05/2025
HD01142,565df8e7-d30d-4935-a0a2-bcd5ab5bf4a2,Quần Jeans Nam Slimfit Đen,Quần,30,Đen,1,549000,04/05/2025
HD01142,f79701c0-468d-45ca-a063-f2c32fead22e,Áo Polo Nam Basic,Áo thun,S,Xanh Navy,1,279000,04/05/2025
HD01143,7a707f6c-7a4b-4392-80c8-475eb6eb4bc8,Quần Tây Nam Lịch Lãm Công Sở,Quần,29,Đen,1,489000,17/05/2025
HD01143,773638cb-7eea-46c3-8af4-3bce1ecb5dd2,Áo Polo Nam Công Sở Premium,Áo thun,XXL,Xanh Navy,2,350000,17/05/2025
HD01143,c36ca838-024f-462b-b202-e125f17c3a90,Áo Body Nữ Tay Dài Ôm Sát,Áo body,S,Đen,2,299000,17/05/2025
HD01144,f79701c0-468d-45ca-a063-f2c32fead22e,Áo Polo Nam Basic,Áo thun,M,Xanh Navy,2,279000,23/02/2025
HD01144,565df8e7-d30d-4935-a0a2-bcd5ab5bf4a2,Quần Jeans Nam Slimfit Đen,Quần,29,Đen,1,549000,23/02/2025
HD01145,99f07ede-2b19-4f58-949e-3c20b4da9416,Nón Snapback Unisex Streetwear,Nón,Free Size,Xám,1,220000,14/09/2025
HD01145,8211c7e6-49da-422e-8c8e-61bf0288e356,Áo Thun Nam Oversize Cực Chất,Áo thun,XL,Đen,1,220000,14/09/2025
HD01145,3ef4444d-e48a-41d7-aca5-dff0114fd772,Váy Công Sở Nữ,Váy,M,Kem,1,390000,14/09/2025
HD01146,c9e6150b-fdf6-4a91-8f2c-d8bab75b9f2b,Hoodie Unisex Local Brand Cực Chất,Áo khoác,L,Nâu,2,399000,29/06/2025
HD01146,b8a6d3f1-ad5c-4c5b-adf9-7e766ed462a5,Nón Bucket Unisex Vải Kaki Trơn,Nón,Free Size,Đen,2,150000,29/06/2025
HD01147,591f87ca-ccec-4d04-af4e-fe941c4ee72e,Giày Sneaker Trắng Unisex Streetwear,Giày,38,Trắng,1,650000,18/03/2026
HD01147,565df8e7-d30d-4935-a0a2-bcd5ab5bf4a2,Quần Jeans Nam Slimfit Đen,Quần,30,Đen,2,549000,18/03/2026
HD01147,f79701c0-468d-45ca-a063-f2c32fead22e,Áo Polo Nam Basic,Áo thun,L,Xanh Navy,2,279000,18/03/2026
HD01147,93efef1b-4c47-4682-af31-84004a28c573,Nón Snapback Unisex,Nón,Free Size,Xám,1,220000,18/03/2026
HD01148,c9e6150b-fdf6-4a91-8f2c-d8bab75b9f2b,Hoodie Unisex Local Brand Cực Chất,Áo khoác,M,Nâu,2,399000,15/04/2025
HD01148,591f87ca-ccec-4d04-af4e-fe941c4ee72e,Giày Sneaker Trắng Unisex Streetwear,Giày,42,Trắng,2,650000,15/04/2025
HD01148,b8a6d3f1-ad5c-4c5b-adf9-7e766ed462a5,Nón Bucket Unisex Vải Kaki Trơn,Nón,Free Size,Đen,1,150000,15/04/2025
HD01149,12c3c23d-b26f-4090-b661-3e330f928a84,Nón Thể Thao Unisex,Nón,Free Size,Trắng,1,160000,15/02/2026
HD01149,4ef3b541-6c86-4287-8090-28809b3559fe,Giày Chạy Bộ Nam Running Sport,Giày,42,Đen,2,790000,15/02/2026
HD01149,fb99d5a6-90f1-4a0e-931d-e0f87e9f92e9,Áo Body Nữ Basic,Áo body,S,Trắng,2,269000,15/02/2026
HD01150,99f07ede-2b19-4f58-949e-3c20b4da9416,Nón Snapback Unisex Streetwear,Nón,Free Size,Xám,1,220000,20/04/2026
HD01150,8211c7e6-49da-422e-8c8e-61bf0288e356,Áo Thun Nam Oversize Cực Chất,Áo thun,M,Đen,2,220000,20/04/2026
HD01151,cc14f38d-1c5d-44e4-a577-c2add0a1b47e,Áo Sơ Mi Nữ Linen Kem,Áo sơ mi,L,Be,2,359000,30/05/2025
HD01151,b3d420d4-d451-4c61-bd20-6636b4973e09,Cardigan Nữ Len Dệt Kim Kem,Cardigan,M,Be,1,499000,30/05/2025
HD01151,47321475-4386-4cf5-8b77-af01547cd204,Quần Baggy Nữ Hàn Quốc,Quần,S,Đen,2,429000,30/05/2025
HD01152,43d6febf-f863-4841-9ca6-94f3edbcb83a,Giày Búp Bê Nữ Da Mềm Mại,Giày,38,Trắng,1,350000,06/10/2025
HD01152,bb06c357-8eb3-4ffe-a765-1307de4e19eb,Mũ Len Unisex Mùa Đông Ấm Áp,Nón,Free Size,Xám,2,150000,06/10/2025
HD01152,565df8e7-d30d-4935-a0a2-bcd5ab5bf4a2,Quần Jeans Nam Slimfit Đen,Quần,30,Đen,2,549000,06/10/2025
HD01153,1d8256e6-c737-4a4c-86b9-b28f0c3112eb,Áo Sơ Mi Nữ Oxford Trắng,Áo sơ mi,S,Trắng,2,329000,25/01/2025
HD01153,2d01e356-ac67-4d6f-83ce-e2c9ad89a55d,Quần Tây Nữ Ống Suông,Quần,M,Đen,1,459000,25/01/2025
HD01153,c04e8b6a-b8be-4231-9377-710ae7bb8e46,Áo Body Nữ Croptop,Áo body,M,Đen,2,289000,25/01/2025
HD01154,b3d420d4-d451-4c61-bd20-6636b4973e09,Cardigan Nữ Len Dệt Kim Kem,Cardigan,M,Be,2,499000,05/08/2025
HD01154,47321475-4386-4cf5-8b77-af01547cd204,Quần Baggy Nữ Hàn Quốc,Quần,L,Đen,2,429000,05/08/2025
HD01154,5aee6bb0-ffad-4321-976e-a7a74709d94d,Dép Unisex Quai Ngang Êm Chân,Giày,37,Đen,1,150000,05/08/2025
HD01155,c9e6150b-fdf6-4a91-8f2c-d8bab75b9f2b,Hoodie Unisex Local Brand Cực Chất,Áo khoác,XL,Nâu,1,399000,10/10/2025
HD01155,b8a6d3f1-ad5c-4c5b-adf9-7e766ed462a5,Nón Bucket Unisex Vải Kaki Trơn,Nón,Free Size,Đen,1,150000,10/10/2025
HD01156,47321475-4386-4cf5-8b77-af01547cd204,Quần Baggy Nữ Hàn Quốc,Quần,S,Đen,2,429000,15/08/2025
HD01156,b3d420d4-d451-4c61-bd20-6636b4973e09,Cardigan Nữ Len Dệt Kim Kem,Cardigan,L,Be,2,499000,15/08/2025
HD01156,cc14f38d-1c5d-44e4-a577-c2add0a1b47e,Áo Sơ Mi Nữ Linen Kem,Áo sơ mi,M,Be,2,359000,15/08/2025
HD01157,0f6632d3-5cf7-42d2-9157-f13f0084a634,Áo Khoác Nam Denim Classic,Áo khoác,XL,Xanh,2,550000,11/11/2025
HD01157,bb06c357-8eb3-4ffe-a765-1307de4e19eb,Mũ Len Unisex Mùa Đông Ấm Áp,Nón,Free Size,Xám,2,150000,11/11/2025
HD01158,c36ca838-024f-462b-b202-e125f17c3a90,Áo Body Nữ Tay Dài Ôm Sát,Áo body,M,Đen,1,299000,07/09/2025
HD01158,db900625-f6c9-41e1-a4eb-2042fcd9496f,Giày Cao Gót Nữ Đế Nhọn Công Sở,Giày,39,Trắng,1,490000,07/09/2025
HD01159,591f87ca-ccec-4d04-af4e-fe941c4ee72e,Giày Sneaker Trắng Unisex Streetwear,Giày,41,Trắng,1,650000,18/01/2025
HD01159,f79701c0-468d-45ca-a063-f2c32fead22e,Áo Polo Nam Basic,Áo thun,XL,Xanh Navy,2,279000,18/01/2025
HD01159,565df8e7-d30d-4935-a0a2-bcd5ab5bf4a2,Quần Jeans Nam Slimfit Đen,Quần,29,Đen,2,549000,18/01/2025
HD01160,db900625-f6c9-41e1-a4eb-2042fcd9496f,Giày Cao Gót Nữ Đế Nhọn Công Sở,Giày,37,Trắng,2,490000,03/07/2025
HD01160,c36ca838-024f-462b-b202-e125f17c3a90,Áo Body Nữ Tay Dài Ôm Sát,Áo body,S,Đen,2,299000,03/07/2025
HD01160,409dbb70-64f9-445d-b146-33a6ba02b819,Váy Nữ Dự Tiệc Trễ Vai Sang Chảnh,Váy,S,Đỏ,2,690000,03/07/2025
HD01161,ca7585c8-ddbf-4d1d-a666-37a7b963d906,Balo Unisex Thời Trang Chống Nước,Nón,Free Size,Trắng,2,450000,19/01/2026
HD01161,d687bdc0-7bd2-4fb3-b157-ef8d3c1b2135,Quần Jogger Unisex Nỉ Basic,Quần,L,Xám,2,280000,19/01/2026
HD01162,1d8256e6-c737-4a4c-86b9-b28f0c3112eb,Áo Sơ Mi Nữ Oxford Trắng,Áo sơ mi,S,Trắng,1,329000,07/11/2025
HD01162,2d01e356-ac67-4d6f-83ce-e2c9ad89a55d,Quần Tây Nữ Ống Suông,Quần,M,Đen,2,459000,07/11/2025
HD01163,7a707f6c-7a4b-4392-80c8-475eb6eb4bc8,Quần Tây Nam Lịch Lãm Công Sở,Quần,31,Đen,2,489000,05/03/2025
HD01163,bf8bb740-6ff2-40aa-b164-ac144119c781,Giày Tây Nam Derby Lịch Lãm,Giày,39,Xám,2,990000,05/03/2025
HD01164,08f8884f-159a-4ac0-956a-63c1d86d3552,Quần short Nam,Quần,M,Đen,1,189000,12/01/2026
HD01164,31c0b020-668f-4c1e-aa4b-e58b7ea7da0f,Nón Lưỡi Trai Basic Unisex,Nón,FreeSize,Đen,2,120000,12/01/2026
HD01164,d687bdc0-7bd2-4fb3-b157-ef8d3c1b2135,Quần Jogger Unisex Nỉ Basic,Quần,M,Xám,1,280000,12/01/2026
HD01165,b3d420d4-d451-4c61-bd20-6636b4973e09,Cardigan Nữ Len Dệt Kim Kem,Cardigan,M,Be,2,499000,29/03/2025
HD01165,cc14f38d-1c5d-44e4-a577-c2add0a1b47e,Áo Sơ Mi Nữ Linen Kem,Áo sơ mi,S,Be,1,359000,29/03/2025
HD01165,47321475-4386-4cf5-8b77-af01547cd204,Quần Baggy Nữ Hàn Quốc,Quần,L,Đen,1,429000,29/03/2025
HD01166,7a1e5705-4b19-42f7-a7ec-504fb2481cc2,Thắt Lưng Da Nam Khóa Tự Động,Nón,Free Size,Đen,2,350000,01/08/2025
HD01166,b8a6d3f1-ad5c-4c5b-adf9-7e766ed462a5,Nón Bucket Unisex Vải Kaki Trơn,Nón,Free Size,Đen,1,150000,01/08/2025
HD01166,01a62d8d-11a8-4f0e-95c8-28324f5438b6,Áo Body Nữ Basic Cổ Lọ,Áo body,L,Trắng,2,269000,01/08/2025
HD01166,3d8984b4-57a3-4d52-913c-2a11d9222ede,Áo Thun Nam Basic,Áo thun,L,Nâu,1,199000,01/08/2025
HD01167,2d01e356-ac67-4d6f-83ce-e2c9ad89a55d,Quần Tây Nữ Ống Suông,Quần,L,Đen,1,459000,07/04/2025
HD01167,1d8256e6-c737-4a4c-86b9-b28f0c3112eb,Áo Sơ Mi Nữ Oxford Trắng,Áo sơ mi,S,Trắng,2,329000,07/04/2025
HD01167,7af62054-cb7c-43d5-8a7a-f6de97b8440d,Blazer Nữ Công Sở Premium,Blazer,M,Trắng,1,820000,07/04/2025
HD01167,dda95a07-c578-4e4d-a707-ee9fa4ee14cc,Áo Len Nam Dệt Kim,Áo len,XL,Trắng,1,469000,07/04/2025
HD01168,d687bdc0-7bd2-4fb3-b157-ef8d3c1b2135,Quần Jogger Unisex Nỉ Basic,Quần,M,Xám,1,280000,26/07/2025
HD01168,ca7585c8-ddbf-4d1d-a666-37a7b963d906,Balo Unisex Thời Trang Chống Nước,Nón,Free Size,Trắng,2,450000,26/07/2025
HD01169,599c0d70-ee05-4d99-a987-47c5d24f9546,Áo Sweater Unisex In Hình Cá Tính,Áo khoác,L,Xám,1,350000,28/07/2025
HD01169,86a9c31d-97c5-47fc-b2ce-292729ac16ad,Nón Bucket Unisex Họa Tiết Loang,Nón,Free Size,Đen,1,180000,28/07/2025
HD01169,45cc86fe-2abb-4420-8516-4718ae1f9990,Cardigan Nữ Oversize,Cardigan,L,Nâu,1,459000,28/07/2025
HD01169,e6f18dbb-acb7-46bb-a116-d6111d7b40f8,Quần Jogger Nam Thể Thao Nỉ,Quần,M,Xám,2,320000,28/07/2025
HD01170,99f07ede-2b19-4f58-949e-3c20b4da9416,Nón Snapback Unisex Streetwear,Nón,Free Size,Xám,2,220000,31/05/2025
HD01170,b9070ded-f7bb-4ae7-8384-31f433f188c1,Quần Jogger Nam Kaki Túi Hộp,Quần,L,Đen,1,350000,31/05/2025
HD01171,7a707f6c-7a4b-4392-80c8-475eb6eb4bc8,Quần Tây Nam Lịch Lãm Công Sở,Quần,31,Đen,2,489000,24/02/2026
HD01171,773638cb-7eea-46c3-8af4-3bce1ecb5dd2,Áo Polo Nam Công Sở Premium,Áo thun,L,Xanh Navy,2,350000,24/02/2026
HD01172,99f07ede-2b19-4f58-949e-3c20b4da9416,Nón Snapback Unisex Streetwear,Nón,Free Size,Xám,2,220000,27/07/2025
HD01172,8211c7e6-49da-422e-8c8e-61bf0288e356,Áo Thun Nam Oversize Cực Chất,Áo thun,XL,Đen,2,220000,27/07/2025
HD01172,b9070ded-f7bb-4ae7-8384-31f433f188c1,Quần Jogger Nam Kaki Túi Hộp,Quần,L,Đen,1,350000,27/07/2025
HD01173,db900625-f6c9-41e1-a4eb-2042fcd9496f,Giày Cao Gót Nữ Đế Nhọn Công Sở,Giày,36,Trắng,2,490000,03/10/2025
HD01173,c36ca838-024f-462b-b202-e125f17c3a90,Áo Body Nữ Tay Dài Ôm Sát,Áo body,L,Đen,1,299000,03/10/2025
HD01173,409dbb70-64f9-445d-b146-33a6ba02b819,Váy Nữ Dự Tiệc Trễ Vai Sang Chảnh,Váy,S,Đỏ,1,690000,03/10/2025
HD01174,bb06c357-8eb3-4ffe-a765-1307de4e19eb,Mũ Len Unisex Mùa Đông Ấm Áp,Nón,Free Size,Xám,2,150000,25/01/2025
HD01174,1d9f44d7-0657-47ec-baf9-659b9bfe2f6d,Áo Len Nam Cổ Lọ Ấm Áp,Áo len,M,Đen,1,520000,25/01/2025
HD01174,0f6632d3-5cf7-42d2-9157-f13f0084a634,Áo Khoác Nam Denim Classic,Áo khoác,XL,Xanh,2,550000,25/01/2025
HD01174,33732f38-6563-44e9-a85f-09fcdda0aa6f,Blazer Nữ Dáng Ngắn Thời Thượng,Blazer,M,Be,1,790000,25/01/2025
HD01175,db900625-f6c9-41e1-a4eb-2042fcd9496f,Giày Cao Gót Nữ Đế Nhọn Công Sở,Giày,39,Trắng,1,490000,13/02/2025
HD01175,c36ca838-024f-462b-b202-e125f17c3a90,Áo Body Nữ Tay Dài Ôm Sát,Áo body,M,Đen,1,299000,13/02/2025
HD01175,409dbb70-64f9-445d-b146-33a6ba02b819,Váy Nữ Dự Tiệc Trễ Vai Sang Chảnh,Váy,L,Đỏ,1,690000,13/02/2025
HD01175,3040b7d2-2bea-4c81-bd8c-2c17927ad9e2,Quần Culottes Nữ,Quần,S,Be,2,379000,13/02/2025
HD01176,99f07ede-2b19-4f58-949e-3c20b4da9416,Nón Snapback Unisex Streetwear,Nón,Free Size,Xám,2,220000,25/02/2025
HD01176,b9070ded-f7bb-4ae7-8384-31f433f188c1,Quần Jogger Nam Kaki Túi Hộp,Quần,M,Đen,1,350000,25/02/2025
HD01176,2abe7389-f13b-422a-b6f1-a2c95273e319,Sandal Unisex Dây Chéo Học Sinh,Giày,36,Đen,1,250000,25/02/2025
HD01177,e6f18dbb-acb7-46bb-a116-d6111d7b40f8,Quần Jogger Nam Thể Thao Nỉ,Quần,XL,Xám,1,320000,22/01/2025
HD01177,4ef3b541-6c86-4287-8090-28809b3559fe,Giày Chạy Bộ Nam Running Sport,Giày,42,Đen,1,790000,22/01/2025
HD01177,12c3c23d-b26f-4090-b661-3e330f928a84,Nón Thể Thao Unisex,Nón,Free Size,Trắng,2,160000,22/01/2025
HD01178,3ef4444d-e48a-41d7-aca5-dff0114fd772,Váy Công Sở Nữ,Váy,M,Kem,1,390000,17/03/2025
HD01178,ca7585c8-ddbf-4d1d-a666-37a7b963d906,Balo Unisex Thời Trang Chống Nước,Nón,Free Size,Trắng,2,450000,17/03/2025
HD01178,409dbb70-64f9-445d-b146-33a6ba02b819,Váy Nữ Dự Tiệc Trễ Vai Sang Chảnh,Váy,M,Đỏ,2,690000,17/03/2025
HD01179,591f87ca-ccec-4d04-af4e-fe941c4ee72e,Giày Sneaker Trắng Unisex Streetwear,Giày,41,Trắng,1,650000,26/10/2025
HD01179,b8a6d3f1-ad5c-4c5b-adf9-7e766ed462a5,Nón Bucket Unisex Vải Kaki Trơn,Nón,Free Size,Đen,2,150000,26/10/2025
HD01179,c9e6150b-fdf6-4a91-8f2c-d8bab75b9f2b,Hoodie Unisex Local Brand Cực Chất,Áo khoác,XL,Nâu,1,399000,26/10/2025
HD01180,12c3c23d-b26f-4090-b661-3e330f928a84,Nón Thể Thao Unisex,Nón,Free Size,Trắng,1,160000,10/05/2026
HD01180,4ef3b541-6c86-4287-8090-28809b3559fe,Giày Chạy Bộ Nam Running Sport,Giày,40,Đen,1,790000,10/05/2026
HD01180,e6f18dbb-acb7-46bb-a116-d6111d7b40f8,Quần Jogger Nam Thể Thao Nỉ,Quần,XL,Xám,2,320000,10/05/2026
HD01181,bb06c357-8eb3-4ffe-a765-1307de4e19eb,Mũ Len Unisex Mùa Đông Ấm Áp,Nón,Free Size,Xám,1,150000,20/09/2025
HD01181,0f6632d3-5cf7-42d2-9157-f13f0084a634,Áo Khoác Nam Denim Classic,Áo khoác,M,Xanh,2,550000,20/09/2025
HD01182,7af62054-cb7c-43d5-8a7a-f6de97b8440d,Blazer Nữ Công Sở Premium,Blazer,S,Trắng,2,820000,31/07/2025
HD01182,2d01e356-ac67-4d6f-83ce-e2c9ad89a55d,Quần Tây Nữ Ống Suông,Quần,M,Đen,1,459000,31/07/2025
HD01183,591f87ca-ccec-4d04-af4e-fe941c4ee72e,Giày Sneaker Trắng Unisex Streetwear,Giày,38,Trắng,2,650000,21/03/2025
HD01183,c9e6150b-fdf6-4a91-8f2c-d8bab75b9f2b,Hoodie Unisex Local Brand Cực Chất,Áo khoác,L,Nâu,2,399000,21/03/2025
HD01183,b8a6d3f1-ad5c-4c5b-adf9-7e766ed462a5,Nón Bucket Unisex Vải Kaki Trơn,Nón,Free Size,Đen,1,150000,21/03/2025
HD01183,e668318e-62fd-4730-9829-e614a2db7729,Blazer Nữ Form Rộng,Blazer,L,Xám,1,850000,21/03/2025
HD01184,7a707f6c-7a4b-4392-80c8-475eb6eb4bc8,Quần Tây Nam Lịch Lãm Công Sở,Quần,29,Đen,1,489000,15/11/2025
HD01184,773638cb-7eea-46c3-8af4-3bce1ecb5dd2,Áo Polo Nam Công Sở Premium,Áo thun,L,Xanh Navy,2,350000,15/11/2025
HD01184,bf8bb740-6ff2-40aa-b164-ac144119c781,Giày Tây Nam Derby Lịch Lãm,Giày,42,Xám,2,990000,15/11/2025
HD01185,4ef3b541-6c86-4287-8090-28809b3559fe,Giày Chạy Bộ Nam Running Sport,Giày,42,Đen,2,790000,17/08/2025
HD01185,12c3c23d-b26f-4090-b661-3e330f928a84,Nón Thể Thao Unisex,Nón,Free Size,Trắng,1,160000,17/08/2025
HD01185,e6f18dbb-acb7-46bb-a116-d6111d7b40f8,Quần Jogger Nam Thể Thao Nỉ,Quần,M,Xám,1,320000,17/08/2025
HD01185,105ad1ba-828c-468d-b1e2-33860aced25e,Giày Tây Nam Oxford Da Bò,Giày,40,Xám,2,1200000,17/08/2025
HD01186,f79701c0-468d-45ca-a063-f2c32fead22e,Áo Polo Nam Basic,Áo thun,XL,Xanh Navy,1,279000,17/04/2025
HD01186,565df8e7-d30d-4935-a0a2-bcd5ab5bf4a2,Quần Jeans Nam Slimfit Đen,Quần,29,Đen,2,549000,17/04/2025
HD01187,43d6febf-f863-4841-9ca6-94f3edbcb83a,Giày Búp Bê Nữ Da Mềm Mại,Giày,39,Trắng,2,350000,07/05/2026
HD01187,7a1e5705-4b19-42f7-a7ec-504fb2481cc2,Thắt Lưng Da Nam Khóa Tự Động,Nón,Free Size,Đen,1,350000,07/05/2026
HD01187,4ef3b541-6c86-4287-8090-28809b3559fe,Giày Chạy Bộ Nam Running Sport,Giày,40,Đen,2,790000,07/05/2026
HD01187,2aad4182-f5b2-4e66-a70b-32fe3626ae38,Nón Bucket Basic Unisex,Nón,Free Size,Đen,1,180000,07/05/2026
HD01187,5a9e4c10-4d85-4ae9-99d0-4ecdbc69964b,Áo Thun Unisex In Chữ Streetwear,Áo thun,L,Đen,1,189000,07/05/2026
HD01188,e6f18dbb-acb7-46bb-a116-d6111d7b40f8,Quần Jogger Nam Thể Thao Nỉ,Quần,XL,Xám,1,320000,07/04/2025
HD01188,4ef3b541-6c86-4287-8090-28809b3559fe,Giày Chạy Bộ Nam Running Sport,Giày,42,Đen,1,790000,07/04/2025
HD01189,bf8bb740-6ff2-40aa-b164-ac144119c781,Giày Tây Nam Derby Lịch Lãm,Giày,41,Xám,1,990000,08/12/2025
HD01189,773638cb-7eea-46c3-8af4-3bce1ecb5dd2,Áo Polo Nam Công Sở Premium,Áo thun,M,Xanh Navy,2,350000,08/12/2025
HD01189,7a707f6c-7a4b-4392-80c8-475eb6eb4bc8,Quần Tây Nam Lịch Lãm Công Sở,Quần,30,Đen,2,489000,08/12/2025
HD01189,6567b83c-7707-4f60-b9df-577208962783,Blazer Nữ Kẻ Caro Phong Cách Hàn,Blazer,M,Xám,2,850000,08/12/2025
HD01190,565df8e7-d30d-4935-a0a2-bcd5ab5bf4a2,Quần Jeans Nam Slimfit Đen,Quần,29,Đen,2,549000,31/12/2025
HD01190,f79701c0-468d-45ca-a063-f2c32fead22e,Áo Polo Nam Basic,Áo thun,L,Xanh Navy,2,279000,31/12/2025
HD01191,cc14f38d-1c5d-44e4-a577-c2add0a1b47e,Áo Sơ Mi Nữ Linen Kem,Áo sơ mi,M,Be,2,359000,24/08/2025
HD01191,47321475-4386-4cf5-8b77-af01547cd204,Quần Baggy Nữ Hàn Quốc,Quần,L,Đen,1,429000,24/08/2025
HD01191,b3d420d4-d451-4c61-bd20-6636b4973e09,Cardigan Nữ Len Dệt Kim Kem,Cardigan,S,Be,2,499000,24/08/2025
HD01192,2aad4182-f5b2-4e66-a70b-32fe3626ae38,Nón Bucket Basic Unisex,Nón,Free Size,Đen,2,180000,22/11/2025
HD01192,bf8bb740-6ff2-40aa-b164-ac144119c781,Giày Tây Nam Derby Lịch Lãm,Giày,39,Xám,2,990000,22/11/2025
HD01193,b3d420d4-d451-4c61-bd20-6636b4973e09,Cardigan Nữ Len Dệt Kim Kem,Cardigan,L,Be,2,499000,22/11/2025
HD01193,cc14f38d-1c5d-44e4-a577-c2add0a1b47e,Áo Sơ Mi Nữ Linen Kem,Áo sơ mi,L,Be,2,359000,22/11/2025
HD01194,12c3c23d-b26f-4090-b661-3e330f928a84,Nón Thể Thao Unisex,Nón,Free Size,Trắng,1,160000,04/03/2025
HD01194,4ef3b541-6c86-4287-8090-28809b3559fe,Giày Chạy Bộ Nam Running Sport,Giày,43,Đen,2,790000,04/03/2025
HD01195,ca7585c8-ddbf-4d1d-a666-37a7b963d906,Balo Unisex Thời Trang Chống Nước,Nón,Free Size,Trắng,2,450000,04/03/2026
HD01195,d15def0c-3a31-492a-ac97-382525c2218a,Áo Sweater Unisex Trơn Basic,Áo khoác,XL,Nâu,1,320000,04/03/2026
HD01196,7a707f6c-7a4b-4392-80c8-475eb6eb4bc8,Quần Tây Nam Lịch Lãm Công Sở,Quần,29,Đen,2,489000,15/01/2026
HD01196,bf8bb740-6ff2-40aa-b164-ac144119c781,Giày Tây Nam Derby Lịch Lãm,Giày,42,Xám,1,990000,15/01/2026
HD01196,773638cb-7eea-46c3-8af4-3bce1ecb5dd2,Áo Polo Nam Công Sở Premium,Áo thun,M,Xanh Navy,1,350000,15/01/2026
HD01197,409dbb70-64f9-445d-b146-33a6ba02b819,Váy Nữ Dự Tiệc Trễ Vai Sang Chảnh,Váy,S,Đỏ,1,690000,22/12/2025
HD01197,db900625-f6c9-41e1-a4eb-2042fcd9496f,Giày Cao Gót Nữ Đế Nhọn Công Sở,Giày,35,Trắng,2,490000,22/12/2025
HD01198,12c3c23d-b26f-4090-b661-3e330f928a84,Nón Thể Thao Unisex,Nón,Free Size,Trắng,2,160000,27/11/2025
HD01198,4ef3b541-6c86-4287-8090-28809b3559fe,Giày Chạy Bộ Nam Running Sport,Giày,43,Đen,2,790000,27/11/2025
HD01198,e6f18dbb-acb7-46bb-a116-d6111d7b40f8,Quần Jogger Nam Thể Thao Nỉ,Quần,XL,Xám,1,320000,27/11/2025
HD01199,c356d946-1d0c-4868-a400-11e664e1c6c1,Áo Thun Nam Cotton Organic,Áo thun,M,Xám,2,190000,17/12/2025
HD01199,2d01e356-ac67-4d6f-83ce-e2c9ad89a55d,Quần Tây Nữ Ống Suông,Quần,L,Đen,1,459000,17/12/2025
HD01200,d687bdc0-7bd2-4fb3-b157-ef8d3c1b2135,Quần Jogger Unisex Nỉ Basic,Quần,L,Xám,2,280000,16/02/2026
HD01200,d15def0c-3a31-492a-ac97-382525c2218a,Áo Sweater Unisex Trơn Basic,Áo khoác,M,Nâu,1,320000,16/02/2026
HD01201,d687bdc0-7bd2-4fb3-b157-ef8d3c1b2135,Quần Jogger Unisex Nỉ Basic,Quần,M,Xám,2,280000,09/06/2025
HD01201,d15def0c-3a31-492a-ac97-382525c2218a,Áo Sweater Unisex Trơn Basic,Áo khoác,XL,Nâu,1,320000,09/06/2025
HD01202,1d8256e6-c737-4a4c-86b9-b28f0c3112eb,Áo Sơ Mi Nữ Oxford Trắng,Áo sơ mi,S,Trắng,1,329000,01/11/2025
HD01202,2d01e356-ac67-4d6f-83ce-e2c9ad89a55d,Quần Tây Nữ Ống Suông,Quần,M,Đen,2,459000,01/11/2025
HD01202,7af62054-cb7c-43d5-8a7a-f6de97b8440d,Blazer Nữ Công Sở Premium,Blazer,S,Trắng,2,820000,01/11/2025
HD01202,b675c96d-da9f-4712-a11c-0596cc052da0,Giày Sneaker Cổ Cao Unisex,Giày,39,Trắng,1,690000,01/11/2025
HD01203,bb06c357-8eb3-4ffe-a765-1307de4e19eb,Mũ Len Unisex Mùa Đông Ấm Áp,Nón,Free Size,Xám,2,150000,27/08/2025
HD01203,0f6632d3-5cf7-42d2-9157-f13f0084a634,Áo Khoác Nam Denim Classic,Áo khoác,XL,Xanh,2,550000,27/08/2025
HD01203,fc61ed45-ce98-480f-a519-02961cff9b10,Giày Chạy Bộ Nữ Siêu Nhẹ,Giày,36,Đen,1,750000,27/08/2025
HD01204,b3d420d4-d451-4c61-bd20-6636b4973e09,Cardigan Nữ Len Dệt Kim Kem,Cardigan,L,Be,2,499000,11/04/2026
HD01204,47321475-4386-4cf5-8b77-af01547cd204,Quần Baggy Nữ Hàn Quốc,Quần,S,Đen,1,429000,11/04/2026
HD01204,cc14f38d-1c5d-44e4-a577-c2add0a1b47e,Áo Sơ Mi Nữ Linen Kem,Áo sơ mi,M,Be,2,359000,11/04/2026
HD01205,d15def0c-3a31-492a-ac97-382525c2218a,Áo Sweater Unisex Trơn Basic,Áo khoác,M,Nâu,2,320000,30/06/2025
HD01205,ca7585c8-ddbf-4d1d-a666-37a7b963d906,Balo Unisex Thời Trang Chống Nước,Nón,Free Size,Trắng,2,450000,30/06/2025
HD01205,d687bdc0-7bd2-4fb3-b157-ef8d3c1b2135,Quần Jogger Unisex Nỉ Basic,Quần,L,Xám,1,280000,30/06/2025
HD01206,863bc572-8ddb-47bc-98e0-bff31818a347,Quần Ống Rộng Nữ,Quần,M,Kem,1,399000,05/02/2026
HD01206,3ffeadc2-56cb-4267-a02b-00fc51a7a1b2,Áo Khoác Bomber Unisex Da Lộn,Áo khoác,XL,Đen,1,599000,05/02/2026
HD01206,538c2225-906f-42c8-8875-c759a7017d20,Áo Sweater Unisex Cổ Tròn Nỉ,Áo khoác,M,Nâu,1,310000,05/02/2026
HD01206,52f6d247-50fb-43f7-ab47-14cc9380a683,Áo Sơ Mi Nam Cổ Tàu Casual,Áo sơ mi,XL,Nâu,2,299000,05/02/2026
HD01207,f79701c0-468d-45ca-a063-f2c32fead22e,Áo Polo Nam Basic,Áo thun,L,Xanh Navy,1,279000,16/04/2025
HD01207,565df8e7-d30d-4935-a0a2-bcd5ab5bf4a2,Quần Jeans Nam Slimfit Đen,Quần,31,Đen,1,549000,16/04/2025
HD01207,591f87ca-ccec-4d04-af4e-fe941c4ee72e,Giày Sneaker Trắng Unisex Streetwear,Giày,41,Trắng,2,650000,16/04/2025
HD01208,e6f18dbb-acb7-46bb-a116-d6111d7b40f8,Quần Jogger Nam Thể Thao Nỉ,Quần,XL,Xám,1,320000,05/02/2025
HD01208,12c3c23d-b26f-4090-b661-3e330f928a84,Nón Thể Thao Unisex,Nón,Free Size,Trắng,2,160000,05/02/2025
HD01208,4ef3b541-6c86-4287-8090-28809b3559fe,Giày Chạy Bộ Nam Running Sport,Giày,42,Đen,2,790000,05/02/2025
HD01208,020a480f-a235-4103-9eaf-f34d0cff36ed,Quần Jeans Nữ Skinny,Quần,L,Xanh,2,489000,05/02/2025
HD01209,c9e6150b-fdf6-4a91-8f2c-d8bab75b9f2b,Hoodie Unisex Local Brand Cực Chất,Áo khoác,L,Nâu,2,399000,17/02/2025
HD01209,591f87ca-ccec-4d04-af4e-fe941c4ee72e,Giày Sneaker Trắng Unisex Streetwear,Giày,38,Trắng,2,650000,17/02/2025
HD01210,1d8256e6-c737-4a4c-86b9-b28f0c3112eb,Áo Sơ Mi Nữ Oxford Trắng,Áo sơ mi,M,Trắng,1,329000,09/03/2025
HD01210,2d01e356-ac67-4d6f-83ce-e2c9ad89a55d,Quần Tây Nữ Ống Suông,Quần,S,Đen,1,459000,09/03/2025
HD01210,7a707f6c-7a4b-4392-80c8-475eb6eb4bc8,Quần Tây Nam Lịch Lãm Công Sở,Quần,31,Đen,1,489000,09/03/2025
HD01211,bb06c357-8eb3-4ffe-a765-1307de4e19eb,Mũ Len Unisex Mùa Đông Ấm Áp,Nón,Free Size,Xám,1,150000,23/02/2025
HD01211,1d9f44d7-0657-47ec-baf9-659b9bfe2f6d,Áo Len Nam Cổ Lọ Ấm Áp,Áo len,L,Đen,2,520000,23/02/2025
HD01211,0f6632d3-5cf7-42d2-9157-f13f0084a634,Áo Khoác Nam Denim Classic,Áo khoác,M,Xanh,1,550000,23/02/2025
HD01212,0f6632d3-5cf7-42d2-9157-f13f0084a634,Áo Khoác Nam Denim Classic,Áo khoác,M,Xanh,1,550000,02/10/2025
HD01212,1d9f44d7-0657-47ec-baf9-659b9bfe2f6d,Áo Len Nam Cổ Lọ Ấm Áp,Áo len,L,Đen,2,520000,02/10/2025
HD01213,99f07ede-2b19-4f58-949e-3c20b4da9416,Nón Snapback Unisex Streetwear,Nón,Free Size,Xám,1,220000,10/02/2025
HD01213,b9070ded-f7bb-4ae7-8384-31f433f188c1,Quần Jogger Nam Kaki Túi Hộp,Quần,M,Đen,1,350000,10/02/2025
HD01213,8211c7e6-49da-422e-8c8e-61bf0288e356,Áo Thun Nam Oversize Cực Chất,Áo thun,XL,Đen,2,220000,10/02/2025
HD01214,e6f18dbb-acb7-46bb-a116-d6111d7b40f8,Quần Jogger Nam Thể Thao Nỉ,Quần,M,Xám,1,320000,04/01/2026
HD01214,12c3c23d-b26f-4090-b661-3e330f928a84,Nón Thể Thao Unisex,Nón,Free Size,Trắng,2,160000,04/01/2026
HD01214,4ef3b541-6c86-4287-8090-28809b3559fe,Giày Chạy Bộ Nam Running Sport,Giày,43,Đen,1,790000,04/01/2026
HD01214,0d2d0b09-60dc-474a-a0d4-d49689e230b8,Quần Jeans Nữ Ống Rộng Culottes,Quần,L,Kem,2,529000,04/01/2026
HD01215,12c3c23d-b26f-4090-b661-3e330f928a84,Nón Thể Thao Unisex,Nón,Free Size,Trắng,1,160000,31/03/2025
HD01215,4ef3b541-6c86-4287-8090-28809b3559fe,Giày Chạy Bộ Nam Running Sport,Giày,40,Đen,2,790000,31/03/2025
HD01216,c9e6150b-fdf6-4a91-8f2c-d8bab75b9f2b,Hoodie Unisex Local Brand Cực Chất,Áo khoác,XL,Nâu,1,399000,06/07/2025
HD01216,b8a6d3f1-ad5c-4c5b-adf9-7e766ed462a5,Nón Bucket Unisex Vải Kaki Trơn,Nón,Free Size,Đen,1,150000,06/07/2025
HD01217,d15def0c-3a31-492a-ac97-382525c2218a,Áo Sweater Unisex Trơn Basic,Áo khoác,XL,Nâu,1,320000,29/08/2025
HD01217,ca7585c8-ddbf-4d1d-a666-37a7b963d906,Balo Unisex Thời Trang Chống Nước,Nón,Free Size,Trắng,2,450000,29/08/2025
HD01217,d687bdc0-7bd2-4fb3-b157-ef8d3c1b2135,Quần Jogger Unisex Nỉ Basic,Quần,M,Xám,2,280000,29/08/2025
HD01218,d15def0c-3a31-492a-ac97-382525c2218a,Áo Sweater Unisex Trơn Basic,Áo khoác,M,Nâu,2,320000,15/06/2025
HD01218,d687bdc0-7bd2-4fb3-b157-ef8d3c1b2135,Quần Jogger Unisex Nỉ Basic,Quần,L,Xám,2,280000,15/06/2025
HD01218,ca7585c8-ddbf-4d1d-a666-37a7b963d906,Balo Unisex Thời Trang Chống Nước,Nón,Free Size,Trắng,2,450000,15/06/2025
HD01219,b3d420d4-d451-4c61-bd20-6636b4973e09,Cardigan Nữ Len Dệt Kim Kem,Cardigan,S,Be,2,499000,25/02/2026
HD01219,47321475-4386-4cf5-8b77-af01547cd204,Quần Baggy Nữ Hàn Quốc,Quần,S,Đen,2,429000,25/02/2026
HD01220,cc14f38d-1c5d-44e4-a577-c2add0a1b47e,Áo Sơ Mi Nữ Linen Kem,Áo sơ mi,M,Be,2,359000,18/08/2025
HD01220,d230d9ed-71e2-4378-9fb2-15dd13a37357,Áo Hoodie Unisex,Áo khoác,M,Xám,1,399000,18/08/2025
HD01220,462e9e6e-f5a5-4689-bca8-aa61f7489a66,Hoodie Unisex Nỉ Bông Có Mũ,Áo khoác,L,Xám,1,380000,18/08/2025
HD01220,16685b4a-ab63-4a1f-ab9f-b4255995921e,Blazer Nữ Basic,Blazer,S,Be,1,720000,18/08/2025
HD01220,6217de90-58f8-4c3f-99e7-59c09b50f42d,Áo Khoác Nam Denim,Áo khoác,M,Xanh,2,559000,18/08/2025
HD01221,03b22bfb-54c3-42d4-b00d-f03c542dacb4,Áo Polo Nam Sọc Ngang,Áo thun,L,Trắng,2,289000,14/06/2025
HD01221,0537aac5-9d37-4ea1-bee3-5ed3851cc79d,Áo Sơ Mi Nam Vải Linen Xanh,Áo sơ mi,M,Xanh,2,340000,14/06/2025
HD01222,2d01e356-ac67-4d6f-83ce-e2c9ad89a55d,Quần Tây Nữ Ống Suông,Quần,L,Đen,1,459000,26/04/2025
HD01222,7af62054-cb7c-43d5-8a7a-f6de97b8440d,Blazer Nữ Công Sở Premium,Blazer,M,Trắng,1,820000,26/04/2025
HD01223,3d8984b4-57a3-4d52-913c-2a11d9222ede,Áo Thun Nam Basic,Áo thun,XL,Nâu,1,199000,29/06/2025
HD01223,1571231f-22cc-4ac1-94b1-c01fcb332ed7,Túi Bao Tử Unisex Chống Nước,Nón,Free Size,Navy,1,220000,29/06/2025
HD01224,565df8e7-d30d-4935-a0a2-bcd5ab5bf4a2,Quần Jeans Nam Slimfit Đen,Quần,31,Đen,2,549000,14/11/2025
HD01224,f79701c0-468d-45ca-a063-f2c32fead22e,Áo Polo Nam Basic,Áo thun,L,Xanh Navy,1,279000,14/11/2025
HD01225,e09cd3a3-73e0-468b-b718-07db41b1465d,Váy Nữ Hoa Vintage,Váy,M,Hồng,2,450000,03/03/2026
HD01225,de2469aa-98bb-4048-b2d6-ca06feaff0f9,Ví Da Unisex Đựng Thẻ Tiện Lợi,Nón,Free Size,Navy,1,190000,03/03/2026
HD01225,08f8884f-159a-4ac0-956a-63c1d86d3552,Quần short Nam,Quần,XL,Xanh,1,189000,03/03/2026
HD01225,ca7585c8-ddbf-4d1d-a666-37a7b963d906,Balo Unisex Thời Trang Chống Nước,Nón,Free Size,Trắng,2,450000,03/03/2026
HD01225,6217de90-58f8-4c3f-99e7-59c09b50f42d,Áo Khoác Nam Denim,Áo khoác,L,Xanh,1,559000,03/03/2026
HD01226,03b22bfb-54c3-42d4-b00d-f03c542dacb4,Áo Polo Nam Sọc Ngang,Áo thun,XL,Trắng,1,289000,29/07/2025
HD01226,80fca8d2-8d12-40fd-aaf6-6c3e0e0d49ea,Cardigan Nữ Len Mỏng,Cardigan,L,Xám,2,399000,29/07/2025
HD01226,7cdfc8c2-6d7e-4c07-9981-f669040ff7a9,Áo Khoác Gió Nam Chống Nước,Áo khoác,L,Đen,2,450000,29/07/2025
HD01226,4e83e6d5-6bb8-4d62-b032-d8ffc5ee62ef,Quần Jeans Nam Ống Đứng Regular,Quần,32,Xanh đậm,2,529000,29/07/2025
HD01227,aeefd253-ff9c-45c1-9da7-06ebdf2c502c,Áo Khoác Denim Unisex Form Rộng,Áo khoác,L,Xanh,2,550000,29/06/2025
HD01227,93efef1b-4c47-4682-af31-84004a28c573,Nón Snapback Unisex,Nón,Free Size,Xám,2,220000,29/06/2025
HD01227,4bdea4f1-6aa9-4f3d-99e7-1c679695c149,Cardigan Nữ Dệt Kim,Cardigan,M,Be,1,499000,29/06/2025
HD01227,4e83e6d5-6bb8-4d62-b032-d8ffc5ee62ef,Quần Jeans Nam Ống Đứng Regular,Quần,32,Xanh đậm,1,529000,29/06/2025
HD01228,f79701c0-468d-45ca-a063-f2c32fead22e,Áo Polo Nam Basic,Áo thun,L,Xanh Navy,1,279000,20/02/2025
HD01228,565df8e7-d30d-4935-a0a2-bcd5ab5bf4a2,Quần Jeans Nam Slimfit Đen,Quần,31,Đen,1,549000,20/02/2025
HD01228,591f87ca-ccec-4d04-af4e-fe941c4ee72e,Giày Sneaker Trắng Unisex Streetwear,Giày,41,Trắng,2,650000,20/02/2025
HD01229,c9e6150b-fdf6-4a91-8f2c-d8bab75b9f2b,Hoodie Unisex Local Brand Cực Chất,Áo khoác,L,Nâu,2,399000,07/03/2025
HD01229,b8a6d3f1-ad5c-4c5b-adf9-7e766ed462a5,Nón Bucket Unisex Vải Kaki Trơn,Nón,Free Size,Đen,1,150000,07/03/2025
HD01229,591f87ca-ccec-4d04-af4e-fe941c4ee72e,Giày Sneaker Trắng Unisex Streetwear,Giày,41,Trắng,2,650000,07/03/2025
HD01230,99f07ede-2b19-4f58-949e-3c20b4da9416,Nón Snapback Unisex Streetwear,Nón,Free Size,Xám,1,220000,30/04/2026
HD01230,8211c7e6-49da-422e-8c8e-61bf0288e356,Áo Thun Nam Oversize Cực Chất,Áo thun,L,Đen,1,220000,30/04/2026
HD01230,d687bdc0-7bd2-4fb3-b157-ef8d3c1b2135,Quần Jogger Unisex Nỉ Basic,Quần,L,Xám,2,280000,30/04/2026
HD01231,01a62d8d-11a8-4f0e-95c8-28324f5438b6,Áo Body Nữ Basic Cổ Lọ,Áo body,L,Trắng,2,269000,04/11/2025
HD01231,6d9ff3b3-09bc-4a76-b2f0-891905840fe3,Áo Thun Nữ Form Rộng Giấu Quần,Áo thun,M,Trắng,2,160000,04/11/2025
HD01231,7a1e5705-4b19-42f7-a7ec-504fb2481cc2,Thắt Lưng Da Nam Khóa Tự Động,Nón,Free Size,Đen,1,350000,04/11/2025
HD01232,f79701c0-468d-45ca-a063-f2c32fead22e,Áo Polo Nam Basic,Áo thun,XL,Xanh Navy,2,279000,17/03/2025
HD01232,565df8e7-d30d-4935-a0a2-bcd5ab5bf4a2,Quần Jeans Nam Slimfit Đen,Quần,29,Đen,2,549000,17/03/2025
HD01232,591f87ca-ccec-4d04-af4e-fe941c4ee72e,Giày Sneaker Trắng Unisex Streetwear,Giày,40,Trắng,1,650000,17/03/2025
HD01232,7a707f6c-7a4b-4392-80c8-475eb6eb4bc8,Quần Tây Nam Lịch Lãm Công Sở,Quần,33,Đen,1,489000,17/03/2025
HD01233,99f07ede-2b19-4f58-949e-3c20b4da9416,Nón Snapback Unisex Streetwear,Nón,Free Size,Xám,2,220000,10/11/2025
HD01233,8211c7e6-49da-422e-8c8e-61bf0288e356,Áo Thun Nam Oversize Cực Chất,Áo thun,M,Đen,2,220000,10/11/2025
HD01233,b9070ded-f7bb-4ae7-8384-31f433f188c1,Quần Jogger Nam Kaki Túi Hộp,Quần,XL,Đen,2,350000,10/11/2025
HD01234,773638cb-7eea-46c3-8af4-3bce1ecb5dd2,Áo Polo Nam Công Sở Premium,Áo thun,M,Xanh Navy,1,350000,22/03/2025
HD01234,7a707f6c-7a4b-4392-80c8-475eb6eb4bc8,Quần Tây Nam Lịch Lãm Công Sở,Quần,29,Đen,2,489000,22/03/2025
HD01235,bf8bb740-6ff2-40aa-b164-ac144119c781,Giày Tây Nam Derby Lịch Lãm,Giày,41,Xám,2,990000,20/05/2025
HD01235,7a707f6c-7a4b-4392-80c8-475eb6eb4bc8,Quần Tây Nam Lịch Lãm Công Sở,Quần,29,Đen,2,489000,20/05/2025
HD01235,f905c3e5-b9ef-496a-9516-a5cd2ae75514,Áo Hoodie Unisex Basic,Áo khoác,M,Đen,1,399000,20/05/2025
HD01236,99f07ede-2b19-4f58-949e-3c20b4da9416,Nón Snapback Unisex Streetwear,Nón,Free Size,Xám,2,220000,26/02/2025
HD01236,b9070ded-f7bb-4ae7-8384-31f433f188c1,Quần Jogger Nam Kaki Túi Hộp,Quần,M,Đen,2,350000,26/02/2025
HD01236,8211c7e6-49da-422e-8c8e-61bf0288e356,Áo Thun Nam Oversize Cực Chất,Áo thun,XL,Đen,1,220000,26/02/2025
HD01237,f79701c0-468d-45ca-a063-f2c32fead22e,Áo Polo Nam Basic,Áo thun,M,Xanh Navy,2,279000,15/02/2025
HD01237,565df8e7-d30d-4935-a0a2-bcd5ab5bf4a2,Quần Jeans Nam Slimfit Đen,Quần,30,Đen,2,549000,15/02/2025
HD01238,ca7585c8-ddbf-4d1d-a666-37a7b963d906,Balo Unisex Thời Trang Chống Nước,Nón,Free Size,Trắng,1,450000,13/02/2026
HD01238,d15def0c-3a31-492a-ac97-382525c2218a,Áo Sweater Unisex Trơn Basic,Áo khoác,L,Nâu,2,320000,13/02/2026
HD01238,bca6a5e3-a504-49ff-8fe8-bf5c131d57e5,Áo Sơ Mi Nam Kẻ Sọc Công Sở,Áo sơ mi,M,Xanh,2,330000,13/02/2026
HD01239,c36ca838-024f-462b-b202-e125f17c3a90,Áo Body Nữ Tay Dài Ôm Sát,Áo body,L,Đen,2,299000,11/03/2026
HD01239,db900625-f6c9-41e1-a4eb-2042fcd9496f,Giày Cao Gót Nữ Đế Nhọn Công Sở,Giày,38,Trắng,2,490000,11/03/2026
HD01239,409dbb70-64f9-445d-b146-33a6ba02b819,Váy Nữ Dự Tiệc Trễ Vai Sang Chảnh,Váy,S,Đỏ,1,690000,11/03/2026
HD01240,e7988e60-9056-472a-b914-5ab26da5917c,Quần Jeans Nam Rách Gối Streetwear,Quần,32,Xanh nhạt,1,599000,03/12/2025
HD01240,bca6a5e3-a504-49ff-8fe8-bf5c131d57e5,Áo Sơ Mi Nam Kẻ Sọc Công Sở,Áo sơ mi,M,Xanh,1,330000,03/12/2025
HD01240,1571231f-22cc-4ac1-94b1-c01fcb332ed7,Túi Bao Tử Unisex Chống Nước,Nón,Free Size,Navy,1,220000,03/12/2025
HD01240,f60ed1b2-8aed-4bf4-9047-bcdb95f84623,Áo Sơ Mi Nữ Công Sở,Áo sơ mi,M,Trắng,1,279000,03/12/2025
HD01240,7cdfc8c2-6d7e-4c07-9981-f669040ff7a9,Áo Khoác Gió Nam Chống Nước,Áo khoác,XL,Đen,2,450000,03/12/2025
HD01241,1654922e-d123-4e17-9ca0-cdae32820ab6,Vớ Unisex Cotton Cổ Cao Sọc,Nón,Free Size,Trắng,1,49000,26/03/2026
HD01241,740d378a-17ab-4db0-aa7b-961840cb0ad8,Blazer Nữ Premium,Blazer,L,Đen,2,990000,26/03/2026
HD01241,e1fb3fad-6974-423e-b5e0-33e5c3f7a559,Áo Khoác Nam Varsity,Áo khoác,M,Đen Trắng,1,639000,26/03/2026
HD01241,3ffeadc2-56cb-4267-a02b-00fc51a7a1b2,Áo Khoác Bomber Unisex Da Lộn,Áo khoác,L,Đen,2,599000,26/03/2026
HD01241,256a70eb-d06d-417a-bf57-9b60da0305c5,Giày Thể Thao Nam,Giày,42,Xám,1,720000,26/03/2026
HD01242,db900625-f6c9-41e1-a4eb-2042fcd9496f,Giày Cao Gót Nữ Đế Nhọn Công Sở,Giày,39,Trắng,1,490000,27/08/2025
HD01242,409dbb70-64f9-445d-b146-33a6ba02b819,Váy Nữ Dự Tiệc Trễ Vai Sang Chảnh,Váy,M,Đỏ,1,690000,27/08/2025
HD01242,bca6a5e3-a504-49ff-8fe8-bf5c131d57e5,Áo Sơ Mi Nam Kẻ Sọc Công Sở,Áo sơ mi,M,Xanh,1,330000,27/08/2025
HD01243,dc8af6b0-89d3-409a-98db-fb01be893d15,Giày Sneaker Da Lộn Unisex,Giày,42,Trắng,2,720000,02/03/2026
HD01243,b44f5194-d6f8-497b-b568-738d7d09c9e4,Áo Thun Nữ Croptop Cổ Tim,Áo thun,S,Trắng,2,120000,02/03/2026
HD01244,b9070ded-f7bb-4ae7-8384-31f433f188c1,Quần Jogger Nam Kaki Túi Hộp,Quần,L,Đen,1,350000,19/04/2025
HD01244,99f07ede-2b19-4f58-949e-3c20b4da9416,Nón Snapback Unisex Streetwear,Nón,Free Size,Xám,1,220000,19/04/2025
HD01244,8211c7e6-49da-422e-8c8e-61bf0288e356,Áo Thun Nam Oversize Cực Chất,Áo thun,XL,Đen,2,220000,19/04/2025
HD01245,b9070ded-f7bb-4ae7-8384-31f433f188c1,Quần Jogger Nam Kaki Túi Hộp,Quần,XL,Đen,2,350000,05/09/2025
HD01245,8211c7e6-49da-422e-8c8e-61bf0288e356,Áo Thun Nam Oversize Cực Chất,Áo thun,XL,Đen,1,220000,05/09/2025
HD01245,99f07ede-2b19-4f58-949e-3c20b4da9416,Nón Snapback Unisex Streetwear,Nón,Free Size,Xám,1,220000,05/09/2025
HD01246,ca7585c8-ddbf-4d1d-a666-37a7b963d906,Balo Unisex Thời Trang Chống Nước,Nón,Free Size,Trắng,2,450000,19/05/2025
HD01246,306ab081-eb9c-4df5-8b30-1f55f1daa354,Quần Kaki Nam Short Casual,Quần,M,Đen,1,249000,19/05/2025
HD01247,409dbb70-64f9-445d-b146-33a6ba02b819,Váy Nữ Dự Tiệc Trễ Vai Sang Chảnh,Váy,L,Đỏ,1,690000,12/01/2025
HD01247,db900625-f6c9-41e1-a4eb-2042fcd9496f,Giày Cao Gót Nữ Đế Nhọn Công Sở,Giày,38,Trắng,2,490000,12/01/2025
HD01247,c36ca838-024f-462b-b202-e125f17c3a90,Áo Body Nữ Tay Dài Ôm Sát,Áo body,L,Đen,1,299000,12/01/2025
HD01248,409dbb70-64f9-445d-b146-33a6ba02b819,Váy Nữ Dự Tiệc Trễ Vai Sang Chảnh,Váy,S,Đỏ,2,690000,04/01/2026
HD01248,c36ca838-024f-462b-b202-e125f17c3a90,Áo Body Nữ Tay Dài Ôm Sát,Áo body,M,Đen,2,299000,04/01/2026
HD01248,db900625-f6c9-41e1-a4eb-2042fcd9496f,Giày Cao Gót Nữ Đế Nhọn Công Sở,Giày,37,Trắng,1,490000,04/01/2026
HD01249,565df8e7-d30d-4935-a0a2-bcd5ab5bf4a2,Quần Jeans Nam Slimfit Đen,Quần,31,Đen,2,549000,03/02/2025
HD01249,591f87ca-ccec-4d04-af4e-fe941c4ee72e,Giày Sneaker Trắng Unisex Streetwear,Giày,40,Trắng,2,650000,03/02/2025
HD01250,591f87ca-ccec-4d04-af4e-fe941c4ee72e,Giày Sneaker Trắng Unisex Streetwear,Giày,42,Trắng,1,650000,26/03/2025
HD01250,f79701c0-468d-45ca-a063-f2c32fead22e,Áo Polo Nam Basic,Áo thun,L,Xanh Navy,2,279000,26/03/2025
HD01251,409dbb70-64f9-445d-b146-33a6ba02b819,Váy Nữ Dự Tiệc Trễ Vai Sang Chảnh,Váy,S,Đỏ,1,690000,20/04/2025
HD01251,c36ca838-024f-462b-b202-e125f17c3a90,Áo Body Nữ Tay Dài Ôm Sát,Áo body,M,Đen,2,299000,20/04/2025
HD01251,db900625-f6c9-41e1-a4eb-2042fcd9496f,Giày Cao Gót Nữ Đế Nhọn Công Sở,Giày,36,Trắng,2,490000,20/04/2025
HD01251,6d9ff3b3-09bc-4a76-b2f0-891905840fe3,Áo Thun Nữ Form Rộng Giấu Quần,Áo thun,M,Trắng,2,160000,20/04/2025
HD01252,99f07ede-2b19-4f58-949e-3c20b4da9416,Nón Snapback Unisex Streetwear,Nón,Free Size,Xám,2,220000,28/11/2025
HD01252,8211c7e6-49da-422e-8c8e-61bf0288e356,Áo Thun Nam Oversize Cực Chất,Áo thun,XL,Đen,2,220000,28/11/2025
HD01253,e6f18dbb-acb7-46bb-a116-d6111d7b40f8,Quần Jogger Nam Thể Thao Nỉ,Quần,XL,Xám,1,320000,27/05/2025
HD01253,12c3c23d-b26f-4090-b661-3e330f928a84,Nón Thể Thao Unisex,Nón,Free Size,Trắng,1,160000,27/05/2025
HD01254,3ffeadc2-56cb-4267-a02b-00fc51a7a1b2,Áo Khoác Bomber Unisex Da Lộn,Áo khoác,L,Đen,2,599000,27/08/2025
HD01254,f05e6db1-a12e-426c-aa6d-d5e504740533,Áo Body Nữ Tay Dài,Áo body,S,Đen,1,299000,27/08/2025
HD01254,4ef3b541-6c86-4287-8090-28809b3559fe,Giày Chạy Bộ Nam Running Sport,Giày,41,Đen,2,790000,27/08/2025
HD01255,8211c7e6-49da-422e-8c8e-61bf0288e356,Áo Thun Nam Oversize Cực Chất,Áo thun,XL,Đen,2,220000,05/09/2025
HD01255,b9070ded-f7bb-4ae7-8384-31f433f188c1,Quần Jogger Nam Kaki Túi Hộp,Quần,M,Đen,2,350000,05/09/2025
HD01256,bf8bb740-6ff2-40aa-b164-ac144119c781,Giày Tây Nam Derby Lịch Lãm,Giày,40,Xám,1,990000,27/06/2025
HD01256,7a707f6c-7a4b-4392-80c8-475eb6eb4bc8,Quần Tây Nam Lịch Lãm Công Sở,Quần,32,Đen,1,489000,27/06/2025
HD01257,42027732-03d0-4a71-a42b-eafc03a8cc71,Áo Khoác Blazer Unisex Form Rộng,Blazer,M,Xám,2,750000,15/11/2025
HD01257,a7c450bf-193d-4223-b178-523acdd5ce71,Quần Kaki Nam Dáng Suông,Quần,29,Kem,1,389000,15/11/2025
HD01257,3ffeadc2-56cb-4267-a02b-00fc51a7a1b2,Áo Khoác Bomber Unisex Da Lộn,Áo khoác,L,Đen,1,599000,15/11/2025
HD01258,c9e6150b-fdf6-4a91-8f2c-d8bab75b9f2b,Hoodie Unisex Local Brand Cực Chất,Áo khoác,M,Nâu,1,399000,17/01/2026
HD01258,2aad4182-f5b2-4e66-a70b-32fe3626ae38,Nón Bucket Basic Unisex,Nón,Free Size,Đen,2,180000,17/01/2026
HD01258,80fca8d2-8d12-40fd-aaf6-6c3e0e0d49ea,Cardigan Nữ Len Mỏng,Cardigan,S,Kem,2,399000,17/01/2026
HD01258,b9cffddd-aa22-47ea-b376-34ad81004eed,Blazer Nữ Công Sở,Blazer,L,Trắng,2,820000,17/01/2026
HD01258,b518aad8-1fbb-4d46-bc3c-1e531b3b1a8d,Áo Thun Nam Trơn Cổ Tròn,Áo thun,M,Trắng,2,150000,17/01/2026
HD01259,33732f38-6563-44e9-a85f-09fcdda0aa6f,Blazer Nữ Dáng Ngắn Thời Thượng,Blazer,S,Be,2,790000,25/10/2025
HD01259,7cdfc8c2-6d7e-4c07-9981-f669040ff7a9,Áo Khoác Gió Nam Chống Nước,Áo khoác,M,Đen,1,450000,25/10/2025
HD01259,75a19ddc-3ed9-45f0-9578-73b1935b5ad4,Áo Thun Unisex Oversize Cotton,Áo thun,L,Xám,2,199000,25/10/2025
HD01259,d230d9ed-71e2-4378-9fb2-15dd13a37357,Áo Hoodie Unisex,Áo khoác,M,Nâu,1,399000,25/10/2025
HD01259,4ef3b541-6c86-4287-8090-28809b3559fe,Giày Chạy Bộ Nam Running Sport,Giày,40,Đen,2,790000,25/10/2025
HD01260,e5f19f93-1057-4ec4-880f-a16e5fbcb39c,Váy Tennis Nữ Xếp Ly Trắng,Váy,S,Trắng,2,280000,12/07/2025
HD01260,ca7585c8-ddbf-4d1d-a666-37a7b963d906,Balo Unisex Thời Trang Chống Nước,Nón,Free Size,Trắng,2,450000,12/07/2025
HD01260,4bdea4f1-6aa9-4f3d-99e7-1c679695c149,Cardigan Nữ Dệt Kim,Cardigan,M,Be,2,499000,12/07/2025
HD01260,de2469aa-98bb-4048-b2d6-ca06feaff0f9,Ví Da Unisex Đựng Thẻ Tiện Lợi,Nón,Free Size,Navy,1,190000,12/07/2025
HD01261,bf8bb740-6ff2-40aa-b164-ac144119c781,Giày Tây Nam Derby Lịch Lãm,Giày,39,Xám,2,990000,10/01/2025
HD01261,773638cb-7eea-46c3-8af4-3bce1ecb5dd2,Áo Polo Nam Công Sở Premium,Áo thun,S,Xanh Navy,2,350000,10/01/2025
HD01261,7a707f6c-7a4b-4392-80c8-475eb6eb4bc8,Quần Tây Nam Lịch Lãm Công Sở,Quần,32,Đen,1,489000,10/01/2025
HD01262,b9070ded-f7bb-4ae7-8384-31f433f188c1,Quần Jogger Nam Kaki Túi Hộp,Quần,XL,Đen,1,350000,14/03/2026
HD01262,8211c7e6-49da-422e-8c8e-61bf0288e356,Áo Thun Nam Oversize Cực Chất,Áo thun,XL,Đen,2,220000,14/03/2026
HD01262,99f07ede-2b19-4f58-949e-3c20b4da9416,Nón Snapback Unisex Streetwear,Nón,Free Size,Xám,2,220000,14/03/2026
HD01263,b8a6d3f1-ad5c-4c5b-adf9-7e766ed462a5,Nón Bucket Unisex Vải Kaki Trơn,Nón,Free Size,Đen,2,150000,09/01/2026
HD01263,591f87ca-ccec-4d04-af4e-fe941c4ee72e,Giày Sneaker Trắng Unisex Streetwear,Giày,40,Trắng,2,650000,09/01/2026
HD01264,565df8e7-d30d-4935-a0a2-bcd5ab5bf4a2,Quần Jeans Nam Slimfit Đen,Quần,30,Đen,1,549000,24/09/2025
HD01264,591f87ca-ccec-4d04-af4e-fe941c4ee72e,Giày Sneaker Trắng Unisex Streetwear,Giày,38,Trắng,2,650000,24/09/2025
HD01265,b3d420d4-d451-4c61-bd20-6636b4973e09,Cardigan Nữ Len Dệt Kim Kem,Cardigan,S,Be,2,499000,07/05/2026
HD01265,47321475-4386-4cf5-8b77-af01547cd204,Quần Baggy Nữ Hàn Quốc,Quần,M,Đen,2,429000,07/05/2026
HD01266,d687bdc0-7bd2-4fb3-b157-ef8d3c1b2135,Quần Jogger Unisex Nỉ Basic,Quần,XL,Xám,1,280000,27/01/2025
HD01266,ca7585c8-ddbf-4d1d-a666-37a7b963d906,Balo Unisex Thời Trang Chống Nước,Nón,Free Size,Trắng,2,450000,27/01/2025
HD01267,b3d420d4-d451-4c61-bd20-6636b4973e09,Cardigan Nữ Len Dệt Kim Kem,Cardigan,S,Be,2,499000,01/04/2025
HD01267,47321475-4386-4cf5-8b77-af01547cd204,Quần Baggy Nữ Hàn Quốc,Quần,XL,Đen,2,429000,01/04/2025
HD01268,863bc572-8ddb-47bc-98e0-bff31818a347,Quần Ống Rộng Nữ,Quần,M,Kem,2,399000,21/05/2025
HD01268,00cd794a-d248-4ee5-82bc-6f47e4552024,Giày Thể Thao Unisex Chunky,Giày,41,Trắng,2,850000,21/05/2025
HD01269,b9070ded-f7bb-4ae7-8384-31f433f188c1,Quần Jogger Nam Kaki Túi Hộp,Quần,M,Đen,2,350000,24/04/2025
HD01269,8211c7e6-49da-422e-8c8e-61bf0288e356,Áo Thun Nam Oversize Cực Chất,Áo thun,L,Đen,1,220000,24/04/2025
HD01270,0f6632d3-5cf7-42d2-9157-f13f0084a634,Áo Khoác Nam Denim Classic,Áo khoác,XL,Xanh,1,550000,05/12/2025
HD01270,1d9f44d7-0657-47ec-baf9-659b9bfe2f6d,Áo Len Nam Cổ Lọ Ấm Áp,Áo len,L,Đen,1,520000,05/12/2025
HD01271,8211c7e6-49da-422e-8c8e-61bf0288e356,Áo Thun Nam Oversize Cực Chất,Áo thun,M,Đen,1,220000,17/09/2025
HD01271,b9070ded-f7bb-4ae7-8384-31f433f188c1,Quần Jogger Nam Kaki Túi Hộp,Quần,XL,Đen,2,350000,17/09/2025
HD01271,99f07ede-2b19-4f58-949e-3c20b4da9416,Nón Snapback Unisex Streetwear,Nón,Free Size,Xám,2,220000,17/09/2025
HD01272,4ef3b541-6c86-4287-8090-28809b3559fe,Giày Chạy Bộ Nam Running Sport,Giày,43,Đen,2,790000,06/03/2026
HD01272,12c3c23d-b26f-4090-b661-3e330f928a84,Nón Thể Thao Unisex,Nón,Free Size,Trắng,1,160000,06/03/2026
HD01273,ca7585c8-ddbf-4d1d-a666-37a7b963d906,Balo Unisex Thời Trang Chống Nước,Nón,Free Size,Trắng,2,450000,06/03/2025
HD01273,d15def0c-3a31-492a-ac97-382525c2218a,Áo Sweater Unisex Trơn Basic,Áo khoác,L,Nâu,1,320000,06/03/2025
HD01274,0f6632d3-5cf7-42d2-9157-f13f0084a634,Áo Khoác Nam Denim Classic,Áo khoác,M,Xanh,1,550000,05/03/2025
HD01274,bb06c357-8eb3-4ffe-a765-1307de4e19eb,Mũ Len Unisex Mùa Đông Ấm Áp,Nón,Free Size,Xám,1,150000,05/03/2025
HD01275,b8a6d3f1-ad5c-4c5b-adf9-7e766ed462a5,Nón Bucket Unisex Vải Kaki Trơn,Nón,Free Size,Đen,2,150000,06/10/2025
HD01275,c9e6150b-fdf6-4a91-8f2c-d8bab75b9f2b,Hoodie Unisex Local Brand Cực Chất,Áo khoác,M,Nâu,1,399000,06/10/2025
HD01276,47321475-4386-4cf5-8b77-af01547cd204,Quần Baggy Nữ Hàn Quốc,Quần,XL,Đen,1,429000,25/04/2026
HD01276,cc14f38d-1c5d-44e4-a577-c2add0a1b47e,Áo Sơ Mi Nữ Linen Kem,Áo sơ mi,L,Be,1,359000,25/04/2026
HD01276,b3d420d4-d451-4c61-bd20-6636b4973e09,Cardigan Nữ Len Dệt Kim Kem,Cardigan,L,Be,2,499000,25/04/2026
HD01277,fc61ed45-ce98-480f-a519-02961cff9b10,Giày Chạy Bộ Nữ Siêu Nhẹ,Giày,37,Đen,1,750000,13/01/2025
HD01277,16685b4a-ab63-4a1f-ab9f-b4255995921e,Blazer Nữ Basic,Blazer,S,Be,1,720000,13/01/2025
HD01277,85f5b187-a705-4316-b553-16ca69de626b,Áo len phong cách cho nam,Áo len,M,Navy,1,789000,13/01/2025
HD01278,fba0cb23-9cc9-40ed-a279-a57f1c6ac794,Áo Khoác Nam Bomber,Áo khoác,L,Đen,2,499000,24/08/2025
HD01278,12c3c23d-b26f-4090-b661-3e330f928a84,Nón Thể Thao Unisex,Nón,Free Size,Trắng,2,160000,24/08/2025
HD01278,20b29c90-bea4-432c-ac66-0b72cbccdf6a,Áo Sơ Mi Nữ Linen,Áo sơ mi,S,Be,2,359000,24/08/2025
HD01278,42df8548-dbbf-40a4-a6f2-f989e10394fd,Blazer Nữ Hàn Quốc,Blazer,L,Kem,2,790000,24/08/2025
HD01278,45cc86fe-2abb-4420-8516-4718ae1f9990,Cardigan Nữ Oversize,Cardigan,XL,Nâu,2,459000,24/08/2025
HD01279,47321475-4386-4cf5-8b77-af01547cd204,Quần Baggy Nữ Hàn Quốc,Quần,XL,Đen,2,429000,21/07/2025
HD01279,b3d420d4-d451-4c61-bd20-6636b4973e09,Cardigan Nữ Len Dệt Kim Kem,Cardigan,M,Be,2,499000,21/07/2025
HD01279,cc14f38d-1c5d-44e4-a577-c2add0a1b47e,Áo Sơ Mi Nữ Linen Kem,Áo sơ mi,L,Be,1,359000,21/07/2025
HD01279,8a7e2af6-1dec-44a6-bf40-5c5c403abe8c,Áo Sơ Mi Nam Vải Oxford Trắng,Áo sơ mi,L,Trắng,2,320000,21/07/2025
HD01280,591f87ca-ccec-4d04-af4e-fe941c4ee72e,Giày Sneaker Trắng Unisex Streetwear,Giày,42,Trắng,1,650000,29/01/2026
HD01280,b8a6d3f1-ad5c-4c5b-adf9-7e766ed462a5,Nón Bucket Unisex Vải Kaki Trơn,Nón,Free Size,Đen,2,150000,29/01/2026
HD01281,d687bdc0-7bd2-4fb3-b157-ef8d3c1b2135,Quần Jogger Unisex Nỉ Basic,Quần,L,Xám,1,280000,25/03/2025
HD01281,ca7585c8-ddbf-4d1d-a666-37a7b963d906,Balo Unisex Thời Trang Chống Nước,Nón,Free Size,Trắng,2,450000,25/03/2025
HD01281,81735139-02ec-4da6-aa6b-74780cb71167,Áo Sơ Mi Nữ Voan Lụa Công Sở,Áo sơ mi,XL,Trắng,2,380000,25/03/2025
HD01282,591f87ca-ccec-4d04-af4e-fe941c4ee72e,Giày Sneaker Trắng Unisex Streetwear,Giày,41,Trắng,1,650000,21/03/2026
HD01282,c9e6150b-fdf6-4a91-8f2c-d8bab75b9f2b,Hoodie Unisex Local Brand Cực Chất,Áo khoác,L,Nâu,2,399000,21/03/2026
HD01282,b8a6d3f1-ad5c-4c5b-adf9-7e766ed462a5,Nón Bucket Unisex Vải Kaki Trơn,Nón,Free Size,Đen,1,150000,21/03/2026
HD01282,0e0448a2-c2bd-4e80-b627-8787750e4656,Áo Sơ Mi Nam Caro,Áo sơ mi,M,Đỏ,1,299000,21/03/2026
HD01283,c9e6150b-fdf6-4a91-8f2c-d8bab75b9f2b,Hoodie Unisex Local Brand Cực Chất,Áo khoác,XL,Nâu,2,399000,09/07/2025
HD01283,b8a6d3f1-ad5c-4c5b-adf9-7e766ed462a5,Nón Bucket Unisex Vải Kaki Trơn,Nón,Free Size,Đen,1,150000,09/07/2025
HD01283,591f87ca-ccec-4d04-af4e-fe941c4ee72e,Giày Sneaker Trắng Unisex Streetwear,Giày,40,Trắng,1,650000,09/07/2025
HD01284,2d01e356-ac67-4d6f-83ce-e2c9ad89a55d,Quần Tây Nữ Ống Suông,Quần,L,Đen,1,459000,05/09/2025
HD01284,7af62054-cb7c-43d5-8a7a-f6de97b8440d,Blazer Nữ Công Sở Premium,Blazer,L,Trắng,1,820000,05/09/2025
HD01285,565df8e7-d30d-4935-a0a2-bcd5ab5bf4a2,Quần Jeans Nam Slimfit Đen,Quần,30,Đen,2,549000,09/02/2026
HD01285,591f87ca-ccec-4d04-af4e-fe941c4ee72e,Giày Sneaker Trắng Unisex Streetwear,Giày,39,Trắng,2,650000,09/02/2026
HD01285,f79701c0-468d-45ca-a063-f2c32fead22e,Áo Polo Nam Basic,Áo thun,S,Xanh Navy,2,279000,09/02/2026
HD01286,b9cffddd-aa22-47ea-b376-34ad81004eed,Blazer Nữ Công Sở,Blazer,L,Trắng,2,820000,07/02/2025
HD01286,b73fb852-1dd9-4829-86c6-c6c6f6ca7b73,Túi Tote Vải Unisex Tiện Lợi,Nón,Free Size,Trắng,1,120000,07/02/2025
HD01286,409dbb70-64f9-445d-b146-33a6ba02b819,Váy Nữ Dự Tiệc Trễ Vai Sang Chảnh,Váy,M,Đỏ,1,690000,07/02/2025
HD01286,e0f136c6-62be-4f5c-a912-54349bbee80a,Chân Váy Nữ Midi Xếp Ly,Váy,S,Đen,2,320000,07/02/2025
HD01287,4ef3b541-6c86-4287-8090-28809b3559fe,Giày Chạy Bộ Nam Running Sport,Giày,42,Đen,2,790000,28/01/2026
HD01287,e6f18dbb-acb7-46bb-a116-d6111d7b40f8,Quần Jogger Nam Thể Thao Nỉ,Quần,XL,Xám,2,320000,28/01/2026
HD01287,12c3c23d-b26f-4090-b661-3e330f928a84,Nón Thể Thao Unisex,Nón,Free Size,Trắng,1,160000,28/01/2026
HD01287,75973f59-8a40-4d42-b894-5375a84f3374,Áo Khoác Varsity Unisex Streetwear,Áo khoác,XL,Đen Trắng,2,639000,28/01/2026
HD01288,0f6632d3-5cf7-42d2-9157-f13f0084a634,Áo Khoác Nam Denim Classic,Áo khoác,M,Xanh,1,550000,11/06/2025
HD01288,bb06c357-8eb3-4ffe-a765-1307de4e19eb,Mũ Len Unisex Mùa Đông Ấm Áp,Nón,Free Size,Xám,1,150000,11/06/2025
HD01288,1d9f44d7-0657-47ec-baf9-659b9bfe2f6d,Áo Len Nam Cổ Lọ Ấm Áp,Áo len,XL,Đen,1,520000,11/06/2025
HD01288,db900625-f6c9-41e1-a4eb-2042fcd9496f,Giày Cao Gót Nữ Đế Nhọn Công Sở,Giày,37,Trắng,1,490000,11/06/2025
HD01289,20ecab60-6f47-43a3-b5a2-8c73d262ff50,Váy Nữ Dự Tiệc Cao Cấp,Váy,S,Đen,2,690000,10/06/2025
HD01289,ac85d49f-37a3-47d2-9850-04adc3abecfb,Mắt Kính Unisex Chống Tia UV,Nón,Free Size,Đen,2,290000,10/06/2025
HD01289,47321475-4386-4cf5-8b77-af01547cd204,Quần Baggy Nữ Hàn Quốc,Quần,M,Đen,2,429000,10/06/2025
HD01289,aeefd253-ff9c-45c1-9da7-06ebdf2c502c,Áo Khoác Denim Unisex Form Rộng,Áo khoác,XL,Xanh,1,550000,10/06/2025
HD01289,95eb8021-2598-4aeb-92e1-99f5e709c28c,Cardigan Nữ Hàn Quốc,Cardigan,M,Trắng,2,430000,10/06/2025
HD01290,b44f5194-d6f8-497b-b568-738d7d09c9e4,Áo Thun Nữ Croptop Cổ Tim,Áo thun,S,Trắng,2,120000,20/03/2025
HD01290,7a1e5705-4b19-42f7-a7ec-504fb2481cc2,Thắt Lưng Da Nam Khóa Tự Động,Nón,Free Size,Đen,1,350000,20/03/2025
HD01290,b3d420d4-d451-4c61-bd20-6636b4973e09,Cardigan Nữ Len Dệt Kim Kem,Cardigan,S,Be,1,499000,20/03/2025
HD01290,f715e6cf-f139-40fc-9411-eb5a1391b6a3,Quần Short Unisex Nỉ Thể Thao,Quần,L,Đen,1,189000,20/03/2025
HD01291,d687bdc0-7bd2-4fb3-b157-ef8d3c1b2135,Quần Jogger Unisex Nỉ Basic,Quần,XL,Xám,1,280000,27/02/2026
HD01291,d15def0c-3a31-492a-ac97-382525c2218a,Áo Sweater Unisex Trơn Basic,Áo khoác,L,Nâu,1,320000,27/02/2026
HD01292,e7a2f4b5-bf3f-47e0-b981-e6142607b6bc,Giày Chunky Sneaker Unisex,Giày,41,Trắng,2,850000,12/06/2025
HD01292,42df8548-dbbf-40a4-a6f2-f989e10394fd,Blazer Nữ Hàn Quốc,Blazer,L,Kem,1,790000,12/06/2025
HD01293,220243e7-0f72-4253-9861-6ff08f57a586,Áo Len Nam Form Rộng,Áo len,L,Xám,1,559000,13/03/2025
HD01293,c9e6150b-fdf6-4a91-8f2c-d8bab75b9f2b,Hoodie Unisex Local Brand Cực Chất,Áo khoác,M,Nâu,1,399000,13/03/2025
HD01293,43d6febf-f863-4841-9ca6-94f3edbcb83a,Giày Búp Bê Nữ Da Mềm Mại,Giày,35,Trắng,2,350000,13/03/2025
HD01293,b675c96d-da9f-4712-a11c-0596cc052da0,Giày Sneaker Cổ Cao Unisex,Giày,37,Trắng,1,690000,13/03/2025
HD01293,75973f59-8a40-4d42-b894-5375a84f3374,Áo Khoác Varsity Unisex Streetwear,Áo khoác,XL,Đen Trắng,2,639000,13/03/2025
HD01294,1d9f44d7-0657-47ec-baf9-659b9bfe2f6d,Áo Len Nam Cổ Lọ Ấm Áp,Áo len,XL,Đen,1,520000,13/04/2026
HD01294,0f6632d3-5cf7-42d2-9157-f13f0084a634,Áo Khoác Nam Denim Classic,Áo khoác,XL,Xanh,2,550000,13/04/2026
HD01294,bb06c357-8eb3-4ffe-a765-1307de4e19eb,Mũ Len Unisex Mùa Đông Ấm Áp,Nón,Free Size,Xám,1,150000,13/04/2026
HD01295,bf8bb740-6ff2-40aa-b164-ac144119c781,Giày Tây Nam Derby Lịch Lãm,Giày,39,Xám,1,990000,19/04/2025
HD01295,773638cb-7eea-46c3-8af4-3bce1ecb5dd2,Áo Polo Nam Công Sở Premium,Áo thun,M,Xanh Navy,2,350000,19/04/2025
HD01296,1d8256e6-c737-4a4c-86b9-b28f0c3112eb,Áo Sơ Mi Nữ Oxford Trắng,Áo sơ mi,L,Trắng,1,329000,30/03/2025
HD01296,2d01e356-ac67-4d6f-83ce-e2c9ad89a55d,Quần Tây Nữ Ống Suông,Quần,S,Đen,2,459000,30/03/2025
HD01296,7af62054-cb7c-43d5-8a7a-f6de97b8440d,Blazer Nữ Công Sở Premium,Blazer,M,Trắng,2,820000,30/03/2025
HD01297,c9e6150b-fdf6-4a91-8f2c-d8bab75b9f2b,Hoodie Unisex Local Brand Cực Chất,Áo khoác,L,Nâu,1,399000,06/03/2026
HD01297,591f87ca-ccec-4d04-af4e-fe941c4ee72e,Giày Sneaker Trắng Unisex Streetwear,Giày,42,Trắng,1,650000,06/03/2026
HD01297,b8a6d3f1-ad5c-4c5b-adf9-7e766ed462a5,Nón Bucket Unisex Vải Kaki Trơn,Nón,Free Size,Đen,1,150000,06/03/2026
HD01297,a9bbcc47-d51e-49fb-aab9-04649744ad76,Áo Thun Nam Cổ Tim Trơn,Áo thun,XL,Đen,1,160000,06/03/2026
HD01298,93efef1b-4c47-4682-af31-84004a28c573,Nón Snapback Unisex,Nón,Free Size,Xám,2,220000,05/11/2025
HD01298,14aa5a7e-58a7-4ee6-91dc-3b3841539483,Áo Thun Nam Graphic Print,Áo thun,L,Xám,1,259000,05/11/2025
HD01298,f60ed1b2-8aed-4bf4-9047-bcdb95f84623,Áo Sơ Mi Nữ Công Sở,Áo sơ mi,XL,Trắng,1,279000,05/11/2025
HD01298,00ea76e6-8a78-4510-9aa1-8c8d3f1e0ea4,Áo Body Nữ Cổ Vuông,Áo body,M,Hồng,1,329000,05/11/2025
HD01299,591f87ca-ccec-4d04-af4e-fe941c4ee72e,Giày Sneaker Trắng Unisex Streetwear,Giày,40,Trắng,2,650000,25/01/2026
HD01299,c9e6150b-fdf6-4a91-8f2c-d8bab75b9f2b,Hoodie Unisex Local Brand Cực Chất,Áo khoác,XL,Nâu,2,399000,25/01/2026
HD01299,b8a6d3f1-ad5c-4c5b-adf9-7e766ed462a5,Nón Bucket Unisex Vải Kaki Trơn,Nón,Free Size,Đen,1,150000,25/01/2026
HD01300,8211c7e6-49da-422e-8c8e-61bf0288e356,Áo Thun Nam Oversize Cực Chất,Áo thun,XL,Đen,2,220000,21/05/2025
HD01300,b9070ded-f7bb-4ae7-8384-31f433f188c1,Quần Jogger Nam Kaki Túi Hộp,Quần,M,Đen,2,350000,21/05/2025
HD01300,99f07ede-2b19-4f58-949e-3c20b4da9416,Nón Snapback Unisex Streetwear,Nón,Free Size,Xám,1,220000,21/05/2025
HD01301,86a9c31d-97c5-47fc-b2ce-292729ac16ad,Nón Bucket Unisex Họa Tiết Loang,Nón,Free Size,Đen,2,180000,15/10/2025
HD01301,31c0b020-668f-4c1e-aa4b-e58b7ea7da0f,Nón Lưỡi Trai Basic Unisex,Nón,FreeSize,Trắng,1,120000,15/10/2025
HD01301,5a9e4c10-4d85-4ae9-99d0-4ecdbc69964b,Áo Thun Unisex In Chữ Streetwear,Áo thun,M,Đen,1,189000,15/10/2025
HD01301,538c2225-906f-42c8-8875-c759a7017d20,Áo Sweater Unisex Cổ Tròn Nỉ,Áo khoác,M,Nâu,2,310000,15/10/2025
HD01302,47321475-4386-4cf5-8b77-af01547cd204,Quần Baggy Nữ Hàn Quốc,Quần,M,Đen,1,429000,16/03/2026
HD01302,cc14f38d-1c5d-44e4-a577-c2add0a1b47e,Áo Sơ Mi Nữ Linen Kem,Áo sơ mi,M,Be,1,359000,16/03/2026
HD01303,3dbb0578-dc6f-4fc7-b609-b0fec9796c29,Áo Thun Unisex Loang Màu Tiedye,Áo thun,M,Đen,1,210000,24/04/2025
HD01303,dda95a07-c578-4e4d-a707-ee9fa4ee14cc,Áo Len Nam Dệt Kim,Áo len,XL,Trắng,1,469000,24/04/2025
HD01304,b8a6d3f1-ad5c-4c5b-adf9-7e766ed462a5,Nón Bucket Unisex Vải Kaki Trơn,Nón,Free Size,Đen,2,150000,02/07/2025
HD01304,591f87ca-ccec-4d04-af4e-fe941c4ee72e,Giày Sneaker Trắng Unisex Streetwear,Giày,40,Trắng,2,650000,02/07/2025
HD01304,c9e6150b-fdf6-4a91-8f2c-d8bab75b9f2b,Hoodie Unisex Local Brand Cực Chất,Áo khoác,XL,Nâu,2,399000,02/07/2025
HD01305,0f6632d3-5cf7-42d2-9157-f13f0084a634,Áo Khoác Nam Denim Classic,Áo khoác,M,Xanh,2,550000,23/09/2025
HD01305,bb06c357-8eb3-4ffe-a765-1307de4e19eb,Mũ Len Unisex Mùa Đông Ấm Áp,Nón,Free Size,Xám,2,150000,23/09/2025
HD01305,1d9f44d7-0657-47ec-baf9-659b9bfe2f6d,Áo Len Nam Cổ Lọ Ấm Áp,Áo len,M,Đen,2,520000,23/09/2025
HD01306,8211c7e6-49da-422e-8c8e-61bf0288e356,Áo Thun Nam Oversize Cực Chất,Áo thun,L,Đen,2,220000,29/04/2026
HD01306,b9070ded-f7bb-4ae7-8384-31f433f188c1,Quần Jogger Nam Kaki Túi Hộp,Quần,XL,Đen,1,350000,29/04/2026
HD01306,99f07ede-2b19-4f58-949e-3c20b4da9416,Nón Snapback Unisex Streetwear,Nón,Free Size,Xám,1,220000,29/04/2026
HD01307,72b9161e-e55b-4802-a1c7-d7f33e5ccb0d,Quần Jogger Nam,Quần,L,Đen,1,320000,10/01/2026
HD01307,bca6a5e3-a504-49ff-8fe8-bf5c131d57e5,Áo Sơ Mi Nam Kẻ Sọc Công Sở,Áo sơ mi,M,Xanh,1,330000,10/01/2026
HD01307,dda95a07-c578-4e4d-a707-ee9fa4ee14cc,Áo Len Nam Dệt Kim,Áo len,L,Trắng,1,469000,10/01/2026
HD01308,b3d420d4-d451-4c61-bd20-6636b4973e09,Cardigan Nữ Len Dệt Kim Kem,Cardigan,S,Be,1,499000,02/09/2025
HD01308,cc14f38d-1c5d-44e4-a577-c2add0a1b47e,Áo Sơ Mi Nữ Linen Kem,Áo sơ mi,S,Be,1,359000,02/09/2025
HD01309,020a480f-a235-4103-9eaf-f34d0cff36ed,Quần Jeans Nữ Skinny,Quần,S,Xanh,2,489000,06/09/2025
HD01309,0f6632d3-5cf7-42d2-9157-f13f0084a634,Áo Khoác Nam Denim Classic,Áo khoác,L,Xanh,2,550000,06/09/2025
HD01310,99f07ede-2b19-4f58-949e-3c20b4da9416,Nón Snapback Unisex Streetwear,Nón,Free Size,Xám,1,220000,11/01/2026
HD01310,b9070ded-f7bb-4ae7-8384-31f433f188c1,Quần Jogger Nam Kaki Túi Hộp,Quần,XL,Đen,1,350000,11/01/2026
HD01311,591f87ca-ccec-4d04-af4e-fe941c4ee72e,Giày Sneaker Trắng Unisex Streetwear,Giày,39,Trắng,1,650000,11/01/2025
HD01311,2aad4182-f5b2-4e66-a70b-32fe3626ae38,Nón Bucket Basic Unisex,Nón,Free Size,Đen,2,180000,11/01/2025
HD01312,591f87ca-ccec-4d04-af4e-fe941c4ee72e,Giày Sneaker Trắng Unisex Streetwear,Giày,38,Trắng,1,650000,19/05/2025
HD01312,c9e6150b-fdf6-4a91-8f2c-d8bab75b9f2b,Hoodie Unisex Local Brand Cực Chất,Áo khoác,M,Nâu,2,399000,19/05/2025
HD01312,b8a6d3f1-ad5c-4c5b-adf9-7e766ed462a5,Nón Bucket Unisex Vải Kaki Trơn,Nón,Free Size,Đen,2,150000,19/05/2025
HD01312,d15def0c-3a31-492a-ac97-382525c2218a,Áo Sweater Unisex Trơn Basic,Áo khoác,XL,Nâu,1,320000,19/05/2025
HD01313,e6f18dbb-acb7-46bb-a116-d6111d7b40f8,Quần Jogger Nam Thể Thao Nỉ,Quần,XL,Xám,2,320000,04/03/2026
HD01313,4ef3b541-6c86-4287-8090-28809b3559fe,Giày Chạy Bộ Nam Running Sport,Giày,42,Đen,2,790000,04/03/2026
HD01313,12c3c23d-b26f-4090-b661-3e330f928a84,Nón Thể Thao Unisex,Nón,Free Size,Trắng,2,160000,04/03/2026
HD01314,35c4d88a-3b69-47a7-933e-e5bc205c5fd5,Quần Jeans Nữ Skinny Cạp Cao,Quần,M,Xanh,1,489000,06/10/2025
HD01314,20ecab60-6f47-43a3-b5a2-8c73d262ff50,Váy Nữ Dự Tiệc Cao Cấp,Váy,L,Đỏ,1,690000,06/10/2025
HD01315,db900625-f6c9-41e1-a4eb-2042fcd9496f,Giày Cao Gót Nữ Đế Nhọn Công Sở,Giày,39,Trắng,2,490000,05/02/2026
HD01315,c36ca838-024f-462b-b202-e125f17c3a90,Áo Body Nữ Tay Dài Ôm Sát,Áo body,S,Đen,2,299000,05/02/2026
HD01315,409dbb70-64f9-445d-b146-33a6ba02b819,Váy Nữ Dự Tiệc Trễ Vai Sang Chảnh,Váy,S,Đỏ,2,690000,05/02/2026
HD01316,591f87ca-ccec-4d04-af4e-fe941c4ee72e,Giày Sneaker Trắng Unisex Streetwear,Giày,41,Trắng,1,650000,06/01/2026
HD01316,f79701c0-468d-45ca-a063-f2c32fead22e,Áo Polo Nam Basic,Áo thun,XL,Xanh Navy,2,279000,06/01/2026
HD01316,565df8e7-d30d-4935-a0a2-bcd5ab5bf4a2,Quần Jeans Nam Slimfit Đen,Quần,30,Đen,2,549000,06/01/2026
HD01317,1d8256e6-c737-4a4c-86b9-b28f0c3112eb,Áo Sơ Mi Nữ Oxford Trắng,Áo sơ mi,L,Trắng,2,329000,19/07/2025
HD01317,2d01e356-ac67-4d6f-83ce-e2c9ad89a55d,Quần Tây Nữ Ống Suông,Quần,L,Đen,2,459000,19/07/2025
HD01317,7af62054-cb7c-43d5-8a7a-f6de97b8440d,Blazer Nữ Công Sở Premium,Blazer,S,Trắng,2,820000,19/07/2025
HD01318,81735139-02ec-4da6-aa6b-74780cb71167,Áo Sơ Mi Nữ Voan Lụa Công Sở,Áo sơ mi,M,Trắng,2,380000,27/05/2025
HD01318,2351fa2f-2c97-41ba-bcdd-77f50f0bac7b,Quần Kaki Nam Slimfit,Quần,30,Kem,1,389000,27/05/2025
HD01318,bca6a5e3-a504-49ff-8fe8-bf5c131d57e5,Áo Sơ Mi Nam Kẻ Sọc Công Sở,Áo sơ mi,L,Xanh,1,330000,27/05/2025
HD01318,23cbc0c9-3f70-46ca-82e3-35767699a754,Giày Slip On Unisex Vải Canvas,Giày,40,Đen,1,399000,27/05/2025
HD01319,591f87ca-ccec-4d04-af4e-fe941c4ee72e,Giày Sneaker Trắng Unisex Streetwear,Giày,42,Trắng,1,650000,07/11/2025
HD01319,c9e6150b-fdf6-4a91-8f2c-d8bab75b9f2b,Hoodie Unisex Local Brand Cực Chất,Áo khoác,M,Nâu,1,399000,07/11/2025
HD01319,00ea76e6-8a78-4510-9aa1-8c8d3f1e0ea4,Áo Body Nữ Cổ Vuông,Áo body,S,Hồng,1,329000,07/11/2025
HD01319,c36ca838-024f-462b-b202-e125f17c3a90,Áo Body Nữ Tay Dài Ôm Sát,Áo body,L,Đen,1,299000,07/11/2025
HD01320,db900625-f6c9-41e1-a4eb-2042fcd9496f,Giày Cao Gót Nữ Đế Nhọn Công Sở,Giày,39,Trắng,1,490000,16/03/2026
HD01320,409dbb70-64f9-445d-b146-33a6ba02b819,Váy Nữ Dự Tiệc Trễ Vai Sang Chảnh,Váy,M,Đỏ,2,690000,16/03/2026
HD01321,409dbb70-64f9-445d-b146-33a6ba02b819,Váy Nữ Dự Tiệc Trễ Vai Sang Chảnh,Váy,L,Đỏ,1,690000,29/03/2025
HD01321,db900625-f6c9-41e1-a4eb-2042fcd9496f,Giày Cao Gót Nữ Đế Nhọn Công Sở,Giày,35,Trắng,1,490000,29/03/2025
HD01321,c36ca838-024f-462b-b202-e125f17c3a90,Áo Body Nữ Tay Dài Ôm Sát,Áo body,S,Đen,1,299000,29/03/2025
HD01322,bf8bb740-6ff2-40aa-b164-ac144119c781,Giày Tây Nam Derby Lịch Lãm,Giày,40,Xám,1,990000,10/11/2025
HD01322,773638cb-7eea-46c3-8af4-3bce1ecb5dd2,Áo Polo Nam Công Sở Premium,Áo thun,S,Xanh Navy,1,350000,10/11/2025
HD01322,7a707f6c-7a4b-4392-80c8-475eb6eb4bc8,Quần Tây Nam Lịch Lãm Công Sở,Quần,33,Đen,1,489000,10/11/2025
HD01323,d15def0c-3a31-492a-ac97-382525c2218a,Áo Sweater Unisex Trơn Basic,Áo khoác,L,Nâu,2,320000,05/02/2025
HD01323,ca7585c8-ddbf-4d1d-a666-37a7b963d906,Balo Unisex Thời Trang Chống Nước,Nón,Free Size,Trắng,2,450000,05/02/2025
HD01323,d687bdc0-7bd2-4fb3-b157-ef8d3c1b2135,Quần Jogger Unisex Nỉ Basic,Quần,M,Xám,1,280000,05/02/2025
HD01324,bf8bb740-6ff2-40aa-b164-ac144119c781,Giày Tây Nam Derby Lịch Lãm,Giày,40,Xám,2,990000,22/03/2025
HD01324,773638cb-7eea-46c3-8af4-3bce1ecb5dd2,Áo Polo Nam Công Sở Premium,Áo thun,L,Xanh Navy,2,350000,22/03/2025
HD01325,8211c7e6-49da-422e-8c8e-61bf0288e356,Áo Thun Nam Oversize Cực Chất,Áo thun,M,Đen,2,220000,24/09/2025
HD01325,b9070ded-f7bb-4ae7-8384-31f433f188c1,Quần Jogger Nam Kaki Túi Hộp,Quần,XL,Đen,1,350000,24/09/2025
HD01326,d15def0c-3a31-492a-ac97-382525c2218a,Áo Sweater Unisex Trơn Basic,Áo khoác,XL,Nâu,2,320000,05/03/2025
HD01326,d687bdc0-7bd2-4fb3-b157-ef8d3c1b2135,Quần Jogger Unisex Nỉ Basic,Quần,L,Xám,1,280000,05/03/2025
HD01326,ca7585c8-ddbf-4d1d-a666-37a7b963d906,Balo Unisex Thời Trang Chống Nước,Nón,Free Size,Trắng,1,450000,05/03/2025
HD01326,6b452c2a-fe5a-4690-b45c-b4a40e2c0822,Nón Thể Thao Unisex,Nón,Free Size,Trắng,1,190000,05/03/2025
HD01327,8211c7e6-49da-422e-8c8e-61bf0288e356,Áo Thun Nam Oversize Cực Chất,Áo thun,XL,Đen,2,220000,23/03/2026
HD01327,99f07ede-2b19-4f58-949e-3c20b4da9416,Nón Snapback Unisex Streetwear,Nón,Free Size,Xám,2,220000,23/03/2026
HD01327,6d9ff3b3-09bc-4a76-b2f0-891905840fe3,Áo Thun Nữ Form Rộng Giấu Quần,Áo thun,M,Trắng,1,160000,23/03/2026
HD01328,f715e6cf-f139-40fc-9411-eb5a1391b6a3,Quần Short Unisex Nỉ Thể Thao,Quần,L,Đen,1,189000,14/02/2026
HD01328,b3d420d4-d451-4c61-bd20-6636b4973e09,Cardigan Nữ Len Dệt Kim Kem,Cardigan,S,Be,2,499000,14/02/2026
HD01328,6e959b97-7e1c-49d4-a62d-1d3bdaa3a97c,Áo Len Nam Hàn Quốc,Áo len,L,Nâu,1,499000,14/02/2026
HD01328,d756eba2-7d66-4274-b91e-a18e6827f867,Giày Boot Da Nam Chelsea Lịch Lãm,Giày,40,Xám,1,1100000,14/02/2026
HD01328,43d6febf-f863-4841-9ca6-94f3edbcb83a,Giày Búp Bê Nữ Da Mềm Mại,Giày,36,Trắng,1,350000,14/02/2026
HD01329,93c3d112-b724-48cb-bee5-b2dcef7f1d55,Áo Khoác Gió Unisex Thể Thao,Áo khoác,M,Đen,2,350000,20/04/2025
HD01329,7a1e5705-4b19-42f7-a7ec-504fb2481cc2,Thắt Lưng Da Nam Khóa Tự Động,Nón,Free Size,Đen,1,350000,20/04/2025
HD01330,4ef3b541-6c86-4287-8090-28809b3559fe,Giày Chạy Bộ Nam Running Sport,Giày,42,Đen,1,790000,19/04/2025
HD01330,12c3c23d-b26f-4090-b661-3e330f928a84,Nón Thể Thao Unisex,Nón,Free Size,Trắng,1,160000,19/04/2025
HD01330,e6f18dbb-acb7-46bb-a116-d6111d7b40f8,Quần Jogger Nam Thể Thao Nỉ,Quần,M,Xám,2,320000,19/04/2025
HD01331,db900625-f6c9-41e1-a4eb-2042fcd9496f,Giày Cao Gót Nữ Đế Nhọn Công Sở,Giày,38,Trắng,2,490000,21/01/2026
HD01331,c36ca838-024f-462b-b202-e125f17c3a90,Áo Body Nữ Tay Dài Ôm Sát,Áo body,M,Đen,1,299000,21/01/2026
HD01332,99f07ede-2b19-4f58-949e-3c20b4da9416,Nón Snapback Unisex Streetwear,Nón,Free Size,Xám,2,220000,09/05/2026
HD01332,b9070ded-f7bb-4ae7-8384-31f433f188c1,Quần Jogger Nam Kaki Túi Hộp,Quần,XL,Đen,1,350000,09/05/2026
HD01333,12c3c23d-b26f-4090-b661-3e330f928a84,Nón Thể Thao Unisex,Nón,Free Size,Trắng,1,160000,22/03/2025
HD01333,4ef3b541-6c86-4287-8090-28809b3559fe,Giày Chạy Bộ Nam Running Sport,Giày,43,Đen,2,790000,22/03/2025
HD01333,e6f18dbb-acb7-46bb-a116-d6111d7b40f8,Quần Jogger Nam Thể Thao Nỉ,Quần,M,Xám,1,320000,22/03/2025
HD01334,d687bdc0-7bd2-4fb3-b157-ef8d3c1b2135,Quần Jogger Unisex Nỉ Basic,Quần,XL,Xám,1,280000,30/12/2025
HD01334,d15def0c-3a31-492a-ac97-382525c2218a,Áo Sweater Unisex Trơn Basic,Áo khoác,M,Nâu,2,320000,30/12/2025
HD01334,ca7585c8-ddbf-4d1d-a666-37a7b963d906,Balo Unisex Thời Trang Chống Nước,Nón,Free Size,Trắng,1,450000,30/12/2025
HD01335,8211c7e6-49da-422e-8c8e-61bf0288e356,Áo Thun Nam Oversize Cực Chất,Áo thun,L,Đen,1,220000,08/05/2025
HD01335,99f07ede-2b19-4f58-949e-3c20b4da9416,Nón Snapback Unisex Streetwear,Nón,Free Size,Xám,2,220000,08/05/2025
HD01335,4bdea4f1-6aa9-4f3d-99e7-1c679695c149,Cardigan Nữ Dệt Kim,Cardigan,L,Be,2,499000,08/05/2025
HD01336,668c0c46-b451-49fb-a269-45e518a0a645,Quần Jeans Nam Slimfit,Quần,29,Xanh đậm,1,549000,13/07/2025
HD01336,565df8e7-d30d-4935-a0a2-bcd5ab5bf4a2,Quần Jeans Nam Slimfit Đen,Quần,29,Đen,2,549000,13/07/2025
HD01336,1d8256e6-c737-4a4c-86b9-b28f0c3112eb,Áo Sơ Mi Nữ Oxford Trắng,Áo sơ mi,S,Trắng,2,329000,13/07/2025
HD01336,f60ed1b2-8aed-4bf4-9047-bcdb95f84623,Áo Sơ Mi Nữ Công Sở,Áo sơ mi,L,Nâu,1,279000,13/07/2025
HD01336,b9070ded-f7bb-4ae7-8384-31f433f188c1,Quần Jogger Nam Kaki Túi Hộp,Quần,XL,Đen,1,350000,13/07/2025
HD01337,1d8256e6-c737-4a4c-86b9-b28f0c3112eb,Áo Sơ Mi Nữ Oxford Trắng,Áo sơ mi,M,Trắng,2,329000,06/02/2026
HD01337,7af62054-cb7c-43d5-8a7a-f6de97b8440d,Blazer Nữ Công Sở Premium,Blazer,L,Trắng,1,820000,06/02/2026
HD01337,2d01e356-ac67-4d6f-83ce-e2c9ad89a55d,Quần Tây Nữ Ống Suông,Quần,L,Đen,1,459000,06/02/2026
HD01338,c9e6150b-fdf6-4a91-8f2c-d8bab75b9f2b,Hoodie Unisex Local Brand Cực Chất,Áo khoác,L,Nâu,2,399000,14/04/2026
HD01338,b8a6d3f1-ad5c-4c5b-adf9-7e766ed462a5,Nón Bucket Unisex Vải Kaki Trơn,Nón,Free Size,Đen,2,150000,14/04/2026
HD01338,591f87ca-ccec-4d04-af4e-fe941c4ee72e,Giày Sneaker Trắng Unisex Streetwear,Giày,39,Trắng,2,650000,14/04/2026
HD01338,85f5b187-a705-4316-b553-16ca69de626b,Áo len phong cách cho nam,Áo len,L,Đen,1,789000,14/04/2026
HD01339,3dbb0578-dc6f-4fc7-b609-b0fec9796c29,Áo Thun Unisex Loang Màu Tiedye,Áo thun,M,Đen,2,210000,24/10/2025
HD01339,591f87ca-ccec-4d04-af4e-fe941c4ee72e,Giày Sneaker Trắng Unisex Streetwear,Giày,42,Trắng,1,650000,24/10/2025
HD01339,220243e7-0f72-4253-9861-6ff08f57a586,Áo Len Nam Form Rộng,Áo len,L,Xám,1,559000,24/10/2025
HD01340,4ef3b541-6c86-4287-8090-28809b3559fe,Giày Chạy Bộ Nam Running Sport,Giày,42,Đen,2,790000,04/03/2026
HD01340,75a19ddc-3ed9-45f0-9578-73b1935b5ad4,Áo Thun Unisex Oversize Cotton,Áo thun,M,Xám,2,199000,04/03/2026
HD01340,99f07ede-2b19-4f58-949e-3c20b4da9416,Nón Snapback Unisex Streetwear,Nón,Free Size,Xám,1,220000,04/03/2026
HD01341,12c3c23d-b26f-4090-b661-3e330f928a84,Nón Thể Thao Unisex,Nón,Free Size,Trắng,1,160000,16/01/2025
HD01341,4ef3b541-6c86-4287-8090-28809b3559fe,Giày Chạy Bộ Nam Running Sport,Giày,42,Đen,1,790000,16/01/2025
HD01341,e6f18dbb-acb7-46bb-a116-d6111d7b40f8,Quần Jogger Nam Thể Thao Nỉ,Quần,L,Xám,2,320000,16/01/2025
HD01342,409dbb70-64f9-445d-b146-33a6ba02b819,Váy Nữ Dự Tiệc Trễ Vai Sang Chảnh,Váy,L,Đỏ,2,690000,20/08/2025
HD01342,c36ca838-024f-462b-b202-e125f17c3a90,Áo Body Nữ Tay Dài Ôm Sát,Áo body,M,Đen,2,299000,20/08/2025
HD01342,b3d420d4-d451-4c61-bd20-6636b4973e09,Cardigan Nữ Len Dệt Kim Kem,Cardigan,L,Be,1,499000,20/08/2025
HD01343,43d6febf-f863-4841-9ca6-94f3edbcb83a,Giày Búp Bê Nữ Da Mềm Mại,Giày,35,Trắng,1,350000,24/01/2025
HD01343,d15def0c-3a31-492a-ac97-382525c2218a,Áo Sweater Unisex Trơn Basic,Áo khoác,L,Nâu,2,320000,24/01/2025
HD01343,33732f38-6563-44e9-a85f-09fcdda0aa6f,Blazer Nữ Dáng Ngắn Thời Thượng,Blazer,M,Be,2,790000,24/01/2025
HD01343,45cc86fe-2abb-4420-8516-4718ae1f9990,Cardigan Nữ Oversize,Cardigan,M,Nâu,2,459000,24/01/2025
HD01343,9339978c-7737-41bc-b043-029aeb186aac,Áo Polo Nam Basic,Áo thun,M,Trắng,1,279000,24/01/2025
HD01344,db900625-f6c9-41e1-a4eb-2042fcd9496f,Giày Cao Gót Nữ Đế Nhọn Công Sở,Giày,35,Trắng,1,490000,30/10/2025
HD01344,409dbb70-64f9-445d-b146-33a6ba02b819,Váy Nữ Dự Tiệc Trễ Vai Sang Chảnh,Váy,S,Đỏ,1,690000,30/10/2025
HD01344,c36ca838-024f-462b-b202-e125f17c3a90,Áo Body Nữ Tay Dài Ôm Sát,Áo body,M,Đen,2,299000,30/10/2025
HD01345,cc14f38d-1c5d-44e4-a577-c2add0a1b47e,Áo Sơ Mi Nữ Linen Kem,Áo sơ mi,L,Be,2,359000,24/03/2025
HD01345,47321475-4386-4cf5-8b77-af01547cd204,Quần Baggy Nữ Hàn Quốc,Quần,XL,Đen,1,429000,24/03/2025
HD01345,b3d420d4-d451-4c61-bd20-6636b4973e09,Cardigan Nữ Len Dệt Kim Kem,Cardigan,L,Be,1,499000,24/03/2025
HD01346,bf8bb740-6ff2-40aa-b164-ac144119c781,Giày Tây Nam Derby Lịch Lãm,Giày,41,Xám,1,990000,10/08/2025
HD01346,773638cb-7eea-46c3-8af4-3bce1ecb5dd2,Áo Polo Nam Công Sở Premium,Áo thun,S,Xanh Navy,2,350000,10/08/2025
HD01346,7a707f6c-7a4b-4392-80c8-475eb6eb4bc8,Quần Tây Nam Lịch Lãm Công Sở,Quần,31,Đen,2,489000,10/08/2025
HD01347,00ea76e6-8a78-4510-9aa1-8c8d3f1e0ea4,Áo Body Nữ Cổ Vuông,Áo body,L,Hồng,2,329000,19/02/2026
HD01347,b518aad8-1fbb-4d46-bc3c-1e531b3b1a8d,Áo Thun Nam Trơn Cổ Tròn,Áo thun,XL,Trắng,1,150000,19/02/2026
HD01347,0e0448a2-c2bd-4e80-b627-8787750e4656,Áo Sơ Mi Nam Caro,Áo sơ mi,M,Đỏ,2,299000,19/02/2026
HD01348,2d01e356-ac67-4d6f-83ce-e2c9ad89a55d,Quần Tây Nữ Ống Suông,Quần,S,Đen,1,459000,23/07/2025
HD01348,1d8256e6-c737-4a4c-86b9-b28f0c3112eb,Áo Sơ Mi Nữ Oxford Trắng,Áo sơ mi,S,Trắng,1,329000,23/07/2025
HD01349,3ef4444d-e48a-41d7-aca5-dff0114fd772,Váy Công Sở Nữ,Váy,M,Đen,2,390000,27/11/2025
HD01349,41ba1486-c8ed-42ba-8e21-a7baaaf113a7,Quần Short Nữ,Quần,M,Xanh,1,259000,27/11/2025
HD01350,b8a6d3f1-ad5c-4c5b-adf9-7e766ed462a5,Nón Bucket Unisex Vải Kaki Trơn,Nón,Free Size,Đen,2,150000,18/09/2025
HD01350,591f87ca-ccec-4d04-af4e-fe941c4ee72e,Giày Sneaker Trắng Unisex Streetwear,Giày,42,Trắng,2,650000,18/09/2025
HD01351,1d9f44d7-0657-47ec-baf9-659b9bfe2f6d,Áo Len Nam Cổ Lọ Ấm Áp,Áo len,M,Đen,2,520000,28/06/2025
HD01351,bb06c357-8eb3-4ffe-a765-1307de4e19eb,Mũ Len Unisex Mùa Đông Ấm Áp,Nón,Free Size,Xám,2,150000,28/06/2025
HD01352,12c3c23d-b26f-4090-b661-3e330f928a84,Nón Thể Thao Unisex,Nón,Free Size,Trắng,1,160000,04/05/2025
HD01352,4ef3b541-6c86-4287-8090-28809b3559fe,Giày Chạy Bộ Nam Running Sport,Giày,40,Đen,1,790000,04/05/2025
HD01353,80fca8d2-8d12-40fd-aaf6-6c3e0e0d49ea,Cardigan Nữ Len Mỏng,Cardigan,S,Kem,2,399000,21/01/2026
HD01353,2abe7389-f13b-422a-b6f1-a2c95273e319,Sandal Unisex Dây Chéo Học Sinh,Giày,40,Đen,1,250000,21/01/2026
HD01353,b9cffddd-aa22-47ea-b376-34ad81004eed,Blazer Nữ Công Sở,Blazer,M,Trắng,1,820000,21/01/2026
HD01353,01a62d8d-11a8-4f0e-95c8-28324f5438b6,Áo Body Nữ Basic Cổ Lọ,Áo body,S,Trắng,1,269000,21/01/2026
HD01354,409dbb70-64f9-445d-b146-33a6ba02b819,Váy Nữ Dự Tiệc Trễ Vai Sang Chảnh,Váy,L,Đỏ,1,690000,07/05/2025
HD01354,db900625-f6c9-41e1-a4eb-2042fcd9496f,Giày Cao Gót Nữ Đế Nhọn Công Sở,Giày,37,Trắng,1,490000,07/05/2025
HD01355,8211c7e6-49da-422e-8c8e-61bf0288e356,Áo Thun Nam Oversize Cực Chất,Áo thun,XL,Đen,2,220000,26/11/2025
HD01355,99f07ede-2b19-4f58-949e-3c20b4da9416,Nón Snapback Unisex Streetwear,Nón,Free Size,Xám,1,220000,26/11/2025
HD01355,b9070ded-f7bb-4ae7-8384-31f433f188c1,Quần Jogger Nam Kaki Túi Hộp,Quần,L,Đen,1,350000,26/11/2025
HD01356,d15def0c-3a31-492a-ac97-382525c2218a,Áo Sweater Unisex Trơn Basic,Áo khoác,L,Nâu,2,320000,10/10/2025
HD01356,ca7585c8-ddbf-4d1d-a666-37a7b963d906,Balo Unisex Thời Trang Chống Nước,Nón,Free Size,Trắng,1,450000,10/10/2025
HD01356,d687bdc0-7bd2-4fb3-b157-ef8d3c1b2135,Quần Jogger Unisex Nỉ Basic,Quần,M,Xám,1,280000,10/10/2025
HD01357,2d01e356-ac67-4d6f-83ce-e2c9ad89a55d,Quần Tây Nữ Ống Suông,Quần,M,Đen,1,459000,10/03/2026
HD01357,1d8256e6-c737-4a4c-86b9-b28f0c3112eb,Áo Sơ Mi Nữ Oxford Trắng,Áo sơ mi,S,Trắng,2,329000,10/03/2026
HD01357,7af62054-cb7c-43d5-8a7a-f6de97b8440d,Blazer Nữ Công Sở Premium,Blazer,L,Trắng,2,820000,10/03/2026
HD01358,7a707f6c-7a4b-4392-80c8-475eb6eb4bc8,Quần Tây Nam Lịch Lãm Công Sở,Quần,30,Đen,1,489000,17/06/2025
HD01358,773638cb-7eea-46c3-8af4-3bce1ecb5dd2,Áo Polo Nam Công Sở Premium,Áo thun,M,Xanh Navy,1,350000,17/06/2025
HD01358,bf8bb740-6ff2-40aa-b164-ac144119c781,Giày Tây Nam Derby Lịch Lãm,Giày,40,Xám,2,990000,17/06/2025
HD01359,c9e6150b-fdf6-4a91-8f2c-d8bab75b9f2b,Hoodie Unisex Local Brand Cực Chất,Áo khoác,L,Nâu,2,399000,03/12/2025
HD01359,591f87ca-ccec-4d04-af4e-fe941c4ee72e,Giày Sneaker Trắng Unisex Streetwear,Giày,38,Trắng,1,650000,03/12/2025
HD01359,b8a6d3f1-ad5c-4c5b-adf9-7e766ed462a5,Nón Bucket Unisex Vải Kaki Trơn,Nón,Free Size,Đen,2,150000,03/12/2025
HD01360,cc14f38d-1c5d-44e4-a577-c2add0a1b47e,Áo Sơ Mi Nữ Linen Kem,Áo sơ mi,L,Be,2,359000,13/02/2025
HD01360,47321475-4386-4cf5-8b77-af01547cd204,Quần Baggy Nữ Hàn Quốc,Quần,S,Đen,1,429000,13/02/2025
HD01360,b3d420d4-d451-4c61-bd20-6636b4973e09,Cardigan Nữ Len Dệt Kim Kem,Cardigan,L,Be,1,499000,13/02/2025
HD01361,773638cb-7eea-46c3-8af4-3bce1ecb5dd2,Áo Polo Nam Công Sở Premium,Áo thun,XXL,Xanh Navy,2,350000,01/05/2026
HD01361,bf8bb740-6ff2-40aa-b164-ac144119c781,Giày Tây Nam Derby Lịch Lãm,Giày,42,Xám,1,990000,01/05/2026
HD01362,12c3c23d-b26f-4090-b661-3e330f928a84,Nón Thể Thao Unisex,Nón,Free Size,Trắng,1,160000,12/05/2026
HD01362,4ef3b541-6c86-4287-8090-28809b3559fe,Giày Chạy Bộ Nam Running Sport,Giày,43,Đen,1,790000,12/05/2026
HD01363,6f18cc28-04f2-411d-8e77-8735933ad66c,Nón Lưỡi Trai Unisex Thêu Chữ,Nón,Free Size,Trắng,1,120000,28/05/2025
HD01363,81735139-02ec-4da6-aa6b-74780cb71167,Áo Sơ Mi Nữ Voan Lụa Công Sở,Áo sơ mi,M,Trắng,1,380000,28/05/2025
HD01363,e7988e60-9056-472a-b914-5ab26da5917c,Quần Jeans Nam Rách Gối Streetwear,Quần,30,Xanh nhạt,2,599000,28/05/2025
HD01363,fb99d5a6-90f1-4a0e-931d-e0f87e9f92e9,Áo Body Nữ Basic,Áo body,M,Trắng,1,269000,28/05/2025
HD01364,ca7585c8-ddbf-4d1d-a666-37a7b963d906,Balo Unisex Thời Trang Chống Nước,Nón,Free Size,Trắng,1,450000,12/05/2026
HD01364,d15def0c-3a31-492a-ac97-382525c2218a,Áo Sweater Unisex Trơn Basic,Áo khoác,L,Nâu,1,320000,12/05/2026
HD01364,d687bdc0-7bd2-4fb3-b157-ef8d3c1b2135,Quần Jogger Unisex Nỉ Basic,Quần,XL,Xám,2,280000,12/05/2026
HD01365,ca7585c8-ddbf-4d1d-a666-37a7b963d906,Balo Unisex Thời Trang Chống Nước,Nón,Free Size,Trắng,2,450000,05/02/2026
HD01365,d15def0c-3a31-492a-ac97-382525c2218a,Áo Sweater Unisex Trơn Basic,Áo khoác,L,Nâu,1,320000,05/02/2026
HD01365,f79701c0-468d-45ca-a063-f2c32fead22e,Áo Polo Nam Basic,Áo thun,S,Xanh Navy,2,279000,05/02/2026
HD01366,f79701c0-468d-45ca-a063-f2c32fead22e,Áo Polo Nam Basic,Áo thun,XL,Xanh Navy,1,279000,23/10/2025
HD01366,591f87ca-ccec-4d04-af4e-fe941c4ee72e,Giày Sneaker Trắng Unisex Streetwear,Giày,39,Trắng,1,650000,23/10/2025
HD01367,cc14f38d-1c5d-44e4-a577-c2add0a1b47e,Áo Sơ Mi Nữ Linen Kem,Áo sơ mi,S,Be,1,359000,11/01/2025
HD01367,47321475-4386-4cf5-8b77-af01547cd204,Quần Baggy Nữ Hàn Quốc,Quần,L,Đen,1,429000,11/01/2025
HD01368,409dbb70-64f9-445d-b146-33a6ba02b819,Váy Nữ Dự Tiệc Trễ Vai Sang Chảnh,Váy,S,Đỏ,1,690000,22/09/2025
HD01368,c36ca838-024f-462b-b202-e125f17c3a90,Áo Body Nữ Tay Dài Ôm Sát,Áo body,S,Đen,2,299000,22/09/2025
HD01368,db900625-f6c9-41e1-a4eb-2042fcd9496f,Giày Cao Gót Nữ Đế Nhọn Công Sở,Giày,36,Trắng,1,490000,22/09/2025
HD01369,f79701c0-468d-45ca-a063-f2c32fead22e,Áo Polo Nam Basic,Áo thun,S,Xanh Navy,2,279000,24/08/2025
HD01369,565df8e7-d30d-4935-a0a2-bcd5ab5bf4a2,Quần Jeans Nam Slimfit Đen,Quần,31,Đen,1,549000,24/08/2025
HD01369,591f87ca-ccec-4d04-af4e-fe941c4ee72e,Giày Sneaker Trắng Unisex Streetwear,Giày,40,Trắng,1,650000,24/08/2025
HD01370,591f87ca-ccec-4d04-af4e-fe941c4ee72e,Giày Sneaker Trắng Unisex Streetwear,Giày,39,Trắng,2,650000,16/02/2025
HD01370,fbf0bc5c-dbfc-4b4a-9648-0be35b76943f,Quần Jogger Unisex Kaki Túi Hộp,Quần,M,Đen,1,320000,16/02/2025
HD01370,7af62054-cb7c-43d5-8a7a-f6de97b8440d,Blazer Nữ Công Sở Premium,Blazer,M,Trắng,1,820000,16/02/2025
HD01371,e6f18dbb-acb7-46bb-a116-d6111d7b40f8,Quần Jogger Nam Thể Thao Nỉ,Quần,M,Xám,1,320000,11/07/2025
HD01371,4ef3b541-6c86-4287-8090-28809b3559fe,Giày Chạy Bộ Nam Running Sport,Giày,43,Đen,1,790000,11/07/2025
HD01371,12c3c23d-b26f-4090-b661-3e330f928a84,Nón Thể Thao Unisex,Nón,Free Size,Trắng,1,160000,11/07/2025
HD01371,fb99d5a6-90f1-4a0e-931d-e0f87e9f92e9,Áo Body Nữ Basic,Áo body,S,Trắng,2,269000,11/07/2025
HD01372,e9b18016-ac13-4aa7-8e3b-9df31db133d7,Váy Tennis Nữ,Váy,M,Trắng,1,280000,26/01/2026
HD01372,cda0d51d-8c0e-423b-a4de-8d22cec903bf,Thắt Lưng Da Nữ Khóa Tròn Cổ Điển,Nón,Free Size,Trắng,2,250000,26/01/2026
HD01373,1d9f44d7-0657-47ec-baf9-659b9bfe2f6d,Áo Len Nam Cổ Lọ Ấm Áp,Áo len,L,Đen,2,520000,10/02/2026
HD01373,0f6632d3-5cf7-42d2-9157-f13f0084a634,Áo Khoác Nam Denim Classic,Áo khoác,M,Xanh,1,550000,10/02/2026
HD01373,b73fb852-1dd9-4829-86c6-c6c6f6ca7b73,Túi Tote Vải Unisex Tiện Lợi,Nón,Free Size,Trắng,1,120000,10/02/2026
HD01374,1571231f-22cc-4ac1-94b1-c01fcb332ed7,Túi Bao Tử Unisex Chống Nước,Nón,Free Size,Navy,2,220000,08/12/2025
HD01374,2840661b-b758-4365-9ddb-51837e109ce7,Áo Thun Nam Local Brand,Áo thun,S,Trắng,2,199000,08/12/2025
HD01374,7a707f6c-7a4b-4392-80c8-475eb6eb4bc8,Quần Tây Nam Lịch Lãm Công Sở,Quần,30,Đen,2,489000,08/12/2025
HD01375,99f07ede-2b19-4f58-949e-3c20b4da9416,Nón Snapback Unisex Streetwear,Nón,Free Size,Xám,1,220000,25/03/2026
HD01375,8211c7e6-49da-422e-8c8e-61bf0288e356,Áo Thun Nam Oversize Cực Chất,Áo thun,L,Đen,2,220000,25/03/2026
HD01376,d687bdc0-7bd2-4fb3-b157-ef8d3c1b2135,Quần Jogger Unisex Nỉ Basic,Quần,L,Xám,2,280000,05/01/2025
HD01376,d15def0c-3a31-492a-ac97-382525c2218a,Áo Sweater Unisex Trơn Basic,Áo khoác,M,Nâu,2,320000,05/01/2025
HD01377,db900625-f6c9-41e1-a4eb-2042fcd9496f,Giày Cao Gót Nữ Đế Nhọn Công Sở,Giày,36,Trắng,2,490000,15/11/2025
HD01377,c36ca838-024f-462b-b202-e125f17c3a90,Áo Body Nữ Tay Dài Ôm Sát,Áo body,M,Đen,2,299000,15/11/2025
HD01377,409dbb70-64f9-445d-b146-33a6ba02b819,Váy Nữ Dự Tiệc Trễ Vai Sang Chảnh,Váy,M,Đỏ,1,690000,15/11/2025
HD01378,bb06c357-8eb3-4ffe-a765-1307de4e19eb,Mũ Len Unisex Mùa Đông Ấm Áp,Nón,Free Size,Xám,2,150000,01/01/2026
HD01378,1d9f44d7-0657-47ec-baf9-659b9bfe2f6d,Áo Len Nam Cổ Lọ Ấm Áp,Áo len,M,Đen,2,520000,01/01/2026
HD01378,0f6632d3-5cf7-42d2-9157-f13f0084a634,Áo Khoác Nam Denim Classic,Áo khoác,L,Xanh,1,550000,01/01/2026
HD01378,99f07ede-2b19-4f58-949e-3c20b4da9416,Nón Snapback Unisex Streetwear,Nón,Free Size,Xám,2,220000,01/01/2026
HD01379,1d8256e6-c737-4a4c-86b9-b28f0c3112eb,Áo Sơ Mi Nữ Oxford Trắng,Áo sơ mi,L,Trắng,1,329000,03/12/2025
HD01379,2d01e356-ac67-4d6f-83ce-e2c9ad89a55d,Quần Tây Nữ Ống Suông,Quần,L,Đen,2,459000,03/12/2025
HD01379,7af62054-cb7c-43d5-8a7a-f6de97b8440d,Blazer Nữ Công Sở Premium,Blazer,S,Trắng,2,820000,03/12/2025
HD01380,c9abc8f4-c333-4a02-9fdb-0a7346bdc75f,Váy Nữ Hoa Nhí Dáng A,Váy,M,Hồng,1,390000,29/04/2025
HD01380,0d2d0b09-60dc-474a-a0d4-d49689e230b8,Quần Jeans Nữ Ống Rộng Culottes,Quần,S,Kem,2,529000,29/04/2025
HD01380,c36ca838-024f-462b-b202-e125f17c3a90,Áo Body Nữ Tay Dài Ôm Sát,Áo body,S,Đen,1,299000,29/04/2025
HD01380,d756eba2-7d66-4274-b91e-a18e6827f867,Giày Boot Da Nam Chelsea Lịch Lãm,Giày,42,Xám,1,1100000,29/04/2025
HD01381,206646b2-8c77-4e51-b71d-a942c17cbc4b,Quần Short Unisex Dù Gió,Quần,M,Xanh,2,150000,18/08/2025
HD01381,1571231f-22cc-4ac1-94b1-c01fcb332ed7,Túi Bao Tử Unisex Chống Nước,Nón,Free Size,Navy,1,220000,18/08/2025
HD01381,16685b4a-ab63-4a1f-ab9f-b4255995921e,Blazer Nữ Basic,Blazer,M,Be,1,720000,18/08/2025
HD01381,dda95a07-c578-4e4d-a707-ee9fa4ee14cc,Áo Len Nam Dệt Kim,Áo len,M,Trắng,2,469000,18/08/2025
HD01381,8a7e2af6-1dec-44a6-bf40-5c5c403abe8c,Áo Sơ Mi Nam Vải Oxford Trắng,Áo sơ mi,M,Trắng,2,320000,18/08/2025
HD01382,8211c7e6-49da-422e-8c8e-61bf0288e356,Áo Thun Nam Oversize Cực Chất,Áo thun,XL,Đen,2,220000,10/01/2026
HD01382,99f07ede-2b19-4f58-949e-3c20b4da9416,Nón Snapback Unisex Streetwear,Nón,Free Size,Xám,2,220000,10/01/2026
HD01382,b9070ded-f7bb-4ae7-8384-31f433f188c1,Quần Jogger Nam Kaki Túi Hộp,Quần,L,Đen,1,350000,10/01/2026
HD01382,31c0b020-668f-4c1e-aa4b-e58b7ea7da0f,Nón Lưỡi Trai Basic Unisex,Nón,FreeSize,Trắng,1,120000,10/01/2026
HD01383,cda0d51d-8c0e-423b-a4de-8d22cec903bf,Thắt Lưng Da Nữ Khóa Tròn Cổ Điển,Nón,Free Size,Trắng,2,250000,11/03/2026
HD01383,6217de90-58f8-4c3f-99e7-59c09b50f42d,Áo Khoác Nam Denim,Áo khoác,L,Xanh,2,559000,11/03/2026
HD01383,93c3d112-b724-48cb-bee5-b2dcef7f1d55,Áo Khoác Gió Unisex Thể Thao,Áo khoác,L,Đen,1,350000,11/03/2026
HD01383,f44172da-7e3c-467e-8c19-187fcb7ae23a,Áo Hoodie Unisex Zip Tiện Lợi,Áo khoác,M,Đen,2,420000,11/03/2026
HD01383,57d427ce-2cb0-4659-b346-22ed27f9bafa,Quần Baggy Nữ,Quần,L,Đen,2,429000,11/03/2026
HD01384,1d8256e6-c737-4a4c-86b9-b28f0c3112eb,Áo Sơ Mi Nữ Oxford Trắng,Áo sơ mi,L,Trắng,1,329000,15/03/2025
HD01384,2d01e356-ac67-4d6f-83ce-e2c9ad89a55d,Quần Tây Nữ Ống Suông,Quần,S,Đen,2,459000,15/03/2025
HD01384,773638cb-7eea-46c3-8af4-3bce1ecb5dd2,Áo Polo Nam Công Sở Premium,Áo thun,XXL,Xanh Navy,2,350000,15/03/2025
HD01385,7a707f6c-7a4b-4392-80c8-475eb6eb4bc8,Quần Tây Nam Lịch Lãm Công Sở,Quần,31,Đen,1,489000,11/03/2025
HD01385,bf8bb740-6ff2-40aa-b164-ac144119c781,Giày Tây Nam Derby Lịch Lãm,Giày,42,Xám,1,990000,11/03/2025
HD01385,773638cb-7eea-46c3-8af4-3bce1ecb5dd2,Áo Polo Nam Công Sở Premium,Áo thun,L,Xanh Navy,1,350000,11/03/2025
HD01386,b8a6d3f1-ad5c-4c5b-adf9-7e766ed462a5,Nón Bucket Unisex Vải Kaki Trơn,Nón,Free Size,Đen,2,150000,01/06/2025
HD01386,591f87ca-ccec-4d04-af4e-fe941c4ee72e,Giày Sneaker Trắng Unisex Streetwear,Giày,41,Trắng,2,650000,01/06/2025
HD01387,b9070ded-f7bb-4ae7-8384-31f433f188c1,Quần Jogger Nam Kaki Túi Hộp,Quần,XL,Đen,2,350000,03/03/2026
HD01387,de2469aa-98bb-4048-b2d6-ca06feaff0f9,Ví Da Unisex Đựng Thẻ Tiện Lợi,Nón,Free Size,Navy,2,190000,03/03/2026
HD01387,16685b4a-ab63-4a1f-ab9f-b4255995921e,Blazer Nữ Basic,Blazer,L,Be,2,720000,03/03/2026
HD01387,6217de90-58f8-4c3f-99e7-59c09b50f42d,Áo Khoác Nam Denim,Áo khoác,XL,Xanh,1,559000,03/03/2026
HD01388,3dbb0578-dc6f-4fc7-b609-b0fec9796c29,Áo Thun Unisex Loang Màu Tiedye,Áo thun,XL,Đen,2,210000,25/07/2025
HD01388,2aad4182-f5b2-4e66-a70b-32fe3626ae38,Nón Bucket Basic Unisex,Nón,Free Size,Đen,1,180000,25/07/2025
HD01388,1d9f44d7-0657-47ec-baf9-659b9bfe2f6d,Áo Len Nam Cổ Lọ Ấm Áp,Áo len,XL,Đen,1,520000,25/07/2025
HD01389,99f07ede-2b19-4f58-949e-3c20b4da9416,Nón Snapback Unisex Streetwear,Nón,Free Size,Xám,2,220000,29/04/2026
HD01389,b9070ded-f7bb-4ae7-8384-31f433f188c1,Quần Jogger Nam Kaki Túi Hộp,Quần,L,Đen,1,350000,29/04/2026
HD01389,8211c7e6-49da-422e-8c8e-61bf0288e356,Áo Thun Nam Oversize Cực Chất,Áo thun,XL,Đen,2,220000,29/04/2026
HD01390,d15def0c-3a31-492a-ac97-382525c2218a,Áo Sweater Unisex Trơn Basic,Áo khoác,M,Nâu,2,320000,31/03/2026
HD01390,ca7585c8-ddbf-4d1d-a666-37a7b963d906,Balo Unisex Thời Trang Chống Nước,Nón,Free Size,Trắng,1,450000,31/03/2026
HD01390,d687bdc0-7bd2-4fb3-b157-ef8d3c1b2135,Quần Jogger Unisex Nỉ Basic,Quần,L,Xám,1,280000,31/03/2026
HD01391,ca7585c8-ddbf-4d1d-a666-37a7b963d906,Balo Unisex Thời Trang Chống Nước,Nón,Free Size,Trắng,2,450000,13/10/2025
HD01391,e0f136c6-62be-4f5c-a912-54349bbee80a,Chân Váy Nữ Midi Xếp Ly,Váy,L,Đen,1,320000,13/10/2025
HD01391,3d8984b4-57a3-4d52-913c-2a11d9222ede,Áo Thun Nam Basic,Áo thun,S,Trắng,2,199000,13/10/2025
HD01391,3ffeadc2-56cb-4267-a02b-00fc51a7a1b2,Áo Khoác Bomber Unisex Da Lộn,Áo khoác,XL,Đen,2,599000,13/10/2025
HD01392,bf8bb740-6ff2-40aa-b164-ac144119c781,Giày Tây Nam Derby Lịch Lãm,Giày,40,Xám,2,990000,25/07/2025
HD01392,773638cb-7eea-46c3-8af4-3bce1ecb5dd2,Áo Polo Nam Công Sở Premium,Áo thun,XXL,Xanh Navy,1,350000,25/07/2025
HD01392,7a707f6c-7a4b-4392-80c8-475eb6eb4bc8,Quần Tây Nam Lịch Lãm Công Sở,Quần,30,Đen,2,489000,25/07/2025
HD01392,020a480f-a235-4103-9eaf-f34d0cff36ed,Quần Jeans Nữ Skinny,Quần,M,Xanh,2,489000,25/07/2025
HD01393,409dbb70-64f9-445d-b146-33a6ba02b819,Váy Nữ Dự Tiệc Trễ Vai Sang Chảnh,Váy,L,Đỏ,1,690000,07/02/2025
HD01393,c36ca838-024f-462b-b202-e125f17c3a90,Áo Body Nữ Tay Dài Ôm Sát,Áo body,L,Đen,1,299000,07/02/2025
HD01394,d687bdc0-7bd2-4fb3-b157-ef8d3c1b2135,Quần Jogger Unisex Nỉ Basic,Quần,L,Xám,2,280000,01/01/2026
HD01394,d15def0c-3a31-492a-ac97-382525c2218a,Áo Sweater Unisex Trơn Basic,Áo khoác,M,Nâu,1,320000,01/01/2026
HD01394,ca7585c8-ddbf-4d1d-a666-37a7b963d906,Balo Unisex Thời Trang Chống Nước,Nón,Free Size,Trắng,1,450000,01/01/2026
HD01395,565df8e7-d30d-4935-a0a2-bcd5ab5bf4a2,Quần Jeans Nam Slimfit Đen,Quần,30,Đen,1,549000,04/02/2025
HD01395,f79701c0-468d-45ca-a063-f2c32fead22e,Áo Polo Nam Basic,Áo thun,M,Xanh Navy,1,279000,04/02/2025
HD01395,591f87ca-ccec-4d04-af4e-fe941c4ee72e,Giày Sneaker Trắng Unisex Streetwear,Giày,42,Trắng,1,650000,04/02/2025
HD01396,bb06c357-8eb3-4ffe-a765-1307de4e19eb,Mũ Len Unisex Mùa Đông Ấm Áp,Nón,Free Size,Xám,1,150000,14/06/2025
HD01396,0f6632d3-5cf7-42d2-9157-f13f0084a634,Áo Khoác Nam Denim Classic,Áo khoác,XL,Xanh,1,550000,14/06/2025
HD01396,1d9f44d7-0657-47ec-baf9-659b9bfe2f6d,Áo Len Nam Cổ Lọ Ấm Áp,Áo len,M,Đen,1,520000,14/06/2025
HD01397,773638cb-7eea-46c3-8af4-3bce1ecb5dd2,Áo Polo Nam Công Sở Premium,Áo thun,L,Xanh Navy,1,350000,28/03/2026
HD01397,7a707f6c-7a4b-4392-80c8-475eb6eb4bc8,Quần Tây Nam Lịch Lãm Công Sở,Quần,29,Đen,2,489000,28/03/2026
HD01397,d15def0c-3a31-492a-ac97-382525c2218a,Áo Sweater Unisex Trơn Basic,Áo khoác,M,Nâu,1,320000,28/03/2026
HD01398,bf8bb740-6ff2-40aa-b164-ac144119c781,Giày Tây Nam Derby Lịch Lãm,Giày,41,Xám,1,990000,23/08/2025
HD01398,7a707f6c-7a4b-4392-80c8-475eb6eb4bc8,Quần Tây Nam Lịch Lãm Công Sở,Quần,31,Đen,1,489000,23/08/2025
HD01398,773638cb-7eea-46c3-8af4-3bce1ecb5dd2,Áo Polo Nam Công Sở Premium,Áo thun,XL,Xanh Navy,2,350000,23/08/2025
HD01399,2abe7389-f13b-422a-b6f1-a2c95273e319,Sandal Unisex Dây Chéo Học Sinh,Giày,39,Đen,1,250000,20/05/2025
HD01399,f05e6db1-a12e-426c-aa6d-d5e504740533,Áo Body Nữ Tay Dài,Áo body,L,Đen,1,299000,20/05/2025
HD01399,4e83e6d5-6bb8-4d62-b032-d8ffc5ee62ef,Quần Jeans Nam Ống Đứng Regular,Quần,33,Xanh đậm,1,529000,20/05/2025
HD01400,7a707f6c-7a4b-4392-80c8-475eb6eb4bc8,Quần Tây Nam Lịch Lãm Công Sở,Quần,32,Đen,2,489000,29/10/2025
HD01400,773638cb-7eea-46c3-8af4-3bce1ecb5dd2,Áo Polo Nam Công Sở Premium,Áo thun,M,Xanh Navy,1,350000,29/10/2025
HD01400,bf8bb740-6ff2-40aa-b164-ac144119c781,Giày Tây Nam Derby Lịch Lãm,Giày,40,Xám,1,990000,29/10/2025
HD01400,f05e6db1-a12e-426c-aa6d-d5e504740533,Áo Body Nữ Tay Dài,Áo body,L,Đen,1,299000,29/10/2025
HD01401,8211c7e6-49da-422e-8c8e-61bf0288e356,Áo Thun Nam Oversize Cực Chất,Áo thun,L,Đen,2,220000,11/04/2025
HD01401,99f07ede-2b19-4f58-949e-3c20b4da9416,Nón Snapback Unisex Streetwear,Nón,Free Size,Xám,2,220000,11/04/2025
HD01401,4b45ae2f-6d60-448a-85ad-61b9796446ed,Áo Thun Tay Lỡ Unisex Form Rộng,Áo thun,XL,Trắng,1,199000,11/04/2025
HD01402,773638cb-7eea-46c3-8af4-3bce1ecb5dd2,Áo Polo Nam Công Sở Premium,Áo thun,M,Xanh Navy,2,350000,16/01/2025
HD01402,bf8bb740-6ff2-40aa-b164-ac144119c781,Giày Tây Nam Derby Lịch Lãm,Giày,39,Xám,2,990000,16/01/2025
HD01403,4ef3b541-6c86-4287-8090-28809b3559fe,Giày Chạy Bộ Nam Running Sport,Giày,43,Đen,2,790000,17/07/2025
HD01403,e6f18dbb-acb7-46bb-a116-d6111d7b40f8,Quần Jogger Nam Thể Thao Nỉ,Quần,M,Xám,2,320000,17/07/2025
HD01404,306ab081-eb9c-4df5-8b30-1f55f1daa354,Quần Kaki Nam Short Casual,Quần,L,Đen,2,249000,20/03/2025
HD01404,92f492fc-802a-4e3f-9110-cedb91786563,Áo Sơ Mi Nữ Công Sở,Áo sơ mi,XL,Trắng,1,299000,20/03/2025
HD01404,03b22bfb-54c3-42d4-b00d-f03c542dacb4,Áo Polo Nam Sọc Ngang,Áo thun,M,Trắng,1,289000,20/03/2025
HD01404,cc14f38d-1c5d-44e4-a577-c2add0a1b47e,Áo Sơ Mi Nữ Linen Kem,Áo sơ mi,M,Be,2,359000,20/03/2025
HD01405,12c3c23d-b26f-4090-b661-3e330f928a84,Nón Thể Thao Unisex,Nón,Free Size,Trắng,2,160000,21/07/2025
HD01405,e6f18dbb-acb7-46bb-a116-d6111d7b40f8,Quần Jogger Nam Thể Thao Nỉ,Quần,L,Xám,2,320000,21/07/2025
HD01406,bf8bb740-6ff2-40aa-b164-ac144119c781,Giày Tây Nam Derby Lịch Lãm,Giày,39,Xám,2,990000,10/05/2026
HD01406,7a707f6c-7a4b-4392-80c8-475eb6eb4bc8,Quần Tây Nam Lịch Lãm Công Sở,Quần,30,Đen,2,489000,10/05/2026
HD01407,0f6632d3-5cf7-42d2-9157-f13f0084a634,Áo Khoác Nam Denim Classic,Áo khoác,M,Xanh,2,550000,27/03/2026
HD01407,bb06c357-8eb3-4ffe-a765-1307de4e19eb,Mũ Len Unisex Mùa Đông Ấm Áp,Nón,Free Size,Xám,1,150000,27/03/2026
HD01407,1d9f44d7-0657-47ec-baf9-659b9bfe2f6d,Áo Len Nam Cổ Lọ Ấm Áp,Áo len,L,Đen,1,520000,27/03/2026
HD01408,d687bdc0-7bd2-4fb3-b157-ef8d3c1b2135,Quần Jogger Unisex Nỉ Basic,Quần,L,Xám,2,280000,10/11/2025
HD01408,d15def0c-3a31-492a-ac97-382525c2218a,Áo Sweater Unisex Trơn Basic,Áo khoác,XL,Nâu,2,320000,10/11/2025
HD01409,7af62054-cb7c-43d5-8a7a-f6de97b8440d,Blazer Nữ Công Sở Premium,Blazer,S,Trắng,1,820000,10/01/2025
HD01409,1d8256e6-c737-4a4c-86b9-b28f0c3112eb,Áo Sơ Mi Nữ Oxford Trắng,Áo sơ mi,M,Trắng,1,329000,10/01/2025
HD01409,7a707f6c-7a4b-4392-80c8-475eb6eb4bc8,Quần Tây Nam Lịch Lãm Công Sở,Quần,30,Đen,2,489000,10/01/2025
HD01410,bf8bb740-6ff2-40aa-b164-ac144119c781,Giày Tây Nam Derby Lịch Lãm,Giày,41,Xám,1,990000,29/04/2026
HD01410,773638cb-7eea-46c3-8af4-3bce1ecb5dd2,Áo Polo Nam Công Sở Premium,Áo thun,XXL,Xanh Navy,1,350000,29/04/2026
HD01410,7a707f6c-7a4b-4392-80c8-475eb6eb4bc8,Quần Tây Nam Lịch Lãm Công Sở,Quần,32,Đen,1,489000,29/04/2026
HD01410,00cd794a-d248-4ee5-82bc-6f47e4552024,Giày Thể Thao Unisex Chunky,Giày,41,Trắng,1,850000,29/04/2026
HD01411,2d01e356-ac67-4d6f-83ce-e2c9ad89a55d,Quần Tây Nữ Ống Suông,Quần,M,Đen,2,459000,08/11/2025
HD01411,7af62054-cb7c-43d5-8a7a-f6de97b8440d,Blazer Nữ Công Sở Premium,Blazer,S,Trắng,1,820000,08/11/2025
HD01412,0f6632d3-5cf7-42d2-9157-f13f0084a634,Áo Khoác Nam Denim Classic,Áo khoác,M,Xanh,2,550000,22/08/2025
HD01412,1d9f44d7-0657-47ec-baf9-659b9bfe2f6d,Áo Len Nam Cổ Lọ Ấm Áp,Áo len,XL,Đen,2,520000,22/08/2025
HD01413,47321475-4386-4cf5-8b77-af01547cd204,Quần Baggy Nữ Hàn Quốc,Quần,S,Đen,1,429000,07/04/2025
HD01413,b3d420d4-d451-4c61-bd20-6636b4973e09,Cardigan Nữ Len Dệt Kim Kem,Cardigan,L,Be,1,499000,07/04/2025
HD01414,d15def0c-3a31-492a-ac97-382525c2218a,Áo Sweater Unisex Trơn Basic,Áo khoác,XL,Nâu,1,320000,29/03/2026
HD01414,d687bdc0-7bd2-4fb3-b157-ef8d3c1b2135,Quần Jogger Unisex Nỉ Basic,Quần,L,Xám,2,280000,29/03/2026
HD01415,591f87ca-ccec-4d04-af4e-fe941c4ee72e,Giày Sneaker Trắng Unisex Streetwear,Giày,38,Trắng,1,650000,11/08/2025
HD01415,565df8e7-d30d-4935-a0a2-bcd5ab5bf4a2,Quần Jeans Nam Slimfit Đen,Quần,31,Đen,2,549000,11/08/2025
HD01415,3ffeadc2-56cb-4267-a02b-00fc51a7a1b2,Áo Khoác Bomber Unisex Da Lộn,Áo khoác,L,Đen,2,599000,11/08/2025
HD01416,2d01e356-ac67-4d6f-83ce-e2c9ad89a55d,Quần Tây Nữ Ống Suông,Quần,S,Đen,1,459000,31/07/2025
HD01416,1d8256e6-c737-4a4c-86b9-b28f0c3112eb,Áo Sơ Mi Nữ Oxford Trắng,Áo sơ mi,M,Trắng,2,329000,31/07/2025
HD01417,52d573b6-f538-4651-9496-600f187e26cc,Cardigan Nữ Form Rộng Thêu Hoa,Cardigan,M,Nâu,1,480000,18/04/2026
HD01417,1d99fb01-0c7c-4f56-86b7-e573663b11e2,Áo Thun Nam Oversize Streetwear,Áo thun,L,Đen,2,239000,18/04/2026
HD01418,ca7585c8-ddbf-4d1d-a666-37a7b963d906,Balo Unisex Thời Trang Chống Nước,Nón,Free Size,Trắng,1,450000,15/01/2025
HD01418,d15def0c-3a31-492a-ac97-382525c2218a,Áo Sweater Unisex Trơn Basic,Áo khoác,L,Nâu,2,320000,15/01/2025
HD01418,81735139-02ec-4da6-aa6b-74780cb71167,Áo Sơ Mi Nữ Voan Lụa Công Sở,Áo sơ mi,M,Trắng,1,380000,15/01/2025
HD01419,7a29452a-b709-4fb1-8dd9-a5d8e53fa194,Váy Nữ Dài,Váy,S,Be,1,459000,14/12/2025
HD01419,c90322dd-72a9-41d6-bbd0-c581d78ab911,Giày Sneaker Trắng Unisex,Giày,39,Trắng,1,650000,14/12/2025
HD01420,8211c7e6-49da-422e-8c8e-61bf0288e356,Áo Thun Nam Oversize Cực Chất,Áo thun,L,Đen,2,220000,31/01/2026
HD01420,99f07ede-2b19-4f58-949e-3c20b4da9416,Nón Snapback Unisex Streetwear,Nón,Free Size,Xám,1,220000,31/01/2026
HD01420,b9070ded-f7bb-4ae7-8384-31f433f188c1,Quần Jogger Nam Kaki Túi Hộp,Quần,M,Đen,1,350000,31/01/2026
HD01420,35c4d88a-3b69-47a7-933e-e5bc205c5fd5,Quần Jeans Nữ Skinny Cạp Cao,Quần,M,Xanh,2,489000,31/01/2026
HD01421,12c3c23d-b26f-4090-b661-3e330f928a84,Nón Thể Thao Unisex,Nón,Free Size,Trắng,1,160000,09/03/2025
HD01421,4ef3b541-6c86-4287-8090-28809b3559fe,Giày Chạy Bộ Nam Running Sport,Giày,41,Đen,2,790000,09/03/2025
HD01422,591f87ca-ccec-4d04-af4e-fe941c4ee72e,Giày Sneaker Trắng Unisex Streetwear,Giày,41,Trắng,1,650000,30/08/2025
HD01422,b8a6d3f1-ad5c-4c5b-adf9-7e766ed462a5,Nón Bucket Unisex Vải Kaki Trơn,Nón,Free Size,Đen,2,150000,30/08/2025
HD01423,591f87ca-ccec-4d04-af4e-fe941c4ee72e,Giày Sneaker Trắng Unisex Streetwear,Giày,41,Trắng,2,650000,13/01/2025
HD01423,c9e6150b-fdf6-4a91-8f2c-d8bab75b9f2b,Hoodie Unisex Local Brand Cực Chất,Áo khoác,M,Nâu,1,399000,13/01/2025
HD01423,b8a6d3f1-ad5c-4c5b-adf9-7e766ed462a5,Nón Bucket Unisex Vải Kaki Trơn,Nón,Free Size,Đen,2,150000,13/01/2025
HD01424,7cdfc8c2-6d7e-4c07-9981-f669040ff7a9,Áo Khoác Gió Nam Chống Nước,Áo khoác,XL,Đen,2,450000,17/05/2025
HD01424,03b22bfb-54c3-42d4-b00d-f03c542dacb4,Áo Polo Nam Sọc Ngang,Áo thun,M,Trắng,1,289000,17/05/2025
HD01424,201e6224-a601-46ee-bead-63759fec2f51,Áo Len Nam Cổ Tròn Cashmere,Áo len,L,Xám,1,650000,17/05/2025
HD01424,f905c3e5-b9ef-496a-9516-a5cd2ae75514,Áo Hoodie Unisex Basic,Áo khoác,L,Nâu,2,399000,17/05/2025
HD01424,e0f136c6-62be-4f5c-a912-54349bbee80a,Chân Váy Nữ Midi Xếp Ly,Váy,L,Đen,2,320000,17/05/2025
HD01425,12c3c23d-b26f-4090-b661-3e330f928a84,Nón Thể Thao Unisex,Nón,Free Size,Trắng,1,160000,14/03/2026
HD01425,4ef3b541-6c86-4287-8090-28809b3559fe,Giày Chạy Bộ Nam Running Sport,Giày,41,Đen,2,790000,14/03/2026
HD01425,e6f18dbb-acb7-46bb-a116-d6111d7b40f8,Quần Jogger Nam Thể Thao Nỉ,Quần,M,Xám,1,320000,14/03/2026
HD01425,e09cd3a3-73e0-468b-b718-07db41b1465d,Váy Nữ Hoa Vintage,Váy,M,Hồng,2,450000,14/03/2026
HD01426,d15def0c-3a31-492a-ac97-382525c2218a,Áo Sweater Unisex Trơn Basic,Áo khoác,XL,Nâu,2,320000,27/01/2025
HD01426,ca7585c8-ddbf-4d1d-a666-37a7b963d906,Balo Unisex Thời Trang Chống Nước,Nón,Free Size,Trắng,1,450000,27/01/2025
HD01427,12c3c23d-b26f-4090-b661-3e330f928a84,Nón Thể Thao Unisex,Nón,Free Size,Trắng,2,160000,07/02/2026
HD01427,e6f18dbb-acb7-46bb-a116-d6111d7b40f8,Quần Jogger Nam Thể Thao Nỉ,Quần,XL,Xám,2,320000,07/02/2026
HD01427,6f18cc28-04f2-411d-8e77-8735933ad66c,Nón Lưỡi Trai Unisex Thêu Chữ,Nón,Free Size,Trắng,2,120000,07/02/2026
HD01428,12c3c23d-b26f-4090-b661-3e330f928a84,Nón Thể Thao Unisex,Nón,Free Size,Trắng,1,160000,20/01/2025
HD01428,e6f18dbb-acb7-46bb-a116-d6111d7b40f8,Quần Jogger Nam Thể Thao Nỉ,Quần,XL,Xám,1,320000,20/01/2025
HD01428,4ef3b541-6c86-4287-8090-28809b3559fe,Giày Chạy Bộ Nam Running Sport,Giày,41,Đen,2,790000,20/01/2025
HD01428,52f6d247-50fb-43f7-ab47-14cc9380a683,Áo Sơ Mi Nam Cổ Tàu Casual,Áo sơ mi,L,Nâu,2,299000,20/01/2025
HD01429,b9070ded-f7bb-4ae7-8384-31f433f188c1,Quần Jogger Nam Kaki Túi Hộp,Quần,XL,Đen,2,350000,08/04/2026
HD01429,8211c7e6-49da-422e-8c8e-61bf0288e356,Áo Thun Nam Oversize Cực Chất,Áo thun,M,Đen,2,220000,08/04/2026
HD01430,bb06c357-8eb3-4ffe-a765-1307de4e19eb,Mũ Len Unisex Mùa Đông Ấm Áp,Nón,Free Size,Xám,1,150000,09/01/2025
HD01430,0f6632d3-5cf7-42d2-9157-f13f0084a634,Áo Khoác Nam Denim Classic,Áo khoác,M,Xanh,1,550000,09/01/2025
HD01430,1d9f44d7-0657-47ec-baf9-659b9bfe2f6d,Áo Len Nam Cổ Lọ Ấm Áp,Áo len,M,Đen,2,520000,09/01/2025
HD01431,0f6632d3-5cf7-42d2-9157-f13f0084a634,Áo Khoác Nam Denim Classic,Áo khoác,M,Xanh,1,550000,18/01/2026
HD01431,bb06c357-8eb3-4ffe-a765-1307de4e19eb,Mũ Len Unisex Mùa Đông Ấm Áp,Nón,Free Size,Xám,2,150000,18/01/2026
HD01432,fb99d5a6-90f1-4a0e-931d-e0f87e9f92e9,Áo Body Nữ Basic,Áo body,S,Trắng,2,269000,25/11/2025
HD01432,7a29452a-b709-4fb1-8dd9-a5d8e53fa194,Váy Nữ Dài,Váy,M,Xanh,1,459000,25/11/2025
HD01432,668c0c46-b451-49fb-a269-45e518a0a645,Quần Jeans Nam Slimfit,Quần,32,Xanh đậm,1,549000,25/11/2025
HD01432,e668318e-62fd-4730-9829-e614a2db7729,Blazer Nữ Form Rộng,Blazer,XL,Xám,2,850000,25/11/2025
HD01432,ca7585c8-ddbf-4d1d-a666-37a7b963d906,Balo Unisex Thời Trang Chống Nước,Nón,Free Size,Trắng,1,450000,25/11/2025
HD01433,b9070ded-f7bb-4ae7-8384-31f433f188c1,Quần Jogger Nam Kaki Túi Hộp,Quần,L,Đen,1,350000,24/10/2025
HD01433,99f07ede-2b19-4f58-949e-3c20b4da9416,Nón Snapback Unisex Streetwear,Nón,Free Size,Xám,2,220000,24/10/2025
HD01433,8211c7e6-49da-422e-8c8e-61bf0288e356,Áo Thun Nam Oversize Cực Chất,Áo thun,M,Đen,2,220000,24/10/2025
HD01434,cc14f38d-1c5d-44e4-a577-c2add0a1b47e,Áo Sơ Mi Nữ Linen Kem,Áo sơ mi,M,Be,2,359000,26/07/2025
HD01434,47321475-4386-4cf5-8b77-af01547cd204,Quần Baggy Nữ Hàn Quốc,Quần,XL,Đen,1,429000,26/07/2025
HD01434,b3d420d4-d451-4c61-bd20-6636b4973e09,Cardigan Nữ Len Dệt Kim Kem,Cardigan,L,Be,2,499000,26/07/2025
HD01435,ca7585c8-ddbf-4d1d-a666-37a7b963d906,Balo Unisex Thời Trang Chống Nước,Nón,Free Size,Trắng,2,450000,29/11/2025
HD01435,d15def0c-3a31-492a-ac97-382525c2218a,Áo Sweater Unisex Trơn Basic,Áo khoác,M,Nâu,2,320000,29/11/2025
HD01435,c36ca838-024f-462b-b202-e125f17c3a90,Áo Body Nữ Tay Dài Ôm Sát,Áo body,M,Đen,2,299000,29/11/2025
HD01436,99f07ede-2b19-4f58-949e-3c20b4da9416,Nón Snapback Unisex Streetwear,Nón,Free Size,Xám,1,220000,06/04/2025
HD01436,b9070ded-f7bb-4ae7-8384-31f433f188c1,Quần Jogger Nam Kaki Túi Hộp,Quần,L,Đen,1,350000,06/04/2025
HD01437,b3d420d4-d451-4c61-bd20-6636b4973e09,Cardigan Nữ Len Dệt Kim Kem,Cardigan,M,Be,2,499000,03/07/2025
HD01437,3ef4444d-e48a-41d7-aca5-dff0114fd772,Váy Công Sở Nữ,Váy,L,Kem,1,390000,03/07/2025
HD01437,773638cb-7eea-46c3-8af4-3bce1ecb5dd2,Áo Polo Nam Công Sở Premium,Áo thun,L,Xanh Navy,2,350000,03/07/2025
HD01437,2aad4182-f5b2-4e66-a70b-32fe3626ae38,Nón Bucket Basic Unisex,Nón,Free Size,Đen,1,180000,03/07/2025
HD01438,52f6d247-50fb-43f7-ab47-14cc9380a683,Áo Sơ Mi Nam Cổ Tàu Casual,Áo sơ mi,XL,Nâu,2,299000,10/07/2025
HD01438,03b22bfb-54c3-42d4-b00d-f03c542dacb4,Áo Polo Nam Sọc Ngang,Áo thun,XL,Trắng,2,289000,10/07/2025
HD01438,b44f5194-d6f8-497b-b568-738d7d09c9e4,Áo Thun Nữ Croptop Cổ Tim,Áo thun,S,Trắng,1,120000,10/07/2025
HD01438,e5f19f93-1057-4ec4-880f-a16e5fbcb39c,Váy Tennis Nữ Xếp Ly Trắng,Váy,S,Trắng,1,280000,10/07/2025
HD01438,cc14f38d-1c5d-44e4-a577-c2add0a1b47e,Áo Sơ Mi Nữ Linen Kem,Áo sơ mi,S,Be,1,359000,10/07/2025
HD01439,c9e6150b-fdf6-4a91-8f2c-d8bab75b9f2b,Hoodie Unisex Local Brand Cực Chất,Áo khoác,XL,Nâu,1,399000,21/05/2025
HD01439,591f87ca-ccec-4d04-af4e-fe941c4ee72e,Giày Sneaker Trắng Unisex Streetwear,Giày,40,Trắng,2,650000,21/05/2025
HD01439,b8a6d3f1-ad5c-4c5b-adf9-7e766ed462a5,Nón Bucket Unisex Vải Kaki Trơn,Nón,Free Size,Đen,2,150000,21/05/2025
HD01440,12c3c23d-b26f-4090-b661-3e330f928a84,Nón Thể Thao Unisex,Nón,Free Size,Trắng,2,160000,07/08/2025
HD01440,4ef3b541-6c86-4287-8090-28809b3559fe,Giày Chạy Bộ Nam Running Sport,Giày,40,Đen,1,790000,07/08/2025
HD01441,bf8bb740-6ff2-40aa-b164-ac144119c781,Giày Tây Nam Derby Lịch Lãm,Giày,39,Xám,2,990000,16/04/2026
HD01441,7a707f6c-7a4b-4392-80c8-475eb6eb4bc8,Quần Tây Nam Lịch Lãm Công Sở,Quần,30,Đen,2,489000,16/04/2026
HD01441,773638cb-7eea-46c3-8af4-3bce1ecb5dd2,Áo Polo Nam Công Sở Premium,Áo thun,XXL,Xanh Navy,2,350000,16/04/2026
HD01442,b8a6d3f1-ad5c-4c5b-adf9-7e766ed462a5,Nón Bucket Unisex Vải Kaki Trơn,Nón,Free Size,Đen,1,150000,31/01/2025
HD01442,c9e6150b-fdf6-4a91-8f2c-d8bab75b9f2b,Hoodie Unisex Local Brand Cực Chất,Áo khoác,M,Nâu,2,399000,31/01/2025
HD01442,591f87ca-ccec-4d04-af4e-fe941c4ee72e,Giày Sneaker Trắng Unisex Streetwear,Giày,39,Trắng,2,650000,31/01/2025
HD01442,3040b7d2-2bea-4c81-bd8c-2c17927ad9e2,Quần Culottes Nữ,Quần,M,Be,2,379000,31/01/2025
HD01443,8211c7e6-49da-422e-8c8e-61bf0288e356,Áo Thun Nam Oversize Cực Chất,Áo thun,XL,Đen,2,220000,19/10/2025
HD01443,99f07ede-2b19-4f58-949e-3c20b4da9416,Nón Snapback Unisex Streetwear,Nón,Free Size,Xám,2,220000,19/10/2025
HD01444,b3d420d4-d451-4c61-bd20-6636b4973e09,Cardigan Nữ Len Dệt Kim Kem,Cardigan,M,Be,2,499000,19/08/2025
HD01444,47321475-4386-4cf5-8b77-af01547cd204,Quần Baggy Nữ Hàn Quốc,Quần,L,Đen,2,429000,19/08/2025
HD01444,cc14f38d-1c5d-44e4-a577-c2add0a1b47e,Áo Sơ Mi Nữ Linen Kem,Áo sơ mi,S,Be,2,359000,19/08/2025
HD01445,99f07ede-2b19-4f58-949e-3c20b4da9416,Nón Snapback Unisex Streetwear,Nón,Free Size,Xám,2,220000,19/02/2026
HD01445,b9070ded-f7bb-4ae7-8384-31f433f188c1,Quần Jogger Nam Kaki Túi Hộp,Quần,M,Đen,1,350000,19/02/2026
HD01445,8211c7e6-49da-422e-8c8e-61bf0288e356,Áo Thun Nam Oversize Cực Chất,Áo thun,XL,Đen,2,220000,19/02/2026
HD01445,6217de90-58f8-4c3f-99e7-59c09b50f42d,Áo Khoác Nam Denim,Áo khoác,XL,Xanh,2,559000,19/02/2026
HD01446,d687bdc0-7bd2-4fb3-b157-ef8d3c1b2135,Quần Jogger Unisex Nỉ Basic,Quần,L,Xám,2,280000,29/11/2025
HD01446,ca7585c8-ddbf-4d1d-a666-37a7b963d906,Balo Unisex Thời Trang Chống Nước,Nón,Free Size,Trắng,2,450000,29/11/2025
HD01447,565df8e7-d30d-4935-a0a2-bcd5ab5bf4a2,Quần Jeans Nam Slimfit Đen,Quần,29,Đen,1,549000,19/01/2026
HD01447,591f87ca-ccec-4d04-af4e-fe941c4ee72e,Giày Sneaker Trắng Unisex Streetwear,Giày,42,Trắng,2,650000,19/01/2026
HD01447,f79701c0-468d-45ca-a063-f2c32fead22e,Áo Polo Nam Basic,Áo thun,XL,Xanh Navy,2,279000,19/01/2026
HD01447,99f07ede-2b19-4f58-949e-3c20b4da9416,Nón Snapback Unisex Streetwear,Nón,Free Size,Xám,1,220000,19/01/2026
HD01448,256a70eb-d06d-417a-bf57-9b60da0305c5,Giày Thể Thao Nam,Giày,41,Xám,2,720000,07/10/2025
HD01448,99f07ede-2b19-4f58-949e-3c20b4da9416,Nón Snapback Unisex Streetwear,Nón,Free Size,Xám,1,220000,07/10/2025
HD01448,a7c450bf-193d-4223-b178-523acdd5ce71,Quần Kaki Nam Dáng Suông,Quần,31,Kem,2,389000,07/10/2025
HD01448,c1e91e52-aef3-48ee-98d1-ddb905271917,Quần Tây Nữ Công Sở,Quần,S,Đen,2,459000,07/10/2025
HD01449,4ef3b541-6c86-4287-8090-28809b3559fe,Giày Chạy Bộ Nam Running Sport,Giày,41,Đen,1,790000,18/03/2026
HD01449,12c3c23d-b26f-4090-b661-3e330f928a84,Nón Thể Thao Unisex,Nón,Free Size,Trắng,2,160000,18/03/2026
HD01450,1571231f-22cc-4ac1-94b1-c01fcb332ed7,Túi Bao Tử Unisex Chống Nước,Nón,Free Size,Navy,1,220000,24/05/2025
HD01450,e668318e-62fd-4730-9829-e614a2db7729,Blazer Nữ Form Rộng,Blazer,XL,Xám,1,850000,24/05/2025
HD01451,b3d420d4-d451-4c61-bd20-6636b4973e09,Cardigan Nữ Len Dệt Kim Kem,Cardigan,S,Be,1,499000,11/03/2026
HD01451,47321475-4386-4cf5-8b77-af01547cd204,Quần Baggy Nữ Hàn Quốc,Quần,XL,Đen,2,429000,11/03/2026
HD01452,8211c7e6-49da-422e-8c8e-61bf0288e356,Áo Thun Nam Oversize Cực Chất,Áo thun,M,Đen,2,220000,05/10/2025
HD01452,99f07ede-2b19-4f58-949e-3c20b4da9416,Nón Snapback Unisex Streetwear,Nón,Free Size,Xám,2,220000,05/10/2025
HD01453,d15def0c-3a31-492a-ac97-382525c2218a,Áo Sweater Unisex Trơn Basic,Áo khoác,M,Nâu,1,320000,14/02/2025
HD01453,ca7585c8-ddbf-4d1d-a666-37a7b963d906,Balo Unisex Thời Trang Chống Nước,Nón,Free Size,Trắng,1,450000,14/02/2025
HD01454,538c2225-906f-42c8-8875-c759a7017d20,Áo Sweater Unisex Cổ Tròn Nỉ,Áo khoác,M,Nâu,1,310000,16/11/2025
HD01454,3ef4444d-e48a-41d7-aca5-dff0114fd772,Váy Công Sở Nữ,Váy,L,Kem,2,390000,16/11/2025
HD01454,3ffeadc2-56cb-4267-a02b-00fc51a7a1b2,Áo Khoác Bomber Unisex Da Lộn,Áo khoác,XL,Đen,2,599000,16/11/2025
HD01454,6f18cc28-04f2-411d-8e77-8735933ad66c,Nón Lưỡi Trai Unisex Thêu Chữ,Nón,Free Size,Trắng,2,120000,16/11/2025
HD01455,4b45ae2f-6d60-448a-85ad-61b9796446ed,Áo Thun Tay Lỡ Unisex Form Rộng,Áo thun,M,Trắng,2,199000,24/01/2026
HD01455,e7a2f4b5-bf3f-47e0-b981-e6142607b6bc,Giày Chunky Sneaker Unisex,Giày,39,Trắng,2,850000,24/01/2026
HD01455,aeefd253-ff9c-45c1-9da7-06ebdf2c502c,Áo Khoác Denim Unisex Form Rộng,Áo khoác,M,Xanh,1,550000,24/01/2026
HD01455,fbf0bc5c-dbfc-4b4a-9648-0be35b76943f,Quần Jogger Unisex Kaki Túi Hộp,Quần,L,Đen,1,320000,24/01/2026
HD01455,72b9161e-e55b-4802-a1c7-d7f33e5ccb0d,Quần Jogger Nam,Quần,M,Xám,1,320000,24/01/2026
HD01456,ca7585c8-ddbf-4d1d-a666-37a7b963d906,Balo Unisex Thời Trang Chống Nước,Nón,Free Size,Trắng,1,450000,06/04/2025
HD01456,d687bdc0-7bd2-4fb3-b157-ef8d3c1b2135,Quần Jogger Unisex Nỉ Basic,Quần,XL,Xám,1,280000,06/04/2025
HD01457,c9e6150b-fdf6-4a91-8f2c-d8bab75b9f2b,Hoodie Unisex Local Brand Cực Chất,Áo khoác,L,Nâu,1,399000,04/08/2025
HD01457,591f87ca-ccec-4d04-af4e-fe941c4ee72e,Giày Sneaker Trắng Unisex Streetwear,Giày,39,Trắng,1,650000,04/08/2025
HD01457,49f47c17-2a4e-45e3-8c86-564e0b68bf44,Chân Váy Nữ Chữ A Da Lộn,Váy,L,Be,2,299000,04/08/2025
HD01458,2840661b-b758-4365-9ddb-51837e109ce7,Áo Thun Nam Local Brand,Áo thun,S,Xám,2,199000,11/10/2025
HD01458,c36ca838-024f-462b-b202-e125f17c3a90,Áo Body Nữ Tay Dài Ôm Sát,Áo body,M,Đen,2,299000,11/10/2025
HD01458,fc61ed45-ce98-480f-a519-02961cff9b10,Giày Chạy Bộ Nữ Siêu Nhẹ,Giày,39,Đen,1,750000,11/10/2025
HD01458,49f47c17-2a4e-45e3-8c86-564e0b68bf44,Chân Váy Nữ Chữ A Da Lộn,Váy,L,Be,1,299000,11/10/2025
HD01458,5aee6bb0-ffad-4321-976e-a7a74709d94d,Dép Unisex Quai Ngang Êm Chân,Giày,36,Đen,2,150000,11/10/2025
HD01459,e7988e60-9056-472a-b914-5ab26da5917c,Quần Jeans Nam Rách Gối Streetwear,Quần,31,Xanh nhạt,2,599000,13/01/2025
HD01459,b3d420d4-d451-4c61-bd20-6636b4973e09,Cardigan Nữ Len Dệt Kim Kem,Cardigan,S,Be,2,499000,13/01/2025
HD01459,c356d946-1d0c-4868-a400-11e664e1c6c1,Áo Thun Nam Cotton Organic,Áo thun,XL,Xám,1,190000,13/01/2025
HD01460,47321475-4386-4cf5-8b77-af01547cd204,Quần Baggy Nữ Hàn Quốc,Quần,XL,Đen,2,429000,05/04/2025
HD01460,cc14f38d-1c5d-44e4-a577-c2add0a1b47e,Áo Sơ Mi Nữ Linen Kem,Áo sơ mi,S,Be,2,359000,05/04/2025
HD01461,773638cb-7eea-46c3-8af4-3bce1ecb5dd2,Áo Polo Nam Công Sở Premium,Áo thun,M,Xanh Navy,2,350000,16/11/2025
HD01461,bf8bb740-6ff2-40aa-b164-ac144119c781,Giày Tây Nam Derby Lịch Lãm,Giày,41,Xám,1,990000,16/11/2025
HD01461,7a707f6c-7a4b-4392-80c8-475eb6eb4bc8,Quần Tây Nam Lịch Lãm Công Sở,Quần,33,Đen,1,489000,16/11/2025
HD01461,b9cffddd-aa22-47ea-b376-34ad81004eed,Blazer Nữ Công Sở,Blazer,M,Trắng,2,820000,16/11/2025
HD01462,b9070ded-f7bb-4ae7-8384-31f433f188c1,Quần Jogger Nam Kaki Túi Hộp,Quần,XL,Đen,1,350000,19/08/2025
HD01462,8211c7e6-49da-422e-8c8e-61bf0288e356,Áo Thun Nam Oversize Cực Chất,Áo thun,L,Đen,2,220000,19/08/2025
HD01462,99f07ede-2b19-4f58-949e-3c20b4da9416,Nón Snapback Unisex Streetwear,Nón,Free Size,Xám,2,220000,19/08/2025
HD01463,0f6632d3-5cf7-42d2-9157-f13f0084a634,Áo Khoác Nam Denim Classic,Áo khoác,M,Xanh,1,550000,28/10/2025
HD01463,1d9f44d7-0657-47ec-baf9-659b9bfe2f6d,Áo Len Nam Cổ Lọ Ấm Áp,Áo len,L,Đen,1,520000,28/10/2025
HD01464,bf8bb740-6ff2-40aa-b164-ac144119c781,Giày Tây Nam Derby Lịch Lãm,Giày,41,Xám,1,990000,23/01/2026
HD01464,7a707f6c-7a4b-4392-80c8-475eb6eb4bc8,Quần Tây Nam Lịch Lãm Công Sở,Quần,32,Đen,1,489000,23/01/2026
HD01464,773638cb-7eea-46c3-8af4-3bce1ecb5dd2,Áo Polo Nam Công Sở Premium,Áo thun,M,Xanh Navy,2,350000,23/01/2026
HD01465,0f6632d3-5cf7-42d2-9157-f13f0084a634,Áo Khoác Nam Denim Classic,Áo khoác,L,Xanh,1,550000,28/04/2025
HD01465,45cc86fe-2abb-4420-8516-4718ae1f9990,Cardigan Nữ Oversize,Cardigan,M,Nâu,2,459000,28/04/2025
HD01465,b8a6d3f1-ad5c-4c5b-adf9-7e766ed462a5,Nón Bucket Unisex Vải Kaki Trơn,Nón,Free Size,Đen,2,150000,28/04/2025
HD01465,c04e8b6a-b8be-4231-9377-710ae7bb8e46,Áo Body Nữ Croptop,Áo body,S,Đen,1,289000,28/04/2025
HD01466,db900625-f6c9-41e1-a4eb-2042fcd9496f,Giày Cao Gót Nữ Đế Nhọn Công Sở,Giày,36,Trắng,2,490000,16/02/2025
HD01466,409dbb70-64f9-445d-b146-33a6ba02b819,Váy Nữ Dự Tiệc Trễ Vai Sang Chảnh,Váy,L,Đỏ,1,690000,16/02/2025
HD01467,12c3c23d-b26f-4090-b661-3e330f928a84,Nón Thể Thao Unisex,Nón,Free Size,Trắng,2,160000,14/01/2026
HD01467,e6f18dbb-acb7-46bb-a116-d6111d7b40f8,Quần Jogger Nam Thể Thao Nỉ,Quần,XL,Xám,2,320000,14/01/2026
HD01467,4ef3b541-6c86-4287-8090-28809b3559fe,Giày Chạy Bộ Nam Running Sport,Giày,41,Đen,1,790000,14/01/2026
HD01467,35c4d88a-3b69-47a7-933e-e5bc205c5fd5,Quần Jeans Nữ Skinny Cạp Cao,Quần,L,Xanh,2,489000,14/01/2026
HD01468,c9e6150b-fdf6-4a91-8f2c-d8bab75b9f2b,Hoodie Unisex Local Brand Cực Chất,Áo khoác,XL,Nâu,1,399000,21/03/2025
HD01468,b8a6d3f1-ad5c-4c5b-adf9-7e766ed462a5,Nón Bucket Unisex Vải Kaki Trơn,Nón,Free Size,Đen,2,150000,21/03/2025
HD01469,d687bdc0-7bd2-4fb3-b157-ef8d3c1b2135,Quần Jogger Unisex Nỉ Basic,Quần,XL,Xám,1,280000,19/03/2025
HD01469,ca7585c8-ddbf-4d1d-a666-37a7b963d906,Balo Unisex Thời Trang Chống Nước,Nón,Free Size,Trắng,2,450000,19/03/2025
HD01469,d15def0c-3a31-492a-ac97-382525c2218a,Áo Sweater Unisex Trơn Basic,Áo khoác,XL,Nâu,1,320000,19/03/2025
HD01470,d15def0c-3a31-492a-ac97-382525c2218a,Áo Sweater Unisex Trơn Basic,Áo khoác,M,Nâu,2,320000,30/01/2026
HD01470,d687bdc0-7bd2-4fb3-b157-ef8d3c1b2135,Quần Jogger Unisex Nỉ Basic,Quần,L,Xám,1,280000,30/01/2026
HD01470,ca7585c8-ddbf-4d1d-a666-37a7b963d906,Balo Unisex Thời Trang Chống Nước,Nón,Free Size,Trắng,2,450000,30/01/2026
HD01470,1d9f44d7-0657-47ec-baf9-659b9bfe2f6d,Áo Len Nam Cổ Lọ Ấm Áp,Áo len,L,Đen,1,520000,30/01/2026
HD01471,591f87ca-ccec-4d04-af4e-fe941c4ee72e,Giày Sneaker Trắng Unisex Streetwear,Giày,40,Trắng,2,650000,16/03/2025
HD01471,565df8e7-d30d-4935-a0a2-bcd5ab5bf4a2,Quần Jeans Nam Slimfit Đen,Quần,30,Đen,1,549000,16/03/2025
HD01471,f79701c0-468d-45ca-a063-f2c32fead22e,Áo Polo Nam Basic,Áo thun,S,Xanh Navy,1,279000,16/03/2025
HD01472,538c2225-906f-42c8-8875-c759a7017d20,Áo Sweater Unisex Cổ Tròn Nỉ,Áo khoác,XL,Nâu,2,310000,18/04/2025
HD01472,93efef1b-4c47-4682-af31-84004a28c573,Nón Snapback Unisex,Nón,Free Size,Xám,1,220000,18/04/2025
HD01472,c1e91e52-aef3-48ee-98d1-ddb905271917,Quần Tây Nữ Công Sở,Quần,S,Đen,1,459000,18/04/2025
HD01472,201e6224-a601-46ee-bead-63759fec2f51,Áo Len Nam Cổ Tròn Cashmere,Áo len,L,Xám,1,650000,18/04/2025
HD01472,c36ca838-024f-462b-b202-e125f17c3a90,Áo Body Nữ Tay Dài Ôm Sát,Áo body,M,Đen,2,299000,18/04/2025
HD01473,bb06c357-8eb3-4ffe-a765-1307de4e19eb,Mũ Len Unisex Mùa Đông Ấm Áp,Nón,Free Size,Xám,2,150000,16/09/2025
HD01473,1d9f44d7-0657-47ec-baf9-659b9bfe2f6d,Áo Len Nam Cổ Lọ Ấm Áp,Áo len,M,Đen,2,520000,16/09/2025
HD01473,0f6632d3-5cf7-42d2-9157-f13f0084a634,Áo Khoác Nam Denim Classic,Áo khoác,XL,Xanh,2,550000,16/09/2025
HD01474,ac85d49f-37a3-47d2-9850-04adc3abecfb,Mắt Kính Unisex Chống Tia UV,Nón,Free Size,Đen,1,290000,12/11/2025
HD01474,201e6224-a601-46ee-bead-63759fec2f51,Áo Len Nam Cổ Tròn Cashmere,Áo len,S,Xám,2,650000,12/11/2025
HD01474,00ea76e6-8a78-4510-9aa1-8c8d3f1e0ea4,Áo Body Nữ Cổ Vuông,Áo body,S,Hồng,2,329000,12/11/2025
HD01474,b8a6d3f1-ad5c-4c5b-adf9-7e766ed462a5,Nón Bucket Unisex Vải Kaki Trơn,Nón,Free Size,Đen,2,150000,12/11/2025
HD01475,47321475-4386-4cf5-8b77-af01547cd204,Quần Baggy Nữ Hàn Quốc,Quần,S,Đen,2,429000,06/04/2026
HD01475,b3d420d4-d451-4c61-bd20-6636b4973e09,Cardigan Nữ Len Dệt Kim Kem,Cardigan,S,Be,2,499000,06/04/2026
HD01475,cc14f38d-1c5d-44e4-a577-c2add0a1b47e,Áo Sơ Mi Nữ Linen Kem,Áo sơ mi,L,Be,1,359000,06/04/2026
HD01476,cc14f38d-1c5d-44e4-a577-c2add0a1b47e,Áo Sơ Mi Nữ Linen Kem,Áo sơ mi,S,Be,2,359000,15/04/2025
HD01476,47321475-4386-4cf5-8b77-af01547cd204,Quần Baggy Nữ Hàn Quốc,Quần,M,Đen,1,429000,15/04/2025
HD01476,b3d420d4-d451-4c61-bd20-6636b4973e09,Cardigan Nữ Len Dệt Kim Kem,Cardigan,S,Be,1,499000,15/04/2025
HD01477,d687bdc0-7bd2-4fb3-b157-ef8d3c1b2135,Quần Jogger Unisex Nỉ Basic,Quần,M,Xám,1,280000,19/03/2025
HD01477,ca7585c8-ddbf-4d1d-a666-37a7b963d906,Balo Unisex Thời Trang Chống Nước,Nón,Free Size,Trắng,1,450000,19/03/2025
HD01478,bf8bb740-6ff2-40aa-b164-ac144119c781,Giày Tây Nam Derby Lịch Lãm,Giày,42,Xám,1,990000,12/06/2025
HD01478,773638cb-7eea-46c3-8af4-3bce1ecb5dd2,Áo Polo Nam Công Sở Premium,Áo thun,M,Xanh Navy,1,350000,12/06/2025
HD01478,7a707f6c-7a4b-4392-80c8-475eb6eb4bc8,Quần Tây Nam Lịch Lãm Công Sở,Quần,33,Đen,1,489000,12/06/2025
HD01479,b8a6d3f1-ad5c-4c5b-adf9-7e766ed462a5,Nón Bucket Unisex Vải Kaki Trơn,Nón,Free Size,Đen,2,150000,20/08/2025
HD01479,c9e6150b-fdf6-4a91-8f2c-d8bab75b9f2b,Hoodie Unisex Local Brand Cực Chất,Áo khoác,XL,Nâu,1,399000,20/08/2025
HD01480,b44f5194-d6f8-497b-b568-738d7d09c9e4,Áo Thun Nữ Croptop Cổ Tim,Áo thun,M,Trắng,1,120000,05/12/2025
HD01480,93c3d112-b724-48cb-bee5-b2dcef7f1d55,Áo Khoác Gió Unisex Thể Thao,Áo khoác,L,Đen,1,350000,05/12/2025
HD01481,d687bdc0-7bd2-4fb3-b157-ef8d3c1b2135,Quần Jogger Unisex Nỉ Basic,Quần,XL,Xám,2,280000,06/09/2025
HD01481,ca7585c8-ddbf-4d1d-a666-37a7b963d906,Balo Unisex Thời Trang Chống Nước,Nón,Free Size,Trắng,2,450000,06/09/2025
HD01482,47321475-4386-4cf5-8b77-af01547cd204,Quần Baggy Nữ Hàn Quốc,Quần,S,Đen,1,429000,20/06/2025
HD01482,b3d420d4-d451-4c61-bd20-6636b4973e09,Cardigan Nữ Len Dệt Kim Kem,Cardigan,L,Be,2,499000,20/06/2025
HD01483,b9070ded-f7bb-4ae7-8384-31f433f188c1,Quần Jogger Nam Kaki Túi Hộp,Quần,XL,Đen,2,350000,02/01/2026
HD01483,5a9e4c10-4d85-4ae9-99d0-4ecdbc69964b,Áo Thun Unisex In Chữ Streetwear,Áo thun,XL,Đen,1,189000,02/01/2026
HD01483,3040b7d2-2bea-4c81-bd8c-2c17927ad9e2,Quần Culottes Nữ,Quần,M,Be,2,379000,02/01/2026
HD01484,f79701c0-468d-45ca-a063-f2c32fead22e,Áo Polo Nam Basic,Áo thun,M,Xanh Navy,2,279000,06/01/2025
HD01484,565df8e7-d30d-4935-a0a2-bcd5ab5bf4a2,Quần Jeans Nam Slimfit Đen,Quần,29,Đen,1,549000,06/01/2025
HD01484,591f87ca-ccec-4d04-af4e-fe941c4ee72e,Giày Sneaker Trắng Unisex Streetwear,Giày,40,Trắng,2,650000,06/01/2025
HD01484,773638cb-7eea-46c3-8af4-3bce1ecb5dd2,Áo Polo Nam Công Sở Premium,Áo thun,L,Xanh Navy,1,350000,06/01/2025
HD01485,12c3c23d-b26f-4090-b661-3e330f928a84,Nón Thể Thao Unisex,Nón,Free Size,Trắng,2,160000,05/05/2025
HD01485,4ef3b541-6c86-4287-8090-28809b3559fe,Giày Chạy Bộ Nam Running Sport,Giày,40,Đen,1,790000,05/05/2025
HD01486,a9bbcc47-d51e-49fb-aab9-04649744ad76,Áo Thun Nam Cổ Tim Trơn,Áo thun,S,Đen,2,160000,14/04/2025
HD01486,56edf28b-737a-4e1d-8e76-51796deff112,Nón Lưỡi Trai Unisex Basic Đen,Nón,Free Size,Đen,2,99000,14/04/2025
HD01486,00cd794a-d248-4ee5-82bc-6f47e4552024,Giày Thể Thao Unisex Chunky,Giày,40,Trắng,1,850000,14/04/2025
HD01487,2d01e356-ac67-4d6f-83ce-e2c9ad89a55d,Quần Tây Nữ Ống Suông,Quần,S,Đen,1,459000,26/09/2025
HD01487,7af62054-cb7c-43d5-8a7a-f6de97b8440d,Blazer Nữ Công Sở Premium,Blazer,M,Trắng,1,820000,26/09/2025
HD01487,1d8256e6-c737-4a4c-86b9-b28f0c3112eb,Áo Sơ Mi Nữ Oxford Trắng,Áo sơ mi,M,Trắng,2,329000,26/09/2025
HD01488,020a480f-a235-4103-9eaf-f34d0cff36ed,Quần Jeans Nữ Skinny,Quần,L,Xanh,1,489000,20/04/2025
HD01488,acaeda25-b325-467b-b332-a71ebd9078d8,Áo Khoác Nam Bomber Nhung Tăm,Áo khoác,L,Đen,2,499000,20/04/2025
HD01488,7a29452a-b709-4fb1-8dd9-a5d8e53fa194,Váy Nữ Dài,Váy,M,Xanh,2,459000,20/04/2025
HD01488,75973f59-8a40-4d42-b894-5375a84f3374,Áo Khoác Varsity Unisex Streetwear,Áo khoác,XL,Đen Trắng,2,639000,20/04/2025
HD01488,c04e8b6a-b8be-4231-9377-710ae7bb8e46,Áo Body Nữ Croptop,Áo body,M,Đen,2,289000,20/04/2025
HD01489,2d01e356-ac67-4d6f-83ce-e2c9ad89a55d,Quần Tây Nữ Ống Suông,Quần,L,Đen,2,459000,05/05/2026
HD01489,1d8256e6-c737-4a4c-86b9-b28f0c3112eb,Áo Sơ Mi Nữ Oxford Trắng,Áo sơ mi,L,Trắng,1,329000,05/05/2026
HD01490,256a70eb-d06d-417a-bf57-9b60da0305c5,Giày Thể Thao Nam,Giày,42,Xám,1,720000,07/03/2025
HD01490,e09cd3a3-73e0-468b-b718-07db41b1465d,Váy Nữ Hoa Vintage,Váy,M,Hồng,2,450000,07/03/2025
HD01490,6d9ff3b3-09bc-4a76-b2f0-891905840fe3,Áo Thun Nữ Form Rộng Giấu Quần,Áo thun,M,Trắng,2,160000,07/03/2025
HD01490,6b452c2a-fe5a-4690-b45c-b4a40e2c0822,Nón Thể Thao Unisex,Nón,Free Size,Trắng,2,190000,07/03/2025
HD01490,b9cffddd-aa22-47ea-b376-34ad81004eed,Blazer Nữ Công Sở,Blazer,M,Trắng,2,820000,07/03/2025
HD01491,52d573b6-f538-4651-9496-600f187e26cc,Cardigan Nữ Form Rộng Thêu Hoa,Cardigan,M,Nâu,1,480000,07/10/2025
HD01491,020a480f-a235-4103-9eaf-f34d0cff36ed,Quần Jeans Nữ Skinny,Quần,L,Xanh,1,489000,07/10/2025
HD01491,d230d9ed-71e2-4378-9fb2-15dd13a37357,Áo Hoodie Unisex,Áo khoác,L,Xanh navy,2,399000,07/10/2025
HD01491,bca6a5e3-a504-49ff-8fe8-bf5c131d57e5,Áo Sơ Mi Nam Kẻ Sọc Công Sở,Áo sơ mi,L,Xanh,1,330000,07/10/2025
HD01491,33732f38-6563-44e9-a85f-09fcdda0aa6f,Blazer Nữ Dáng Ngắn Thời Thượng,Blazer,M,Be,2,790000,07/10/2025
HD01492,c9e6150b-fdf6-4a91-8f2c-d8bab75b9f2b,Hoodie Unisex Local Brand Cực Chất,Áo khoác,L,Nâu,1,399000,02/06/2025
HD01492,591f87ca-ccec-4d04-af4e-fe941c4ee72e,Giày Sneaker Trắng Unisex Streetwear,Giày,38,Trắng,2,650000,02/06/2025
HD01493,591f87ca-ccec-4d04-af4e-fe941c4ee72e,Giày Sneaker Trắng Unisex Streetwear,Giày,40,Trắng,1,650000,24/07/2025
HD01493,c9e6150b-fdf6-4a91-8f2c-d8bab75b9f2b,Hoodie Unisex Local Brand Cực Chất,Áo khoác,XL,Nâu,1,399000,24/07/2025
HD01493,b8a6d3f1-ad5c-4c5b-adf9-7e766ed462a5,Nón Bucket Unisex Vải Kaki Trơn,Nón,Free Size,Đen,2,150000,24/07/2025
HD01494,d15def0c-3a31-492a-ac97-382525c2218a,Áo Sweater Unisex Trơn Basic,Áo khoác,XL,Nâu,1,320000,24/05/2025
HD01494,ca7585c8-ddbf-4d1d-a666-37a7b963d906,Balo Unisex Thời Trang Chống Nước,Nón,Free Size,Trắng,2,450000,24/05/2025
HD01494,d687bdc0-7bd2-4fb3-b157-ef8d3c1b2135,Quần Jogger Unisex Nỉ Basic,Quần,L,Xám,2,280000,24/05/2025
HD01495,cc14f38d-1c5d-44e4-a577-c2add0a1b47e,Áo Sơ Mi Nữ Linen Kem,Áo sơ mi,S,Be,1,359000,21/01/2026
HD01495,b3d420d4-d451-4c61-bd20-6636b4973e09,Cardigan Nữ Len Dệt Kim Kem,Cardigan,M,Be,2,499000,21/01/2026
HD01495,47321475-4386-4cf5-8b77-af01547cd204,Quần Baggy Nữ Hàn Quốc,Quần,M,Đen,1,429000,21/01/2026
HD01496,591f87ca-ccec-4d04-af4e-fe941c4ee72e,Giày Sneaker Trắng Unisex Streetwear,Giày,40,Trắng,1,650000,11/05/2026
HD01496,565df8e7-d30d-4935-a0a2-bcd5ab5bf4a2,Quần Jeans Nam Slimfit Đen,Quần,29,Đen,1,549000,11/05/2026
HD01496,f79701c0-468d-45ca-a063-f2c32fead22e,Áo Polo Nam Basic,Áo thun,L,Xanh Navy,2,279000,11/05/2026
HD01497,7af62054-cb7c-43d5-8a7a-f6de97b8440d,Blazer Nữ Công Sở Premium,Blazer,L,Trắng,2,820000,13/03/2025
HD01497,1d8256e6-c737-4a4c-86b9-b28f0c3112eb,Áo Sơ Mi Nữ Oxford Trắng,Áo sơ mi,S,Trắng,1,329000,13/03/2025
HD01498,e09cd3a3-73e0-468b-b718-07db41b1465d,Váy Nữ Hoa Vintage,Váy,S,Hồng,1,450000,28/10/2025
HD01498,03b22bfb-54c3-42d4-b00d-f03c542dacb4,Áo Polo Nam Sọc Ngang,Áo thun,XL,Trắng,2,289000,28/10/2025
HD01498,de2469aa-98bb-4048-b2d6-ca06feaff0f9,Ví Da Unisex Đựng Thẻ Tiện Lợi,Nón,Free Size,Navy,2,190000,28/10/2025
HD01498,93efef1b-4c47-4682-af31-84004a28c573,Nón Snapback Unisex,Nón,Free Size,Xám,1,220000,28/10/2025
HD01498,3519fffb-6ea3-4fe0-947e-6d8b8e470b7a,Váy Nữ Maxi Đi Biển Dịu Dàng,Váy,L,Be,2,550000,28/10/2025
HD01499,c36ca838-024f-462b-b202-e125f17c3a90,Áo Body Nữ Tay Dài Ôm Sát,Áo body,S,Đen,1,299000,24/05/2025
HD01499,db900625-f6c9-41e1-a4eb-2042fcd9496f,Giày Cao Gót Nữ Đế Nhọn Công Sở,Giày,35,Trắng,1,490000,24/05/2025
HD01499,409dbb70-64f9-445d-b146-33a6ba02b819,Váy Nữ Dự Tiệc Trễ Vai Sang Chảnh,Váy,L,Đỏ,2,690000,24/05/2025
HD01499,acaeda25-b325-467b-b332-a71ebd9078d8,Áo Khoác Nam Bomber Nhung Tăm,Áo khoác,L,Đen,2,499000,24/05/2025
HD01500,0f6632d3-5cf7-42d2-9157-f13f0084a634,Áo Khoác Nam Denim Classic,Áo khoác,L,Xanh,1,550000,21/04/2026
HD01500,1d9f44d7-0657-47ec-baf9-659b9bfe2f6d,Áo Len Nam Cổ Lọ Ấm Áp,Áo len,L,Đen,1,520000,21/04/2026
HD01501,591f87ca-ccec-4d04-af4e-fe941c4ee72e,Giày Sneaker Trắng Unisex Streetwear,Giày,39,Trắng,2,650000,01/06/2025
HD01501,b8a6d3f1-ad5c-4c5b-adf9-7e766ed462a5,Nón Bucket Unisex Vải Kaki Trơn,Nón,Free Size,Đen,2,150000,01/06/2025
HD01502,99f07ede-2b19-4f58-949e-3c20b4da9416,Nón Snapback Unisex Streetwear,Nón,Free Size,Xám,1,220000,09/04/2025
HD01502,8211c7e6-49da-422e-8c8e-61bf0288e356,Áo Thun Nam Oversize Cực Chất,Áo thun,M,Đen,2,220000,09/04/2025
HD01502,b9070ded-f7bb-4ae7-8384-31f433f188c1,Quần Jogger Nam Kaki Túi Hộp,Quần,L,Đen,1,350000,09/04/2025
HD01503,8211c7e6-49da-422e-8c8e-61bf0288e356,Áo Thun Nam Oversize Cực Chất,Áo thun,XL,Đen,2,220000,06/08/2025
HD01503,b9070ded-f7bb-4ae7-8384-31f433f188c1,Quần Jogger Nam Kaki Túi Hộp,Quần,L,Đen,1,350000,06/08/2025
HD01503,99f07ede-2b19-4f58-949e-3c20b4da9416,Nón Snapback Unisex Streetwear,Nón,Free Size,Xám,1,220000,06/08/2025
HD01504,2d01e356-ac67-4d6f-83ce-e2c9ad89a55d,Quần Tây Nữ Ống Suông,Quần,L,Đen,1,459000,20/07/2025
HD01504,1d8256e6-c737-4a4c-86b9-b28f0c3112eb,Áo Sơ Mi Nữ Oxford Trắng,Áo sơ mi,M,Trắng,2,329000,20/07/2025
HD01505,2d01e356-ac67-4d6f-83ce-e2c9ad89a55d,Quần Tây Nữ Ống Suông,Quần,S,Đen,1,459000,09/07/2025
HD01505,1d8256e6-c737-4a4c-86b9-b28f0c3112eb,Áo Sơ Mi Nữ Oxford Trắng,Áo sơ mi,L,Trắng,2,329000,09/07/2025
HD01505,7af62054-cb7c-43d5-8a7a-f6de97b8440d,Blazer Nữ Công Sở Premium,Blazer,L,Trắng,1,820000,09/07/2025
HD01506,12c3c23d-b26f-4090-b661-3e330f928a84,Nón Thể Thao Unisex,Nón,Free Size,Trắng,2,160000,05/03/2025
HD01506,e6f18dbb-acb7-46bb-a116-d6111d7b40f8,Quần Jogger Nam Thể Thao Nỉ,Quần,M,Xám,1,320000,05/03/2025
HD01506,4ef3b541-6c86-4287-8090-28809b3559fe,Giày Chạy Bộ Nam Running Sport,Giày,41,Đen,2,790000,05/03/2025
HD01506,93c3d112-b724-48cb-bee5-b2dcef7f1d55,Áo Khoác Gió Unisex Thể Thao,Áo khoác,M,Đen,1,350000,05/03/2025
HD01507,86a9c31d-97c5-47fc-b2ce-292729ac16ad,Nón Bucket Unisex Họa Tiết Loang,Nón,Free Size,Đen,2,180000,16/11/2025
HD01507,105ad1ba-828c-468d-b1e2-33860aced25e,Giày Tây Nam Oxford Da Bò,Giày,39,Xám,1,1200000,16/11/2025
HD01507,fbf0bc5c-dbfc-4b4a-9648-0be35b76943f,Quần Jogger Unisex Kaki Túi Hộp,Quần,L,Đen,2,320000,16/11/2025
HD01508,f79701c0-468d-45ca-a063-f2c32fead22e,Áo Polo Nam Basic,Áo thun,S,Xanh Navy,2,279000,21/08/2025
HD01508,565df8e7-d30d-4935-a0a2-bcd5ab5bf4a2,Quần Jeans Nam Slimfit Đen,Quần,30,Đen,1,549000,21/08/2025
HD01509,591f87ca-ccec-4d04-af4e-fe941c4ee72e,Giày Sneaker Trắng Unisex Streetwear,Giày,42,Trắng,2,650000,07/08/2025
HD01509,f79701c0-468d-45ca-a063-f2c32fead22e,Áo Polo Nam Basic,Áo thun,XL,Xanh Navy,1,279000,07/08/2025
HD01509,565df8e7-d30d-4935-a0a2-bcd5ab5bf4a2,Quần Jeans Nam Slimfit Đen,Quần,32,Đen,2,549000,07/08/2025
HD01510,773638cb-7eea-46c3-8af4-3bce1ecb5dd2,Áo Polo Nam Công Sở Premium,Áo thun,XL,Xanh Navy,2,350000,26/10/2025
HD01510,7a707f6c-7a4b-4392-80c8-475eb6eb4bc8,Quần Tây Nam Lịch Lãm Công Sở,Quần,31,Đen,1,489000,26/10/2025
HD01511,7a707f6c-7a4b-4392-80c8-475eb6eb4bc8,Quần Tây Nam Lịch Lãm Công Sở,Quần,31,Đen,2,489000,28/10/2025
HD01511,773638cb-7eea-46c3-8af4-3bce1ecb5dd2,Áo Polo Nam Công Sở Premium,Áo thun,S,Xanh Navy,2,350000,28/10/2025
HD01511,e5f19f93-1057-4ec4-880f-a16e5fbcb39c,Váy Tennis Nữ Xếp Ly Trắng,Váy,M,Trắng,1,280000,28/10/2025
HD01512,f79701c0-468d-45ca-a063-f2c32fead22e,Áo Polo Nam Basic,Áo thun,XL,Xanh Navy,1,279000,05/06/2025
HD01512,93efef1b-4c47-4682-af31-84004a28c573,Nón Snapback Unisex,Nón,Free Size,Xám,1,220000,05/06/2025
HD01512,b8a6d3f1-ad5c-4c5b-adf9-7e766ed462a5,Nón Bucket Unisex Vải Kaki Trơn,Nón,Free Size,Đen,1,150000,05/06/2025
HD01512,e7988e60-9056-472a-b914-5ab26da5917c,Quần Jeans Nam Rách Gối Streetwear,Quần,31,Xanh nhạt,2,599000,05/06/2025
HD01513,bb06c357-8eb3-4ffe-a765-1307de4e19eb,Mũ Len Unisex Mùa Đông Ấm Áp,Nón,Free Size,Xám,1,150000,18/01/2025
HD01513,1d9f44d7-0657-47ec-baf9-659b9bfe2f6d,Áo Len Nam Cổ Lọ Ấm Áp,Áo len,M,Đen,1,520000,18/01/2025
HD01513,0f6632d3-5cf7-42d2-9157-f13f0084a634,Áo Khoác Nam Denim Classic,Áo khoác,L,Xanh,1,550000,18/01/2025
HD01514,cc14f38d-1c5d-44e4-a577-c2add0a1b47e,Áo Sơ Mi Nữ Linen Kem,Áo sơ mi,M,Be,1,359000,13/04/2025
HD01514,bf8bb740-6ff2-40aa-b164-ac144119c781,Giày Tây Nam Derby Lịch Lãm,Giày,40,Xám,2,990000,13/04/2025
HD01514,1654922e-d123-4e17-9ca0-cdae32820ab6,Vớ Unisex Cotton Cổ Cao Sọc,Nón,Free Size,Trắng,1,49000,13/04/2025
HD01515,7a707f6c-7a4b-4392-80c8-475eb6eb4bc8,Quần Tây Nam Lịch Lãm Công Sở,Quần,32,Đen,1,489000,05/12/2025
HD01515,bf8bb740-6ff2-40aa-b164-ac144119c781,Giày Tây Nam Derby Lịch Lãm,Giày,40,Xám,1,990000,05/12/2025
HD01516,7af62054-cb7c-43d5-8a7a-f6de97b8440d,Blazer Nữ Công Sở Premium,Blazer,S,Trắng,2,820000,15/05/2025
HD01516,2d01e356-ac67-4d6f-83ce-e2c9ad89a55d,Quần Tây Nữ Ống Suông,Quần,S,Đen,2,459000,15/05/2025
HD01516,fb99d5a6-90f1-4a0e-931d-e0f87e9f92e9,Áo Body Nữ Basic,Áo body,L,Trắng,2,269000,15/05/2025
HD01517,47321475-4386-4cf5-8b77-af01547cd204,Quần Baggy Nữ Hàn Quốc,Quần,S,Đen,2,429000,10/07/2025
HD01517,b3d420d4-d451-4c61-bd20-6636b4973e09,Cardigan Nữ Len Dệt Kim Kem,Cardigan,L,Be,2,499000,10/07/2025
HD01517,cc14f38d-1c5d-44e4-a577-c2add0a1b47e,Áo Sơ Mi Nữ Linen Kem,Áo sơ mi,L,Be,1,359000,10/07/2025
HD01518,bf8bb740-6ff2-40aa-b164-ac144119c781,Giày Tây Nam Derby Lịch Lãm,Giày,41,Xám,2,990000,18/04/2026
HD01518,773638cb-7eea-46c3-8af4-3bce1ecb5dd2,Áo Polo Nam Công Sở Premium,Áo thun,XL,Xanh Navy,2,350000,18/04/2026
HD01519,b3d420d4-d451-4c61-bd20-6636b4973e09,Cardigan Nữ Len Dệt Kim Kem,Cardigan,M,Be,1,499000,01/03/2026
HD01519,47321475-4386-4cf5-8b77-af01547cd204,Quần Baggy Nữ Hàn Quốc,Quần,XL,Đen,2,429000,01/03/2026
HD01519,cc14f38d-1c5d-44e4-a577-c2add0a1b47e,Áo Sơ Mi Nữ Linen Kem,Áo sơ mi,L,Be,1,359000,01/03/2026
HD01520,f79701c0-468d-45ca-a063-f2c32fead22e,Áo Polo Nam Basic,Áo thun,M,Xanh Navy,1,279000,24/08/2025
HD01520,591f87ca-ccec-4d04-af4e-fe941c4ee72e,Giày Sneaker Trắng Unisex Streetwear,Giày,42,Trắng,1,650000,24/08/2025
HD01520,565df8e7-d30d-4935-a0a2-bcd5ab5bf4a2,Quần Jeans Nam Slimfit Đen,Quần,29,Đen,1,549000,24/08/2025
HD01521,e6f18dbb-acb7-46bb-a116-d6111d7b40f8,Quần Jogger Nam Thể Thao Nỉ,Quần,M,Xám,2,320000,21/01/2026
HD01521,12c3c23d-b26f-4090-b661-3e330f928a84,Nón Thể Thao Unisex,Nón,Free Size,Trắng,2,160000,21/01/2026
HD01521,4ef3b541-6c86-4287-8090-28809b3559fe,Giày Chạy Bộ Nam Running Sport,Giày,41,Đen,1,790000,21/01/2026
HD01522,a9bbcc47-d51e-49fb-aab9-04649744ad76,Áo Thun Nam Cổ Tim Trơn,Áo thun,L,Đen,2,160000,31/08/2025
HD01522,5aee6bb0-ffad-4321-976e-a7a74709d94d,Dép Unisex Quai Ngang Êm Chân,Giày,40,Đen,1,150000,31/08/2025
HD01523,c9e6150b-fdf6-4a91-8f2c-d8bab75b9f2b,Hoodie Unisex Local Brand Cực Chất,Áo khoác,M,Nâu,1,399000,27/03/2025
HD01523,591f87ca-ccec-4d04-af4e-fe941c4ee72e,Giày Sneaker Trắng Unisex Streetwear,Giày,40,Trắng,1,650000,27/03/2025
HD01524,c9e6150b-fdf6-4a91-8f2c-d8bab75b9f2b,Hoodie Unisex Local Brand Cực Chất,Áo khoác,XL,Nâu,2,399000,24/04/2025
HD01524,b8a6d3f1-ad5c-4c5b-adf9-7e766ed462a5,Nón Bucket Unisex Vải Kaki Trơn,Nón,Free Size,Đen,2,150000,24/04/2025
HD01524,591f87ca-ccec-4d04-af4e-fe941c4ee72e,Giày Sneaker Trắng Unisex Streetwear,Giày,38,Trắng,1,650000,24/04/2025
HD01525,42df8548-dbbf-40a4-a6f2-f989e10394fd,Blazer Nữ Hàn Quốc,Blazer,M,Kem,2,790000,08/01/2025
HD01525,fbf0bc5c-dbfc-4b4a-9648-0be35b76943f,Quần Jogger Unisex Kaki Túi Hộp,Quần,XL,Đen,2,320000,08/01/2025
HD01525,20ecab60-6f47-43a3-b5a2-8c73d262ff50,Váy Nữ Dự Tiệc Cao Cấp,Váy,L,Đỏ,1,690000,08/01/2025
HD01525,f05e6db1-a12e-426c-aa6d-d5e504740533,Áo Body Nữ Tay Dài,Áo body,S,Đen,2,299000,08/01/2025
HD01525,6217de90-58f8-4c3f-99e7-59c09b50f42d,Áo Khoác Nam Denim,Áo khoác,XL,Xanh,1,559000,08/01/2025
HD01526,b8a6d3f1-ad5c-4c5b-adf9-7e766ed462a5,Nón Bucket Unisex Vải Kaki Trơn,Nón,Free Size,Đen,2,150000,12/04/2025
HD01526,c9e6150b-fdf6-4a91-8f2c-d8bab75b9f2b,Hoodie Unisex Local Brand Cực Chất,Áo khoác,M,Nâu,2,399000,12/04/2025
HD01526,591f87ca-ccec-4d04-af4e-fe941c4ee72e,Giày Sneaker Trắng Unisex Streetwear,Giày,42,Trắng,2,650000,12/04/2025
HD01527,ca7585c8-ddbf-4d1d-a666-37a7b963d906,Balo Unisex Thời Trang Chống Nước,Nón,Free Size,Trắng,1,450000,21/03/2026
HD01527,d15def0c-3a31-492a-ac97-382525c2218a,Áo Sweater Unisex Trơn Basic,Áo khoác,L,Nâu,1,320000,21/03/2026
HD01528,8211c7e6-49da-422e-8c8e-61bf0288e356,Áo Thun Nam Oversize Cực Chất,Áo thun,M,Đen,1,220000,03/01/2026
HD01528,99f07ede-2b19-4f58-949e-3c20b4da9416,Nón Snapback Unisex Streetwear,Nón,Free Size,Xám,1,220000,03/01/2026
HD01528,b9070ded-f7bb-4ae7-8384-31f433f188c1,Quần Jogger Nam Kaki Túi Hộp,Quần,XL,Đen,1,350000,03/01/2026
HD01529,f60ed1b2-8aed-4bf4-9047-bcdb95f84623,Áo Sơ Mi Nữ Công Sở,Áo sơ mi,L,Xanh nhạt,2,279000,22/11/2025
HD01529,bf8bb740-6ff2-40aa-b164-ac144119c781,Giày Tây Nam Derby Lịch Lãm,Giày,42,Xám,1,990000,22/11/2025
HD01529,14aa5a7e-58a7-4ee6-91dc-3b3841539483,Áo Thun Nam Graphic Print,Áo thun,M,Xám,1,259000,22/11/2025
HD01530,1d8256e6-c737-4a4c-86b9-b28f0c3112eb,Áo Sơ Mi Nữ Oxford Trắng,Áo sơ mi,S,Trắng,2,329000,21/08/2025
HD01530,2d01e356-ac67-4d6f-83ce-e2c9ad89a55d,Quần Tây Nữ Ống Suông,Quần,M,Đen,2,459000,21/08/2025
HD01530,7af62054-cb7c-43d5-8a7a-f6de97b8440d,Blazer Nữ Công Sở Premium,Blazer,M,Trắng,1,820000,21/08/2025
HD01530,93efef1b-4c47-4682-af31-84004a28c573,Nón Snapback Unisex,Nón,Free Size,Xám,1,220000,21/08/2025
HD01531,47321475-4386-4cf5-8b77-af01547cd204,Quần Baggy Nữ Hàn Quốc,Quần,S,Đen,2,429000,07/06/2025
HD01531,0e0448a2-c2bd-4e80-b627-8787750e4656,Áo Sơ Mi Nam Caro,Áo sơ mi,M,Đỏ,2,299000,07/06/2025
HD01531,4bdea4f1-6aa9-4f3d-99e7-1c679695c149,Cardigan Nữ Dệt Kim,Cardigan,M,Be,2,499000,07/06/2025
HD01531,c36ca838-024f-462b-b202-e125f17c3a90,Áo Body Nữ Tay Dài Ôm Sát,Áo body,S,Đen,1,299000,07/06/2025
HD01531,8211c7e6-49da-422e-8c8e-61bf0288e356,Áo Thun Nam Oversize Cực Chất,Áo thun,XL,Đen,1,220000,07/06/2025
HD01532,cc14f38d-1c5d-44e4-a577-c2add0a1b47e,Áo Sơ Mi Nữ Linen Kem,Áo sơ mi,S,Be,1,359000,10/12/2025
HD01532,47321475-4386-4cf5-8b77-af01547cd204,Quần Baggy Nữ Hàn Quốc,Quần,XL,Đen,2,429000,10/12/2025
HD01532,b3d420d4-d451-4c61-bd20-6636b4973e09,Cardigan Nữ Len Dệt Kim Kem,Cardigan,L,Be,2,499000,10/12/2025
HD01533,e7a2f4b5-bf3f-47e0-b981-e6142607b6bc,Giày Chunky Sneaker Unisex,Giày,38,Trắng,2,850000,27/08/2025
HD01533,0f6632d3-5cf7-42d2-9157-f13f0084a634,Áo Khoác Nam Denim Classic,Áo khoác,XL,Xanh,2,550000,27/08/2025
HD01533,9456490a-db92-4ace-9320-5e745196fa6b,Áo Thun Polo Unisex Oversize,Áo thun,M,Xanh Navy,2,259000,27/08/2025
HD01533,7a29452a-b709-4fb1-8dd9-a5d8e53fa194,Váy Nữ Dài,Váy,S,Be,2,459000,27/08/2025
HD01533,0537aac5-9d37-4ea1-bee3-5ed3851cc79d,Áo Sơ Mi Nam Vải Linen Xanh,Áo sơ mi,XL,Xanh,1,340000,27/08/2025
HD01534,b3d420d4-d451-4c61-bd20-6636b4973e09,Cardigan Nữ Len Dệt Kim Kem,Cardigan,S,Be,2,499000,26/12/2025
HD01534,cc14f38d-1c5d-44e4-a577-c2add0a1b47e,Áo Sơ Mi Nữ Linen Kem,Áo sơ mi,L,Be,2,359000,26/12/2025
HD01535,773638cb-7eea-46c3-8af4-3bce1ecb5dd2,Áo Polo Nam Công Sở Premium,Áo thun,XXL,Xanh Navy,2,350000,26/09/2025
HD01535,bf8bb740-6ff2-40aa-b164-ac144119c781,Giày Tây Nam Derby Lịch Lãm,Giày,39,Xám,1,990000,26/09/2025
HD01535,7a707f6c-7a4b-4392-80c8-475eb6eb4bc8,Quần Tây Nam Lịch Lãm Công Sở,Quần,32,Đen,2,489000,26/09/2025
HD01536,4ef3b541-6c86-4287-8090-28809b3559fe,Giày Chạy Bộ Nam Running Sport,Giày,43,Đen,2,790000,27/05/2025
HD01536,e6f18dbb-acb7-46bb-a116-d6111d7b40f8,Quần Jogger Nam Thể Thao Nỉ,Quần,XL,Xám,1,320000,27/05/2025
HD01537,bf8bb740-6ff2-40aa-b164-ac144119c781,Giày Tây Nam Derby Lịch Lãm,Giày,40,Xám,2,990000,20/02/2025
HD01537,7a707f6c-7a4b-4392-80c8-475eb6eb4bc8,Quần Tây Nam Lịch Lãm Công Sở,Quần,30,Đen,2,489000,20/02/2025
HD01537,75a19ddc-3ed9-45f0-9578-73b1935b5ad4,Áo Thun Unisex Oversize Cotton,Áo thun,M,Xám,2,199000,20/02/2025
HD01538,2d01e356-ac67-4d6f-83ce-e2c9ad89a55d,Quần Tây Nữ Ống Suông,Quần,L,Đen,1,459000,24/01/2025
HD01538,7af62054-cb7c-43d5-8a7a-f6de97b8440d,Blazer Nữ Công Sở Premium,Blazer,M,Trắng,1,820000,24/01/2025
HD01538,1d8256e6-c737-4a4c-86b9-b28f0c3112eb,Áo Sơ Mi Nữ Oxford Trắng,Áo sơ mi,L,Trắng,1,329000,24/01/2025
HD01539,b9070ded-f7bb-4ae7-8384-31f433f188c1,Quần Jogger Nam Kaki Túi Hộp,Quần,XL,Đen,1,350000,24/05/2025
HD01539,99f07ede-2b19-4f58-949e-3c20b4da9416,Nón Snapback Unisex Streetwear,Nón,Free Size,Xám,2,220000,24/05/2025
HD01539,08f8884f-159a-4ac0-956a-63c1d86d3552,Quần short Nam,Quần,XL,Đen,1,189000,24/05/2025
HD01540,12c3c23d-b26f-4090-b661-3e330f928a84,Nón Thể Thao Unisex,Nón,Free Size,Trắng,2,160000,05/03/2026
HD01540,4ef3b541-6c86-4287-8090-28809b3559fe,Giày Chạy Bộ Nam Running Sport,Giày,41,Đen,2,790000,05/03/2026
HD01541,80fca8d2-8d12-40fd-aaf6-6c3e0e0d49ea,Cardigan Nữ Len Mỏng,Cardigan,L,Kem,1,399000,29/03/2025
HD01541,b44f5194-d6f8-497b-b568-738d7d09c9e4,Áo Thun Nữ Croptop Cổ Tim,Áo thun,S,Trắng,2,120000,29/03/2025
HD01542,1d8256e6-c737-4a4c-86b9-b28f0c3112eb,Áo Sơ Mi Nữ Oxford Trắng,Áo sơ mi,M,Trắng,2,329000,08/05/2025
HD01542,7af62054-cb7c-43d5-8a7a-f6de97b8440d,Blazer Nữ Công Sở Premium,Blazer,L,Trắng,1,820000,08/05/2025
HD01542,668c0c46-b451-49fb-a269-45e518a0a645,Quần Jeans Nam Slimfit,Quần,29,Xanh đậm,2,549000,08/05/2025
HD01543,d687bdc0-7bd2-4fb3-b157-ef8d3c1b2135,Quần Jogger Unisex Nỉ Basic,Quần,L,Xám,1,280000,27/03/2025
HD01543,d15def0c-3a31-492a-ac97-382525c2218a,Áo Sweater Unisex Trơn Basic,Áo khoác,M,Nâu,1,320000,27/03/2025
HD01544,3040b7d2-2bea-4c81-bd8c-2c17927ad9e2,Quần Culottes Nữ,Quần,S,Be,2,379000,06/04/2025
HD01544,c1e91e52-aef3-48ee-98d1-ddb905271917,Quần Tây Nữ Công Sở,Quần,M,Đen,2,459000,06/04/2025
HD01544,01a62d8d-11a8-4f0e-95c8-28324f5438b6,Áo Body Nữ Basic Cổ Lọ,Áo body,M,Trắng,1,269000,06/04/2025
HD01544,f79701c0-468d-45ca-a063-f2c32fead22e,Áo Polo Nam Basic,Áo thun,S,Xanh Navy,2,279000,06/04/2025
HD01545,c36ca838-024f-462b-b202-e125f17c3a90,Áo Body Nữ Tay Dài Ôm Sát,Áo body,M,Đen,1,299000,11/03/2025
HD01545,db900625-f6c9-41e1-a4eb-2042fcd9496f,Giày Cao Gót Nữ Đế Nhọn Công Sở,Giày,36,Trắng,1,490000,11/03/2025
HD01545,409dbb70-64f9-445d-b146-33a6ba02b819,Váy Nữ Dự Tiệc Trễ Vai Sang Chảnh,Váy,S,Đỏ,2,690000,11/03/2025
HD01546,7af62054-cb7c-43d5-8a7a-f6de97b8440d,Blazer Nữ Công Sở Premium,Blazer,M,Trắng,1,820000,06/04/2026
HD01546,1d8256e6-c737-4a4c-86b9-b28f0c3112eb,Áo Sơ Mi Nữ Oxford Trắng,Áo sơ mi,L,Trắng,1,329000,06/04/2026
HD01546,2d01e356-ac67-4d6f-83ce-e2c9ad89a55d,Quần Tây Nữ Ống Suông,Quần,M,Đen,1,459000,06/04/2026
HD01547,cc14f38d-1c5d-44e4-a577-c2add0a1b47e,Áo Sơ Mi Nữ Linen Kem,Áo sơ mi,S,Be,2,359000,28/04/2026
HD01547,b3d420d4-d451-4c61-bd20-6636b4973e09,Cardigan Nữ Len Dệt Kim Kem,Cardigan,M,Be,2,499000,28/04/2026
HD01548,ca7585c8-ddbf-4d1d-a666-37a7b963d906,Balo Unisex Thời Trang Chống Nước,Nón,Free Size,Trắng,2,450000,23/10/2025
HD01548,d687bdc0-7bd2-4fb3-b157-ef8d3c1b2135,Quần Jogger Unisex Nỉ Basic,Quần,XL,Xám,2,280000,23/10/2025
HD01548,d15def0c-3a31-492a-ac97-382525c2218a,Áo Sweater Unisex Trơn Basic,Áo khoác,M,Nâu,1,320000,23/10/2025
HD01549,72b9161e-e55b-4802-a1c7-d7f33e5ccb0d,Quần Jogger Nam,Quần,M,Xám,2,320000,26/10/2025
HD01549,93c3d112-b724-48cb-bee5-b2dcef7f1d55,Áo Khoác Gió Unisex Thể Thao,Áo khoác,XL,Đen,1,350000,26/10/2025
HD01549,aeefd253-ff9c-45c1-9da7-06ebdf2c502c,Áo Khoác Denim Unisex Form Rộng,Áo khoác,M,Xanh,2,550000,26/10/2025
HD01549,f905c3e5-b9ef-496a-9516-a5cd2ae75514,Áo Hoodie Unisex Basic,Áo khoác,L,Nâu,2,399000,26/10/2025
HD01550,409dbb70-64f9-445d-b146-33a6ba02b819,Váy Nữ Dự Tiệc Trễ Vai Sang Chảnh,Váy,L,Đỏ,1,690000,04/01/2025
HD01550,db900625-f6c9-41e1-a4eb-2042fcd9496f,Giày Cao Gót Nữ Đế Nhọn Công Sở,Giày,37,Trắng,2,490000,04/01/2025
HD01551,d15def0c-3a31-492a-ac97-382525c2218a,Áo Sweater Unisex Trơn Basic,Áo khoác,XL,Nâu,1,320000,29/04/2025
HD01551,d687bdc0-7bd2-4fb3-b157-ef8d3c1b2135,Quần Jogger Unisex Nỉ Basic,Quần,L,Xám,1,280000,29/04/2025
HD01552,bf8bb740-6ff2-40aa-b164-ac144119c781,Giày Tây Nam Derby Lịch Lãm,Giày,42,Xám,1,990000,24/09/2025
HD01552,773638cb-7eea-46c3-8af4-3bce1ecb5dd2,Áo Polo Nam Công Sở Premium,Áo thun,L,Xanh Navy,2,350000,24/09/2025
HD01552,7a707f6c-7a4b-4392-80c8-475eb6eb4bc8,Quần Tây Nam Lịch Lãm Công Sở,Quần,31,Đen,1,489000,24/09/2025
HD01553,1d9f44d7-0657-47ec-baf9-659b9bfe2f6d,Áo Len Nam Cổ Lọ Ấm Áp,Áo len,L,Đen,2,520000,15/04/2026
HD01553,0f6632d3-5cf7-42d2-9157-f13f0084a634,Áo Khoác Nam Denim Classic,Áo khoác,XL,Xanh,1,550000,15/04/2026
HD01553,bb06c357-8eb3-4ffe-a765-1307de4e19eb,Mũ Len Unisex Mùa Đông Ấm Áp,Nón,Free Size,Xám,1,150000,15/04/2026
HD01553,668c0c46-b451-49fb-a269-45e518a0a645,Quần Jeans Nam Slimfit,Quần,32,Xanh đậm,1,549000,15/04/2026
HD01554,08f8884f-159a-4ac0-956a-63c1d86d3552,Quần short Nam,Quần,M,Đen,2,189000,12/03/2025
HD01554,86a9c31d-97c5-47fc-b2ce-292729ac16ad,Nón Bucket Unisex Họa Tiết Loang,Nón,Free Size,Đen,1,180000,12/03/2025
HD01555,f79701c0-468d-45ca-a063-f2c32fead22e,Áo Polo Nam Basic,Áo thun,M,Xanh Navy,1,279000,28/04/2025
HD01555,591f87ca-ccec-4d04-af4e-fe941c4ee72e,Giày Sneaker Trắng Unisex Streetwear,Giày,41,Trắng,2,650000,28/04/2025
HD01555,3d8984b4-57a3-4d52-913c-2a11d9222ede,Áo Thun Nam Basic,Áo thun,S,Nâu,2,199000,28/04/2025
HD01556,c36ca838-024f-462b-b202-e125f17c3a90,Áo Body Nữ Tay Dài Ôm Sát,Áo body,L,Đen,1,299000,26/09/2025
HD01556,db900625-f6c9-41e1-a4eb-2042fcd9496f,Giày Cao Gót Nữ Đế Nhọn Công Sở,Giày,36,Trắng,2,490000,26/09/2025
HD01557,d687bdc0-7bd2-4fb3-b157-ef8d3c1b2135,Quần Jogger Unisex Nỉ Basic,Quần,XL,Xám,1,280000,29/04/2026
HD01557,ca7585c8-ddbf-4d1d-a666-37a7b963d906,Balo Unisex Thời Trang Chống Nước,Nón,Free Size,Trắng,1,450000,29/04/2026
HD01557,d15def0c-3a31-492a-ac97-382525c2218a,Áo Sweater Unisex Trơn Basic,Áo khoác,M,Nâu,1,320000,29/04/2026
HD01557,75a19ddc-3ed9-45f0-9578-73b1935b5ad4,Áo Thun Unisex Oversize Cotton,Áo thun,L,Xám,1,199000,29/04/2026
HD01558,5aee6bb0-ffad-4321-976e-a7a74709d94d,Dép Unisex Quai Ngang Êm Chân,Giày,40,Đen,2,150000,03/10/2025
HD01558,20b29c90-bea4-432c-ac66-0b72cbccdf6a,Áo Sơ Mi Nữ Linen,Áo sơ mi,S,Be,2,359000,03/10/2025
HD01558,6217de90-58f8-4c3f-99e7-59c09b50f42d,Áo Khoác Nam Denim,Áo khoác,XL,Xanh,2,559000,03/10/2025
HD01558,92f492fc-802a-4e3f-9110-cedb91786563,Áo Sơ Mi Nữ Công Sở,Áo sơ mi,M,Xanh,1,299000,03/10/2025
HD01559,d687bdc0-7bd2-4fb3-b157-ef8d3c1b2135,Quần Jogger Unisex Nỉ Basic,Quần,XL,Xám,1,280000,12/01/2026
HD01559,d15def0c-3a31-492a-ac97-382525c2218a,Áo Sweater Unisex Trơn Basic,Áo khoác,M,Nâu,2,320000,12/01/2026
HD01560,ca7585c8-ddbf-4d1d-a666-37a7b963d906,Balo Unisex Thời Trang Chống Nước,Nón,Free Size,Trắng,2,450000,08/12/2025
HD01560,d687bdc0-7bd2-4fb3-b157-ef8d3c1b2135,Quần Jogger Unisex Nỉ Basic,Quần,M,Xám,1,280000,08/12/2025
HD01560,d15def0c-3a31-492a-ac97-382525c2218a,Áo Sweater Unisex Trơn Basic,Áo khoác,L,Nâu,1,320000,08/12/2025
HD01561,7a707f6c-7a4b-4392-80c8-475eb6eb4bc8,Quần Tây Nam Lịch Lãm Công Sở,Quần,29,Đen,2,489000,24/06/2025
HD01561,bf8bb740-6ff2-40aa-b164-ac144119c781,Giày Tây Nam Derby Lịch Lãm,Giày,42,Xám,1,990000,24/06/2025
HD01562,591f87ca-ccec-4d04-af4e-fe941c4ee72e,Giày Sneaker Trắng Unisex Streetwear,Giày,42,Trắng,1,650000,20/01/2025
HD01562,c9e6150b-fdf6-4a91-8f2c-d8bab75b9f2b,Hoodie Unisex Local Brand Cực Chất,Áo khoác,M,Nâu,1,399000,20/01/2025
HD01562,0d2d0b09-60dc-474a-a0d4-d49689e230b8,Quần Jeans Nữ Ống Rộng Culottes,Quần,L,Kem,2,529000,20/01/2025
HD01563,1d9f44d7-0657-47ec-baf9-659b9bfe2f6d,Áo Len Nam Cổ Lọ Ấm Áp,Áo len,L,Đen,2,520000,23/01/2025
HD01563,0f6632d3-5cf7-42d2-9157-f13f0084a634,Áo Khoác Nam Denim Classic,Áo khoác,L,Xanh,2,550000,23/01/2025
HD01564,db900625-f6c9-41e1-a4eb-2042fcd9496f,Giày Cao Gót Nữ Đế Nhọn Công Sở,Giày,35,Trắng,1,490000,13/03/2025
HD01564,409dbb70-64f9-445d-b146-33a6ba02b819,Váy Nữ Dự Tiệc Trễ Vai Sang Chảnh,Váy,M,Đỏ,1,690000,13/03/2025
HD01565,c9e6150b-fdf6-4a91-8f2c-d8bab75b9f2b,Hoodie Unisex Local Brand Cực Chất,Áo khoác,XL,Nâu,2,399000,26/03/2026
HD01565,591f87ca-ccec-4d04-af4e-fe941c4ee72e,Giày Sneaker Trắng Unisex Streetwear,Giày,38,Trắng,1,650000,26/03/2026
HD01565,b8a6d3f1-ad5c-4c5b-adf9-7e766ed462a5,Nón Bucket Unisex Vải Kaki Trơn,Nón,Free Size,Đen,1,150000,26/03/2026
HD01566,591f87ca-ccec-4d04-af4e-fe941c4ee72e,Giày Sneaker Trắng Unisex Streetwear,Giày,42,Trắng,1,650000,20/03/2025
HD01566,f79701c0-468d-45ca-a063-f2c32fead22e,Áo Polo Nam Basic,Áo thun,S,Xanh Navy,1,279000,20/03/2025
HD01566,565df8e7-d30d-4935-a0a2-bcd5ab5bf4a2,Quần Jeans Nam Slimfit Đen,Quần,32,Đen,2,549000,20/03/2025
HD01567,565df8e7-d30d-4935-a0a2-bcd5ab5bf4a2,Quần Jeans Nam Slimfit Đen,Quần,29,Đen,2,549000,29/06/2025
HD01567,591f87ca-ccec-4d04-af4e-fe941c4ee72e,Giày Sneaker Trắng Unisex Streetwear,Giày,41,Trắng,2,650000,29/06/2025
HD01567,f79701c0-468d-45ca-a063-f2c32fead22e,Áo Polo Nam Basic,Áo thun,XL,Xanh Navy,2,279000,29/06/2025
HD01567,626b4040-d17f-4bae-a99a-a9bd43b0140b,Áo Len Nam Cổ Lọ,Áo len,M,Xám,2,520000,29/06/2025
HD01568,8ad4ef8e-e76a-4754-9239-64101f13a08e,Quần Short Nữ Jeans Retro,Quần,L,Xanh,1,289000,02/04/2026
HD01568,f79701c0-468d-45ca-a063-f2c32fead22e,Áo Polo Nam Basic,Áo thun,M,Xanh Navy,1,279000,02/04/2026
HD01568,b9cffddd-aa22-47ea-b376-34ad81004eed,Blazer Nữ Công Sở,Blazer,L,Trắng,1,820000,02/04/2026
HD01568,f715e6cf-f139-40fc-9411-eb5a1391b6a3,Quần Short Unisex Nỉ Thể Thao,Quần,M,Đen,1,189000,02/04/2026
HD01569,f79701c0-468d-45ca-a063-f2c32fead22e,Áo Polo Nam Basic,Áo thun,L,Xanh Navy,1,279000,02/06/2025
HD01569,591f87ca-ccec-4d04-af4e-fe941c4ee72e,Giày Sneaker Trắng Unisex Streetwear,Giày,40,Trắng,1,650000,02/06/2025
HD01569,d687bdc0-7bd2-4fb3-b157-ef8d3c1b2135,Quần Jogger Unisex Nỉ Basic,Quần,M,Xám,2,280000,02/06/2025
HD01570,591f87ca-ccec-4d04-af4e-fe941c4ee72e,Giày Sneaker Trắng Unisex Streetwear,Giày,40,Trắng,2,650000,19/06/2025
HD01570,c9e6150b-fdf6-4a91-8f2c-d8bab75b9f2b,Hoodie Unisex Local Brand Cực Chất,Áo khoác,L,Nâu,2,399000,19/06/2025
HD01571,2d01e356-ac67-4d6f-83ce-e2c9ad89a55d,Quần Tây Nữ Ống Suông,Quần,M,Đen,1,459000,15/12/2025
HD01571,7af62054-cb7c-43d5-8a7a-f6de97b8440d,Blazer Nữ Công Sở Premium,Blazer,M,Trắng,1,820000,15/12/2025
HD01571,1d8256e6-c737-4a4c-86b9-b28f0c3112eb,Áo Sơ Mi Nữ Oxford Trắng,Áo sơ mi,S,Trắng,2,329000,15/12/2025
HD01571,0f6632d3-5cf7-42d2-9157-f13f0084a634,Áo Khoác Nam Denim Classic,Áo khoác,M,Xanh,2,550000,15/12/2025
HD01572,b8a6d3f1-ad5c-4c5b-adf9-7e766ed462a5,Nón Bucket Unisex Vải Kaki Trơn,Nón,Free Size,Đen,1,150000,13/10/2025
HD01572,591f87ca-ccec-4d04-af4e-fe941c4ee72e,Giày Sneaker Trắng Unisex Streetwear,Giày,42,Trắng,1,650000,13/10/2025
HD01573,4ef3b541-6c86-4287-8090-28809b3559fe,Giày Chạy Bộ Nam Running Sport,Giày,42,Đen,2,790000,10/03/2026
HD01573,e6f18dbb-acb7-46bb-a116-d6111d7b40f8,Quần Jogger Nam Thể Thao Nỉ,Quần,M,Xám,2,320000,10/03/2026
HD01573,12c3c23d-b26f-4090-b661-3e330f928a84,Nón Thể Thao Unisex,Nón,Free Size,Trắng,2,160000,10/03/2026
HD01573,dda95a07-c578-4e4d-a707-ee9fa4ee14cc,Áo Len Nam Dệt Kim,Áo len,XL,Trắng,2,469000,10/03/2026
HD01574,4ef3b541-6c86-4287-8090-28809b3559fe,Giày Chạy Bộ Nam Running Sport,Giày,40,Đen,1,790000,09/10/2025
HD01574,12c3c23d-b26f-4090-b661-3e330f928a84,Nón Thể Thao Unisex,Nón,Free Size,Trắng,1,160000,09/10/2025
HD01575,591f87ca-ccec-4d04-af4e-fe941c4ee72e,Giày Sneaker Trắng Unisex Streetwear,Giày,42,Trắng,1,650000,31/03/2026
HD01575,f79701c0-468d-45ca-a063-f2c32fead22e,Áo Polo Nam Basic,Áo thun,S,Xanh Navy,2,279000,31/03/2026
HD01575,e668318e-62fd-4730-9829-e614a2db7729,Blazer Nữ Form Rộng,Blazer,L,Xám,2,850000,31/03/2026
HD01576,1d9f44d7-0657-47ec-baf9-659b9bfe2f6d,Áo Len Nam Cổ Lọ Ấm Áp,Áo len,L,Đen,1,520000,12/05/2026
HD01576,bb06c357-8eb3-4ffe-a765-1307de4e19eb,Mũ Len Unisex Mùa Đông Ấm Áp,Nón,Free Size,Xám,2,150000,12/05/2026
HD01576,0f6632d3-5cf7-42d2-9157-f13f0084a634,Áo Khoác Nam Denim Classic,Áo khoác,XL,Xanh,1,550000,12/05/2026
HD01577,4ef3b541-6c86-4287-8090-28809b3559fe,Giày Chạy Bộ Nam Running Sport,Giày,40,Đen,1,790000,29/07/2025
HD01577,e6f18dbb-acb7-46bb-a116-d6111d7b40f8,Quần Jogger Nam Thể Thao Nỉ,Quần,XL,Xám,1,320000,29/07/2025
HD01578,7a707f6c-7a4b-4392-80c8-475eb6eb4bc8,Quần Tây Nam Lịch Lãm Công Sở,Quần,29,Đen,2,489000,09/01/2026
HD01578,03b22bfb-54c3-42d4-b00d-f03c542dacb4,Áo Polo Nam Sọc Ngang,Áo thun,L,Trắng,2,289000,09/01/2026
HD01579,591f87ca-ccec-4d04-af4e-fe941c4ee72e,Giày Sneaker Trắng Unisex Streetwear,Giày,40,Trắng,2,650000,16/02/2026
HD01579,b8a6d3f1-ad5c-4c5b-adf9-7e766ed462a5,Nón Bucket Unisex Vải Kaki Trơn,Nón,Free Size,Đen,1,150000,16/02/2026
HD01579,fba0cb23-9cc9-40ed-a279-a57f1c6ac794,Áo Khoác Nam Bomber,Áo khoác,L,Đen,2,499000,16/02/2026
HD01580,7a707f6c-7a4b-4392-80c8-475eb6eb4bc8,Quần Tây Nam Lịch Lãm Công Sở,Quần,29,Đen,2,489000,13/01/2025
HD01580,773638cb-7eea-46c3-8af4-3bce1ecb5dd2,Áo Polo Nam Công Sở Premium,Áo thun,S,Xanh Navy,2,350000,13/01/2025
HD01580,bf8bb740-6ff2-40aa-b164-ac144119c781,Giày Tây Nam Derby Lịch Lãm,Giày,42,Xám,1,990000,13/01/2025
HD01581,92f492fc-802a-4e3f-9110-cedb91786563,Áo Sơ Mi Nữ Công Sở,Áo sơ mi,M,Xanh,1,299000,20/03/2026
HD01581,31c0b020-668f-4c1e-aa4b-e58b7ea7da0f,Nón Lưỡi Trai Basic Unisex,Nón,FreeSize,Trắng,2,120000,20/03/2026
HD01581,020a480f-a235-4103-9eaf-f34d0cff36ed,Quần Jeans Nữ Skinny,Quần,S,Xanh,1,489000,20/03/2026
HD01581,b73fb852-1dd9-4829-86c6-c6c6f6ca7b73,Túi Tote Vải Unisex Tiện Lợi,Nón,Free Size,Trắng,1,120000,20/03/2026
HD01581,b675c96d-da9f-4712-a11c-0596cc052da0,Giày Sneaker Cổ Cao Unisex,Giày,39,Trắng,1,690000,20/03/2026
HD01582,773638cb-7eea-46c3-8af4-3bce1ecb5dd2,Áo Polo Nam Công Sở Premium,Áo thun,XXL,Xanh Navy,2,350000,04/09/2025
HD01582,bf8bb740-6ff2-40aa-b164-ac144119c781,Giày Tây Nam Derby Lịch Lãm,Giày,40,Xám,1,990000,04/09/2025
HD01582,7a707f6c-7a4b-4392-80c8-475eb6eb4bc8,Quần Tây Nam Lịch Lãm Công Sở,Quần,30,Đen,1,489000,04/09/2025
HD01583,99f07ede-2b19-4f58-949e-3c20b4da9416,Nón Snapback Unisex Streetwear,Nón,Free Size,Xám,2,220000,11/03/2025
HD01583,b9070ded-f7bb-4ae7-8384-31f433f188c1,Quần Jogger Nam Kaki Túi Hộp,Quần,M,Đen,1,350000,11/03/2025
HD01583,8211c7e6-49da-422e-8c8e-61bf0288e356,Áo Thun Nam Oversize Cực Chất,Áo thun,M,Đen,1,220000,11/03/2025
HD01584,bb06c357-8eb3-4ffe-a765-1307de4e19eb,Mũ Len Unisex Mùa Đông Ấm Áp,Nón,Free Size,Xám,2,150000,03/07/2025
HD01584,1d9f44d7-0657-47ec-baf9-659b9bfe2f6d,Áo Len Nam Cổ Lọ Ấm Áp,Áo len,L,Đen,2,520000,03/07/2025
HD01585,ca7585c8-ddbf-4d1d-a666-37a7b963d906,Balo Unisex Thời Trang Chống Nước,Nón,Free Size,Trắng,2,450000,28/04/2026
HD01585,d687bdc0-7bd2-4fb3-b157-ef8d3c1b2135,Quần Jogger Unisex Nỉ Basic,Quần,L,Xám,1,280000,28/04/2026
HD01585,d15def0c-3a31-492a-ac97-382525c2218a,Áo Sweater Unisex Trơn Basic,Áo khoác,L,Nâu,2,320000,28/04/2026
HD01586,2d01e356-ac67-4d6f-83ce-e2c9ad89a55d,Quần Tây Nữ Ống Suông,Quần,S,Đen,2,459000,06/08/2025
HD01586,4bdea4f1-6aa9-4f3d-99e7-1c679695c149,Cardigan Nữ Dệt Kim,Cardigan,L,Be,1,499000,06/08/2025
HD01586,6217de90-58f8-4c3f-99e7-59c09b50f42d,Áo Khoác Nam Denim,Áo khoác,L,Xanh,1,559000,06/08/2025
HD01587,a7c450bf-193d-4223-b178-523acdd5ce71,Quần Kaki Nam Dáng Suông,Quần,32,Kem,1,389000,23/04/2026
HD01587,85f5b187-a705-4316-b553-16ca69de626b,Áo len phong cách cho nam,Áo len,L,Xám,2,789000,23/04/2026
HD01587,1d9f44d7-0657-47ec-baf9-659b9bfe2f6d,Áo Len Nam Cổ Lọ Ấm Áp,Áo len,L,Đen,1,520000,23/04/2026
HD01587,42027732-03d0-4a71-a42b-eafc03a8cc71,Áo Khoác Blazer Unisex Form Rộng,Blazer,L,Xám,2,750000,23/04/2026
HD01588,c36ca838-024f-462b-b202-e125f17c3a90,Áo Body Nữ Tay Dài Ôm Sát,Áo body,S,Đen,1,299000,01/02/2025
HD01588,409dbb70-64f9-445d-b146-33a6ba02b819,Váy Nữ Dự Tiệc Trễ Vai Sang Chảnh,Váy,S,Đỏ,2,690000,01/02/2025
HD01589,99f07ede-2b19-4f58-949e-3c20b4da9416,Nón Snapback Unisex Streetwear,Nón,Free Size,Xám,1,220000,25/05/2025
HD01589,8211c7e6-49da-422e-8c8e-61bf0288e356,Áo Thun Nam Oversize Cực Chất,Áo thun,XL,Đen,2,220000,25/05/2025
HD01589,b9070ded-f7bb-4ae7-8384-31f433f188c1,Quần Jogger Nam Kaki Túi Hộp,Quần,XL,Đen,1,350000,25/05/2025
HD01590,db900625-f6c9-41e1-a4eb-2042fcd9496f,Giày Cao Gót Nữ Đế Nhọn Công Sở,Giày,38,Trắng,2,490000,03/04/2026
HD01590,c36ca838-024f-462b-b202-e125f17c3a90,Áo Body Nữ Tay Dài Ôm Sát,Áo body,S,Đen,2,299000,03/04/2026
HD01590,409dbb70-64f9-445d-b146-33a6ba02b819,Váy Nữ Dự Tiệc Trễ Vai Sang Chảnh,Váy,S,Đỏ,2,690000,03/04/2026
HD01590,f05e6db1-a12e-426c-aa6d-d5e504740533,Áo Body Nữ Tay Dài,Áo body,M,Đen,2,299000,03/04/2026
HD01591,8211c7e6-49da-422e-8c8e-61bf0288e356,Áo Thun Nam Oversize Cực Chất,Áo thun,XL,Đen,1,220000,08/12/2025
HD01591,b9070ded-f7bb-4ae7-8384-31f433f188c1,Quần Jogger Nam Kaki Túi Hộp,Quần,M,Đen,1,350000,08/12/2025
HD01591,99f07ede-2b19-4f58-949e-3c20b4da9416,Nón Snapback Unisex Streetwear,Nón,Free Size,Xám,1,220000,08/12/2025
HD01592,e6f18dbb-acb7-46bb-a116-d6111d7b40f8,Quần Jogger Nam Thể Thao Nỉ,Quần,L,Xám,2,320000,18/04/2026
HD01592,12c3c23d-b26f-4090-b661-3e330f928a84,Nón Thể Thao Unisex,Nón,Free Size,Trắng,2,160000,18/04/2026
HD01593,b3d420d4-d451-4c61-bd20-6636b4973e09,Cardigan Nữ Len Dệt Kim Kem,Cardigan,S,Be,1,499000,06/05/2025
HD01593,47321475-4386-4cf5-8b77-af01547cd204,Quần Baggy Nữ Hàn Quốc,Quần,L,Đen,2,429000,06/05/2025
HD01593,cc14f38d-1c5d-44e4-a577-c2add0a1b47e,Áo Sơ Mi Nữ Linen Kem,Áo sơ mi,L,Be,2,359000,06/05/2025
HD01594,b9070ded-f7bb-4ae7-8384-31f433f188c1,Quần Jogger Nam Kaki Túi Hộp,Quần,M,Đen,2,350000,01/04/2025
HD01594,99f07ede-2b19-4f58-949e-3c20b4da9416,Nón Snapback Unisex Streetwear,Nón,Free Size,Xám,2,220000,01/04/2025
HD01595,9b3e4d7c-96f1-4236-826e-5f32678a9fc4,Quần Jeans Nam,Quần,31,Xanh đậm,1,549000,20/12/2025
HD01595,bf8bb740-6ff2-40aa-b164-ac144119c781,Giày Tây Nam Derby Lịch Lãm,Giày,42,Xám,2,990000,20/12/2025
HD01595,fba0cb23-9cc9-40ed-a279-a57f1c6ac794,Áo Khoác Nam Bomber,Áo khoác,M,Đen,1,499000,20/12/2025
HD01595,03b22bfb-54c3-42d4-b00d-f03c542dacb4,Áo Polo Nam Sọc Ngang,Áo thun,L,Trắng,1,289000,20/12/2025
HD01595,020a480f-a235-4103-9eaf-f34d0cff36ed,Quần Jeans Nữ Skinny,Quần,S,Xanh,1,489000,20/12/2025
HD01596,b3d420d4-d451-4c61-bd20-6636b4973e09,Cardigan Nữ Len Dệt Kim Kem,Cardigan,L,Be,1,499000,30/01/2025
HD01596,cc14f38d-1c5d-44e4-a577-c2add0a1b47e,Áo Sơ Mi Nữ Linen Kem,Áo sơ mi,M,Be,2,359000,30/01/2025
HD01596,47321475-4386-4cf5-8b77-af01547cd204,Quần Baggy Nữ Hàn Quốc,Quần,M,Đen,1,429000,30/01/2025
HD01597,565df8e7-d30d-4935-a0a2-bcd5ab5bf4a2,Quần Jeans Nam Slimfit Đen,Quần,32,Đen,2,549000,04/04/2025
HD01597,591f87ca-ccec-4d04-af4e-fe941c4ee72e,Giày Sneaker Trắng Unisex Streetwear,Giày,41,Trắng,2,650000,04/04/2025
HD01598,99f07ede-2b19-4f58-949e-3c20b4da9416,Nón Snapback Unisex Streetwear,Nón,Free Size,Xám,1,220000,15/03/2025
HD01598,56edf28b-737a-4e1d-8e76-51796deff112,Nón Lưỡi Trai Unisex Basic Đen,Nón,Free Size,Đen,1,99000,15/03/2025
HD01598,14aa5a7e-58a7-4ee6-91dc-3b3841539483,Áo Thun Nam Graphic Print,Áo thun,XL,Xám,1,259000,15/03/2025
HD01599,12c3c23d-b26f-4090-b661-3e330f928a84,Nón Thể Thao Unisex,Nón,Free Size,Trắng,1,160000,06/03/2025
HD01599,e6f18dbb-acb7-46bb-a116-d6111d7b40f8,Quần Jogger Nam Thể Thao Nỉ,Quần,XL,Xám,1,320000,06/03/2025
HD01600,2d01e356-ac67-4d6f-83ce-e2c9ad89a55d,Quần Tây Nữ Ống Suông,Quần,M,Đen,2,459000,24/03/2026
HD01600,1d8256e6-c737-4a4c-86b9-b28f0c3112eb,Áo Sơ Mi Nữ Oxford Trắng,Áo sơ mi,M,Trắng,1,329000,24/03/2026
HD01601,1d9f44d7-0657-47ec-baf9-659b9bfe2f6d,Áo Len Nam Cổ Lọ Ấm Áp,Áo len,M,Đen,1,520000,11/04/2025
HD01601,0f6632d3-5cf7-42d2-9157-f13f0084a634,Áo Khoác Nam Denim Classic,Áo khoác,M,Xanh,1,550000,11/04/2025
HD01602,d15def0c-3a31-492a-ac97-382525c2218a,Áo Sweater Unisex Trơn Basic,Áo khoác,M,Nâu,1,320000,23/07/2025
HD01602,d687bdc0-7bd2-4fb3-b157-ef8d3c1b2135,Quần Jogger Unisex Nỉ Basic,Quần,XL,Xám,1,280000,23/07/2025
HD01603,dda95a07-c578-4e4d-a707-ee9fa4ee14cc,Áo Len Nam Dệt Kim,Áo len,XL,Trắng,1,469000,16/07/2025
HD01603,626b4040-d17f-4bae-a99a-a9bd43b0140b,Áo Len Nam Cổ Lọ,Áo len,XL,Xám,2,520000,16/07/2025
HD01603,ca7585c8-ddbf-4d1d-a666-37a7b963d906,Balo Unisex Thời Trang Chống Nước,Nón,Free Size,Trắng,1,450000,16/07/2025
HD01603,863bc572-8ddb-47bc-98e0-bff31818a347,Quần Ống Rộng Nữ,Quần,L,Kem,1,399000,16/07/2025
HD01603,4bdea4f1-6aa9-4f3d-99e7-1c679695c149,Cardigan Nữ Dệt Kim,Cardigan,L,Be,2,499000,16/07/2025
HD01604,d687bdc0-7bd2-4fb3-b157-ef8d3c1b2135,Quần Jogger Unisex Nỉ Basic,Quần,M,Xám,1,280000,10/10/2025
HD01604,ca7585c8-ddbf-4d1d-a666-37a7b963d906,Balo Unisex Thời Trang Chống Nước,Nón,Free Size,Trắng,2,450000,10/10/2025
HD01605,e6f18dbb-acb7-46bb-a116-d6111d7b40f8,Quần Jogger Nam Thể Thao Nỉ,Quần,XL,Xám,1,320000,13/10/2025
HD01605,4ef3b541-6c86-4287-8090-28809b3559fe,Giày Chạy Bộ Nam Running Sport,Giày,41,Đen,2,790000,13/10/2025
HD01605,12c3c23d-b26f-4090-b661-3e330f928a84,Nón Thể Thao Unisex,Nón,Free Size,Trắng,1,160000,13/10/2025
HD01606,4ef3b541-6c86-4287-8090-28809b3559fe,Giày Chạy Bộ Nam Running Sport,Giày,40,Đen,2,790000,02/05/2025
HD01606,12c3c23d-b26f-4090-b661-3e330f928a84,Nón Thể Thao Unisex,Nón,Free Size,Trắng,1,160000,02/05/2025
HD01606,e6f18dbb-acb7-46bb-a116-d6111d7b40f8,Quần Jogger Nam Thể Thao Nỉ,Quần,XL,Xám,1,320000,02/05/2025
HD01607,bb06c357-8eb3-4ffe-a765-1307de4e19eb,Mũ Len Unisex Mùa Đông Ấm Áp,Nón,Free Size,Xám,1,150000,29/11/2025
HD01607,0f6632d3-5cf7-42d2-9157-f13f0084a634,Áo Khoác Nam Denim Classic,Áo khoác,XL,Xanh,2,550000,29/11/2025
HD01607,1d9f44d7-0657-47ec-baf9-659b9bfe2f6d,Áo Len Nam Cổ Lọ Ấm Áp,Áo len,L,Đen,1,520000,29/11/2025
HD01608,1d8256e6-c737-4a4c-86b9-b28f0c3112eb,Áo Sơ Mi Nữ Oxford Trắng,Áo sơ mi,S,Trắng,1,329000,24/11/2025
HD01608,2d01e356-ac67-4d6f-83ce-e2c9ad89a55d,Quần Tây Nữ Ống Suông,Quần,M,Đen,1,459000,24/11/2025
HD01608,7af62054-cb7c-43d5-8a7a-f6de97b8440d,Blazer Nữ Công Sở Premium,Blazer,M,Trắng,1,820000,24/11/2025
HD01608,db900625-f6c9-41e1-a4eb-2042fcd9496f,Giày Cao Gót Nữ Đế Nhọn Công Sở,Giày,38,Trắng,1,490000,24/11/2025
HD01609,1d8256e6-c737-4a4c-86b9-b28f0c3112eb,Áo Sơ Mi Nữ Oxford Trắng,Áo sơ mi,L,Trắng,1,329000,26/07/2025
HD01609,7af62054-cb7c-43d5-8a7a-f6de97b8440d,Blazer Nữ Công Sở Premium,Blazer,L,Trắng,2,820000,26/07/2025
HD01609,2d01e356-ac67-4d6f-83ce-e2c9ad89a55d,Quần Tây Nữ Ống Suông,Quần,S,Đen,2,459000,26/07/2025
HD01610,cc14f38d-1c5d-44e4-a577-c2add0a1b47e,Áo Sơ Mi Nữ Linen Kem,Áo sơ mi,S,Be,2,359000,20/02/2025
HD01610,47321475-4386-4cf5-8b77-af01547cd204,Quần Baggy Nữ Hàn Quốc,Quần,L,Đen,2,429000,20/02/2025
HD01610,b3d420d4-d451-4c61-bd20-6636b4973e09,Cardigan Nữ Len Dệt Kim Kem,Cardigan,S,Be,2,499000,20/02/2025
HD01611,7af62054-cb7c-43d5-8a7a-f6de97b8440d,Blazer Nữ Công Sở Premium,Blazer,M,Trắng,1,820000,25/03/2025
HD01611,1d8256e6-c737-4a4c-86b9-b28f0c3112eb,Áo Sơ Mi Nữ Oxford Trắng,Áo sơ mi,S,Trắng,2,329000,25/03/2025
HD01611,7a29452a-b709-4fb1-8dd9-a5d8e53fa194,Váy Nữ Dài,Váy,M,Be,2,459000,25/03/2025
HD01612,0f6632d3-5cf7-42d2-9157-f13f0084a634,Áo Khoác Nam Denim Classic,Áo khoác,M,Xanh,1,550000,30/01/2026
HD01612,bb06c357-8eb3-4ffe-a765-1307de4e19eb,Mũ Len Unisex Mùa Đông Ấm Áp,Nón,Free Size,Xám,1,150000,30/01/2026
HD01612,1d9f44d7-0657-47ec-baf9-659b9bfe2f6d,Áo Len Nam Cổ Lọ Ấm Áp,Áo len,XL,Đen,1,520000,30/01/2026
HD01613,7af62054-cb7c-43d5-8a7a-f6de97b8440d,Blazer Nữ Công Sở Premium,Blazer,M,Trắng,2,820000,01/08/2025
HD01613,2d01e356-ac67-4d6f-83ce-e2c9ad89a55d,Quần Tây Nữ Ống Suông,Quần,M,Đen,1,459000,01/08/2025
HD01613,1d8256e6-c737-4a4c-86b9-b28f0c3112eb,Áo Sơ Mi Nữ Oxford Trắng,Áo sơ mi,M,Trắng,1,329000,01/08/2025
HD01613,7a1e5705-4b19-42f7-a7ec-504fb2481cc2,Thắt Lưng Da Nam Khóa Tự Động,Nón,Free Size,Đen,1,350000,01/08/2025
HD01614,b8a6d3f1-ad5c-4c5b-adf9-7e766ed462a5,Nón Bucket Unisex Vải Kaki Trơn,Nón,Free Size,Đen,2,150000,03/01/2026
HD01614,591f87ca-ccec-4d04-af4e-fe941c4ee72e,Giày Sneaker Trắng Unisex Streetwear,Giày,41,Trắng,1,650000,03/01/2026
HD01615,bf8bb740-6ff2-40aa-b164-ac144119c781,Giày Tây Nam Derby Lịch Lãm,Giày,40,Xám,1,990000,31/10/2025
HD01615,56edf28b-737a-4e1d-8e76-51796deff112,Nón Lưỡi Trai Unisex Basic Đen,Nón,Free Size,Đen,1,99000,31/10/2025
HD01616,cc14f38d-1c5d-44e4-a577-c2add0a1b47e,Áo Sơ Mi Nữ Linen Kem,Áo sơ mi,S,Be,2,359000,26/05/2025
HD01616,b3d420d4-d451-4c61-bd20-6636b4973e09,Cardigan Nữ Len Dệt Kim Kem,Cardigan,S,Be,2,499000,26/05/2025
HD01617,591f87ca-ccec-4d04-af4e-fe941c4ee72e,Giày Sneaker Trắng Unisex Streetwear,Giày,38,Trắng,1,650000,18/11/2025
HD01617,565df8e7-d30d-4935-a0a2-bcd5ab5bf4a2,Quần Jeans Nam Slimfit Đen,Quần,32,Đen,1,549000,18/11/2025
HD01618,409dbb70-64f9-445d-b146-33a6ba02b819,Váy Nữ Dự Tiệc Trễ Vai Sang Chảnh,Váy,S,Đỏ,1,690000,19/07/2025
HD01618,c36ca838-024f-462b-b202-e125f17c3a90,Áo Body Nữ Tay Dài Ôm Sát,Áo body,M,Đen,1,299000,19/07/2025
HD01619,db900625-f6c9-41e1-a4eb-2042fcd9496f,Giày Cao Gót Nữ Đế Nhọn Công Sở,Giày,36,Trắng,1,490000,24/07/2025
HD01619,c36ca838-024f-462b-b202-e125f17c3a90,Áo Body Nữ Tay Dài Ôm Sát,Áo body,L,Đen,2,299000,24/07/2025
HD01619,409dbb70-64f9-445d-b146-33a6ba02b819,Váy Nữ Dự Tiệc Trễ Vai Sang Chảnh,Váy,L,Đỏ,2,690000,24/07/2025
HD01620,8211c7e6-49da-422e-8c8e-61bf0288e356,Áo Thun Nam Oversize Cực Chất,Áo thun,XL,Đen,2,220000,16/07/2025
HD01620,b9070ded-f7bb-4ae7-8384-31f433f188c1,Quần Jogger Nam Kaki Túi Hộp,Quần,XL,Đen,1,350000,16/07/2025
HD01621,bb06c357-8eb3-4ffe-a765-1307de4e19eb,Mũ Len Unisex Mùa Đông Ấm Áp,Nón,Free Size,Xám,1,150000,22/02/2025
HD01621,1d9f44d7-0657-47ec-baf9-659b9bfe2f6d,Áo Len Nam Cổ Lọ Ấm Áp,Áo len,L,Đen,1,520000,22/02/2025
HD01622,e6f18dbb-acb7-46bb-a116-d6111d7b40f8,Quần Jogger Nam Thể Thao Nỉ,Quần,XL,Xám,2,320000,29/08/2025
HD01622,4ef3b541-6c86-4287-8090-28809b3559fe,Giày Chạy Bộ Nam Running Sport,Giày,42,Đen,1,790000,29/08/2025
HD01623,7a707f6c-7a4b-4392-80c8-475eb6eb4bc8,Quần Tây Nam Lịch Lãm Công Sở,Quần,33,Đen,2,489000,15/01/2026
HD01623,773638cb-7eea-46c3-8af4-3bce1ecb5dd2,Áo Polo Nam Công Sở Premium,Áo thun,S,Xanh Navy,1,350000,15/01/2026
HD01624,47321475-4386-4cf5-8b77-af01547cd204,Quần Baggy Nữ Hàn Quốc,Quần,M,Đen,2,429000,22/04/2025
HD01624,cc14f38d-1c5d-44e4-a577-c2add0a1b47e,Áo Sơ Mi Nữ Linen Kem,Áo sơ mi,M,Be,1,359000,22/04/2025
HD01624,b3d420d4-d451-4c61-bd20-6636b4973e09,Cardigan Nữ Len Dệt Kim Kem,Cardigan,L,Be,2,499000,22/04/2025
HD01625,7a29452a-b709-4fb1-8dd9-a5d8e53fa194,Váy Nữ Dài,Váy,S,Be,2,459000,22/02/2025
HD01625,01a62d8d-11a8-4f0e-95c8-28324f5438b6,Áo Body Nữ Basic Cổ Lọ,Áo body,S,Trắng,1,269000,22/02/2025
HD01625,c9abc8f4-c333-4a02-9fdb-0a7346bdc75f,Váy Nữ Hoa Nhí Dáng A,Váy,M,Hồng,1,390000,22/02/2025
HD01625,2aad4182-f5b2-4e66-a70b-32fe3626ae38,Nón Bucket Basic Unisex,Nón,Free Size,Đen,1,180000,22/02/2025
HD01625,4e83e6d5-6bb8-4d62-b032-d8ffc5ee62ef,Quần Jeans Nam Ống Đứng Regular,Quần,33,Xanh đậm,2,529000,22/02/2025
HD01626,b9070ded-f7bb-4ae7-8384-31f433f188c1,Quần Jogger Nam Kaki Túi Hộp,Quần,M,Đen,1,350000,20/06/2025
HD01626,99f07ede-2b19-4f58-949e-3c20b4da9416,Nón Snapback Unisex Streetwear,Nón,Free Size,Xám,2,220000,20/06/2025
HD01627,c36ca838-024f-462b-b202-e125f17c3a90,Áo Body Nữ Tay Dài Ôm Sát,Áo body,L,Đen,2,299000,25/08/2025
HD01627,1246b9f6-1cf6-4a6f-a0c4-8f8e34c3e4e8,Giày Running Sport Unisex,Giày,42,Đen,2,790000,25/08/2025
HD01627,a9bbcc47-d51e-49fb-aab9-04649744ad76,Áo Thun Nam Cổ Tim Trơn,Áo thun,XL,Đen,1,160000,25/08/2025
HD01627,e7a2f4b5-bf3f-47e0-b981-e6142607b6bc,Giày Chunky Sneaker Unisex,Giày,39,Trắng,1,850000,25/08/2025
HD01627,2351fa2f-2c97-41ba-bcdd-77f50f0bac7b,Quần Kaki Nam Slimfit,Quần,31,Kem,1,389000,25/08/2025
HD01628,409dbb70-64f9-445d-b146-33a6ba02b819,Váy Nữ Dự Tiệc Trễ Vai Sang Chảnh,Váy,S,Đỏ,2,690000,22/11/2025
HD01628,db900625-f6c9-41e1-a4eb-2042fcd9496f,Giày Cao Gót Nữ Đế Nhọn Công Sở,Giày,38,Trắng,1,490000,22/11/2025
HD01629,db900625-f6c9-41e1-a4eb-2042fcd9496f,Giày Cao Gót Nữ Đế Nhọn Công Sở,Giày,38,Trắng,1,490000,25/10/2025
HD01629,12c3c23d-b26f-4090-b661-3e330f928a84,Nón Thể Thao Unisex,Nón,Free Size,Trắng,1,160000,25/10/2025
HD01630,d687bdc0-7bd2-4fb3-b157-ef8d3c1b2135,Quần Jogger Unisex Nỉ Basic,Quần,M,Xám,1,280000,07/05/2026
HD01630,d15def0c-3a31-492a-ac97-382525c2218a,Áo Sweater Unisex Trơn Basic,Áo khoác,M,Nâu,1,320000,07/05/2026
HD01631,1d8256e6-c737-4a4c-86b9-b28f0c3112eb,Áo Sơ Mi Nữ Oxford Trắng,Áo sơ mi,S,Trắng,2,329000,04/04/2026
HD01631,7af62054-cb7c-43d5-8a7a-f6de97b8440d,Blazer Nữ Công Sở Premium,Blazer,S,Trắng,2,820000,04/04/2026
HD01632,5b589295-6165-44f3-840e-bdf84d3c964e,Áo Body Nữ Giữ Nhiệt Bamboo Cổ Tròn,Áo body,M,Trắng,1,329000,28/06/2025
HD01632,e668318e-62fd-4730-9829-e614a2db7729,Blazer Nữ Form Rộng,Blazer,L,Xám,1,850000,28/06/2025
HD01632,201e6224-a601-46ee-bead-63759fec2f51,Áo Len Nam Cổ Tròn Cashmere,Áo len,S,Xám,2,650000,28/06/2025
HD01632,0d2d0b09-60dc-474a-a0d4-d49689e230b8,Quần Jeans Nữ Ống Rộng Culottes,Quần,M,Kem,1,529000,28/06/2025
HD01632,0f6632d3-5cf7-42d2-9157-f13f0084a634,Áo Khoác Nam Denim Classic,Áo khoác,XL,Xanh,2,550000,28/06/2025
HD01633,d15def0c-3a31-492a-ac97-382525c2218a,Áo Sweater Unisex Trơn Basic,Áo khoác,M,Nâu,1,320000,10/06/2025
HD01633,ca7585c8-ddbf-4d1d-a666-37a7b963d906,Balo Unisex Thời Trang Chống Nước,Nón,Free Size,Trắng,2,450000,10/06/2025
HD01634,47321475-4386-4cf5-8b77-af01547cd204,Quần Baggy Nữ Hàn Quốc,Quần,S,Đen,1,429000,05/09/2025
HD01634,b3d420d4-d451-4c61-bd20-6636b4973e09,Cardigan Nữ Len Dệt Kim Kem,Cardigan,M,Be,1,499000,05/09/2025
HD01635,b9070ded-f7bb-4ae7-8384-31f433f188c1,Quần Jogger Nam Kaki Túi Hộp,Quần,M,Đen,1,350000,13/07/2025
HD01635,99f07ede-2b19-4f58-949e-3c20b4da9416,Nón Snapback Unisex Streetwear,Nón,Free Size,Xám,2,220000,13/07/2025
HD01635,8211c7e6-49da-422e-8c8e-61bf0288e356,Áo Thun Nam Oversize Cực Chất,Áo thun,M,Đen,1,220000,13/07/2025
HD01636,409dbb70-64f9-445d-b146-33a6ba02b819,Váy Nữ Dự Tiệc Trễ Vai Sang Chảnh,Váy,M,Đỏ,1,690000,07/08/2025
HD01636,db900625-f6c9-41e1-a4eb-2042fcd9496f,Giày Cao Gót Nữ Đế Nhọn Công Sở,Giày,37,Trắng,2,490000,07/08/2025
HD01637,591f87ca-ccec-4d04-af4e-fe941c4ee72e,Giày Sneaker Trắng Unisex Streetwear,Giày,38,Trắng,1,650000,31/10/2025
HD01637,f79701c0-468d-45ca-a063-f2c32fead22e,Áo Polo Nam Basic,Áo thun,L,Xanh Navy,1,279000,31/10/2025
HD01637,565df8e7-d30d-4935-a0a2-bcd5ab5bf4a2,Quần Jeans Nam Slimfit Đen,Quần,31,Đen,2,549000,31/10/2025
HD01637,8a7e2af6-1dec-44a6-bf40-5c5c403abe8c,Áo Sơ Mi Nam Vải Oxford Trắng,Áo sơ mi,XL,Trắng,2,320000,31/10/2025
HD01638,2d01e356-ac67-4d6f-83ce-e2c9ad89a55d,Quần Tây Nữ Ống Suông,Quần,L,Đen,2,459000,11/03/2025
HD01638,7af62054-cb7c-43d5-8a7a-f6de97b8440d,Blazer Nữ Công Sở Premium,Blazer,M,Trắng,1,820000,11/03/2025
HD01638,1d8256e6-c737-4a4c-86b9-b28f0c3112eb,Áo Sơ Mi Nữ Oxford Trắng,Áo sơ mi,S,Trắng,1,329000,11/03/2025
HD01638,020a480f-a235-4103-9eaf-f34d0cff36ed,Quần Jeans Nữ Skinny,Quần,L,Xanh,2,489000,11/03/2025
HD01639,e6f18dbb-acb7-46bb-a116-d6111d7b40f8,Quần Jogger Nam Thể Thao Nỉ,Quần,M,Xám,2,320000,14/06/2025
HD01639,4ef3b541-6c86-4287-8090-28809b3559fe,Giày Chạy Bộ Nam Running Sport,Giày,40,Đen,1,790000,14/06/2025
HD01639,12c3c23d-b26f-4090-b661-3e330f928a84,Nón Thể Thao Unisex,Nón,Free Size,Trắng,2,160000,14/06/2025
HD01640,01a62d8d-11a8-4f0e-95c8-28324f5438b6,Áo Body Nữ Basic Cổ Lọ,Áo body,S,Trắng,2,269000,08/07/2025
HD01640,dda95a07-c578-4e4d-a707-ee9fa4ee14cc,Áo Len Nam Dệt Kim,Áo len,XL,Trắng,1,469000,08/07/2025
HD01641,db900625-f6c9-41e1-a4eb-2042fcd9496f,Giày Cao Gót Nữ Đế Nhọn Công Sở,Giày,36,Trắng,1,490000,14/08/2025
HD01641,538c2225-906f-42c8-8875-c759a7017d20,Áo Sweater Unisex Cổ Tròn Nỉ,Áo khoác,M,Nâu,2,310000,14/08/2025
HD01641,e7a2f4b5-bf3f-47e0-b981-e6142607b6bc,Giày Chunky Sneaker Unisex,Giày,40,Trắng,1,850000,14/08/2025
HD01641,99f07ede-2b19-4f58-949e-3c20b4da9416,Nón Snapback Unisex Streetwear,Nón,Free Size,Xám,1,220000,14/08/2025
HD01642,565df8e7-d30d-4935-a0a2-bcd5ab5bf4a2,Quần Jeans Nam Slimfit Đen,Quần,30,Đen,1,549000,09/03/2026
HD01642,f79701c0-468d-45ca-a063-f2c32fead22e,Áo Polo Nam Basic,Áo thun,XL,Xanh Navy,1,279000,09/03/2026
HD01643,c36ca838-024f-462b-b202-e125f17c3a90,Áo Body Nữ Tay Dài Ôm Sát,Áo body,M,Đen,2,299000,27/07/2025
HD01643,409dbb70-64f9-445d-b146-33a6ba02b819,Váy Nữ Dự Tiệc Trễ Vai Sang Chảnh,Váy,M,Đỏ,1,690000,27/07/2025
HD01643,db900625-f6c9-41e1-a4eb-2042fcd9496f,Giày Cao Gót Nữ Đế Nhọn Công Sở,Giày,35,Trắng,2,490000,27/07/2025
HD01644,591f87ca-ccec-4d04-af4e-fe941c4ee72e,Giày Sneaker Trắng Unisex Streetwear,Giày,41,Trắng,1,650000,09/07/2025
HD01644,b8a6d3f1-ad5c-4c5b-adf9-7e766ed462a5,Nón Bucket Unisex Vải Kaki Trơn,Nón,Free Size,Đen,2,150000,09/07/2025
HD01644,c9e6150b-fdf6-4a91-8f2c-d8bab75b9f2b,Hoodie Unisex Local Brand Cực Chất,Áo khoác,XL,Nâu,2,399000,09/07/2025
HD01645,1d8256e6-c737-4a4c-86b9-b28f0c3112eb,Áo Sơ Mi Nữ Oxford Trắng,Áo sơ mi,M,Trắng,1,329000,21/02/2026
HD01645,7af62054-cb7c-43d5-8a7a-f6de97b8440d,Blazer Nữ Công Sở Premium,Blazer,L,Trắng,1,820000,21/02/2026
HD01646,c9e6150b-fdf6-4a91-8f2c-d8bab75b9f2b,Hoodie Unisex Local Brand Cực Chất,Áo khoác,M,Nâu,1,399000,24/03/2025
HD01646,591f87ca-ccec-4d04-af4e-fe941c4ee72e,Giày Sneaker Trắng Unisex Streetwear,Giày,41,Trắng,2,650000,24/03/2025
HD01646,b8a6d3f1-ad5c-4c5b-adf9-7e766ed462a5,Nón Bucket Unisex Vải Kaki Trơn,Nón,Free Size,Đen,2,150000,24/03/2025
HD01646,08f8884f-159a-4ac0-956a-63c1d86d3552,Quần short Nam,Quần,L,Đen,1,189000,24/03/2025
HD01647,c36ca838-024f-462b-b202-e125f17c3a90,Áo Body Nữ Tay Dài Ôm Sát,Áo body,S,Đen,2,299000,10/04/2025
HD01647,db900625-f6c9-41e1-a4eb-2042fcd9496f,Giày Cao Gót Nữ Đế Nhọn Công Sở,Giày,36,Trắng,2,490000,10/04/2025
HD01647,e7988e60-9056-472a-b914-5ab26da5917c,Quần Jeans Nam Rách Gối Streetwear,Quần,29,Xanh nhạt,2,599000,10/04/2025
HD01648,462e9e6e-f5a5-4689-bca8-aa61f7489a66,Hoodie Unisex Nỉ Bông Có Mũ,Áo khoác,XL,Xám,2,380000,22/01/2026
HD01648,72b9161e-e55b-4802-a1c7-d7f33e5ccb0d,Quần Jogger Nam,Quần,XL,Đen,2,320000,22/01/2026
HD01648,f715e6cf-f139-40fc-9411-eb5a1391b6a3,Quần Short Unisex Nỉ Thể Thao,Quần,M,Đen,2,189000,22/01/2026
HD01649,db900625-f6c9-41e1-a4eb-2042fcd9496f,Giày Cao Gót Nữ Đế Nhọn Công Sở,Giày,37,Trắng,1,490000,30/03/2025
HD01649,c36ca838-024f-462b-b202-e125f17c3a90,Áo Body Nữ Tay Dài Ôm Sát,Áo body,L,Đen,2,299000,30/03/2025
HD01649,409dbb70-64f9-445d-b146-33a6ba02b819,Váy Nữ Dự Tiệc Trễ Vai Sang Chảnh,Váy,M,Đỏ,1,690000,30/03/2025
HD01649,52d573b6-f538-4651-9496-600f187e26cc,Cardigan Nữ Form Rộng Thêu Hoa,Cardigan,M,Nâu,2,480000,30/03/2025
HD01650,872f179f-f0d5-4bcd-a90e-d10870eac50d,Giày Boot Da Nữ Cổ Cao Cá Tính,Giày,36,Trắng,2,890000,26/01/2026
HD01650,dc8af6b0-89d3-409a-98db-fb01be893d15,Giày Sneaker Da Lộn Unisex,Giày,39,Trắng,1,720000,26/01/2026
HD01650,4b45ae2f-6d60-448a-85ad-61b9796446ed,Áo Thun Tay Lỡ Unisex Form Rộng,Áo thun,L,Trắng,1,199000,26/01/2026
HD01651,43d6febf-f863-4841-9ca6-94f3edbcb83a,Giày Búp Bê Nữ Da Mềm Mại,Giày,38,Trắng,2,350000,10/10/2025
HD01651,773638cb-7eea-46c3-8af4-3bce1ecb5dd2,Áo Polo Nam Công Sở Premium,Áo thun,XL,Xanh Navy,1,350000,10/10/2025
HD01651,90594d6e-3ae8-44bc-be8b-4d8d5d4c89fe,Cardigan Nữ Basic,Cardigan,M,Trắng,2,379000,10/10/2025
HD01652,e6f18dbb-acb7-46bb-a116-d6111d7b40f8,Quần Jogger Nam Thể Thao Nỉ,Quần,M,Xám,2,320000,25/12/2025
HD01652,12c3c23d-b26f-4090-b661-3e330f928a84,Nón Thể Thao Unisex,Nón,Free Size,Trắng,2,160000,25/12/2025
HD01653,c9e6150b-fdf6-4a91-8f2c-d8bab75b9f2b,Hoodie Unisex Local Brand Cực Chất,Áo khoác,L,Nâu,2,399000,30/10/2025
HD01653,591f87ca-ccec-4d04-af4e-fe941c4ee72e,Giày Sneaker Trắng Unisex Streetwear,Giày,40,Trắng,1,650000,30/10/2025
HD01653,b8a6d3f1-ad5c-4c5b-adf9-7e766ed462a5,Nón Bucket Unisex Vải Kaki Trơn,Nón,Free Size,Đen,1,150000,30/10/2025
HD01653,105ad1ba-828c-468d-b1e2-33860aced25e,Giày Tây Nam Oxford Da Bò,Giày,39,Xám,2,1200000,30/10/2025
HD01654,591f87ca-ccec-4d04-af4e-fe941c4ee72e,Giày Sneaker Trắng Unisex Streetwear,Giày,41,Trắng,1,650000,10/12/2025
HD01654,b8a6d3f1-ad5c-4c5b-adf9-7e766ed462a5,Nón Bucket Unisex Vải Kaki Trơn,Nón,Free Size,Đen,2,150000,10/12/2025
HD01655,db900625-f6c9-41e1-a4eb-2042fcd9496f,Giày Cao Gót Nữ Đế Nhọn Công Sở,Giày,39,Trắng,1,490000,30/07/2025
HD01655,c36ca838-024f-462b-b202-e125f17c3a90,Áo Body Nữ Tay Dài Ôm Sát,Áo body,L,Đen,1,299000,30/07/2025
HD01655,409dbb70-64f9-445d-b146-33a6ba02b819,Váy Nữ Dự Tiệc Trễ Vai Sang Chảnh,Váy,L,Đỏ,1,690000,30/07/2025
HD01655,fc61ed45-ce98-480f-a519-02961cff9b10,Giày Chạy Bộ Nữ Siêu Nhẹ,Giày,37,Đen,1,750000,30/07/2025
HD01656,b3d420d4-d451-4c61-bd20-6636b4973e09,Cardigan Nữ Len Dệt Kim Kem,Cardigan,S,Be,2,499000,21/01/2025
HD01656,47321475-4386-4cf5-8b77-af01547cd204,Quần Baggy Nữ Hàn Quốc,Quần,L,Đen,2,429000,21/01/2025
HD01656,409dbb70-64f9-445d-b146-33a6ba02b819,Váy Nữ Dự Tiệc Trễ Vai Sang Chảnh,Váy,L,Đỏ,1,690000,21/01/2025
HD01657,7a1e5705-4b19-42f7-a7ec-504fb2481cc2,Thắt Lưng Da Nam Khóa Tự Động,Nón,Free Size,Đen,1,350000,24/01/2025
HD01657,0f6632d3-5cf7-42d2-9157-f13f0084a634,Áo Khoác Nam Denim Classic,Áo khoác,XL,Xanh,2,550000,24/01/2025
HD01657,c9abc8f4-c333-4a02-9fdb-0a7346bdc75f,Váy Nữ Hoa Nhí Dáng A,Váy,M,Hồng,2,390000,24/01/2025
HD01657,9b3e4d7c-96f1-4236-826e-5f32678a9fc4,Quần Jeans Nam,Quần,32,Đen,1,549000,24/01/2025
HD01657,e668318e-62fd-4730-9829-e614a2db7729,Blazer Nữ Form Rộng,Blazer,XL,Xám,2,850000,24/01/2025
HD01658,710b70de-e346-422e-b35a-a3ce277dacb8,Áo Sơ Mi Nữ Cổ Đức Cách Điệu,Áo sơ mi,M,Trắng,2,310000,28/12/2025
HD01658,d230d9ed-71e2-4378-9fb2-15dd13a37357,Áo Hoodie Unisex,Áo khoác,M,Xanh navy,2,399000,28/12/2025
HD01658,538c2225-906f-42c8-8875-c759a7017d20,Áo Sweater Unisex Cổ Tròn Nỉ,Áo khoác,XL,Nâu,1,310000,28/12/2025
HD01659,cc14f38d-1c5d-44e4-a577-c2add0a1b47e,Áo Sơ Mi Nữ Linen Kem,Áo sơ mi,S,Be,1,359000,23/02/2025
HD01659,47321475-4386-4cf5-8b77-af01547cd204,Quần Baggy Nữ Hàn Quốc,Quần,S,Đen,1,429000,23/02/2025
HD01659,b9cffddd-aa22-47ea-b376-34ad81004eed,Blazer Nữ Công Sở,Blazer,L,Trắng,2,820000,23/02/2025
HD01660,2d01e356-ac67-4d6f-83ce-e2c9ad89a55d,Quần Tây Nữ Ống Suông,Quần,S,Đen,1,459000,26/09/2025
HD01660,cc14f38d-1c5d-44e4-a577-c2add0a1b47e,Áo Sơ Mi Nữ Linen Kem,Áo sơ mi,M,Be,1,359000,26/09/2025
HD01660,0537aac5-9d37-4ea1-bee3-5ed3851cc79d,Áo Sơ Mi Nam Vải Linen Xanh,Áo sơ mi,L,Xanh,1,340000,26/09/2025
HD01661,fb99d5a6-90f1-4a0e-931d-e0f87e9f92e9,Áo Body Nữ Basic,Áo body,L,Trắng,1,269000,08/12/2025
HD01661,9456490a-db92-4ace-9320-5e745196fa6b,Áo Thun Polo Unisex Oversize,Áo thun,L,Xanh Navy,1,259000,08/12/2025
HD01661,99f07ede-2b19-4f58-949e-3c20b4da9416,Nón Snapback Unisex Streetwear,Nón,Free Size,Xám,1,220000,08/12/2025
HD01661,b518aad8-1fbb-4d46-bc3c-1e531b3b1a8d,Áo Thun Nam Trơn Cổ Tròn,Áo thun,M,Trắng,1,150000,08/12/2025
HD01661,4ef3b541-6c86-4287-8090-28809b3559fe,Giày Chạy Bộ Nam Running Sport,Giày,43,Đen,2,790000,08/12/2025
HD01662,ca7585c8-ddbf-4d1d-a666-37a7b963d906,Balo Unisex Thời Trang Chống Nước,Nón,Free Size,Trắng,2,450000,21/02/2026
HD01662,d15def0c-3a31-492a-ac97-382525c2218a,Áo Sweater Unisex Trơn Basic,Áo khoác,M,Nâu,2,320000,21/02/2026
HD01662,d687bdc0-7bd2-4fb3-b157-ef8d3c1b2135,Quần Jogger Unisex Nỉ Basic,Quần,M,Xám,2,280000,21/02/2026
HD01663,d15def0c-3a31-492a-ac97-382525c2218a,Áo Sweater Unisex Trơn Basic,Áo khoác,XL,Nâu,2,320000,20/07/2025
HD01663,ca7585c8-ddbf-4d1d-a666-37a7b963d906,Balo Unisex Thời Trang Chống Nước,Nón,Free Size,Trắng,2,450000,20/07/2025
HD01663,d687bdc0-7bd2-4fb3-b157-ef8d3c1b2135,Quần Jogger Unisex Nỉ Basic,Quần,M,Xám,1,280000,20/07/2025
HD01664,e6f18dbb-acb7-46bb-a116-d6111d7b40f8,Quần Jogger Nam Thể Thao Nỉ,Quần,L,Xám,1,320000,12/02/2026
HD01664,12c3c23d-b26f-4090-b661-3e330f928a84,Nón Thể Thao Unisex,Nón,Free Size,Trắng,1,160000,12/02/2026
HD01665,b9070ded-f7bb-4ae7-8384-31f433f188c1,Quần Jogger Nam Kaki Túi Hộp,Quần,XL,Đen,1,350000,01/08/2025
HD01665,8211c7e6-49da-422e-8c8e-61bf0288e356,Áo Thun Nam Oversize Cực Chất,Áo thun,XL,Đen,2,220000,01/08/2025
HD01665,99f07ede-2b19-4f58-949e-3c20b4da9416,Nón Snapback Unisex Streetwear,Nón,Free Size,Xám,2,220000,01/08/2025
HD01666,e668318e-62fd-4730-9829-e614a2db7729,Blazer Nữ Form Rộng,Blazer,XL,Xám,1,850000,04/03/2026
HD01666,710b70de-e346-422e-b35a-a3ce277dacb8,Áo Sơ Mi Nữ Cổ Đức Cách Điệu,Áo sơ mi,M,Trắng,1,310000,04/03/2026
HD01666,e09cd3a3-73e0-468b-b718-07db41b1465d,Váy Nữ Hoa Vintage,Váy,M,Hồng,1,450000,04/03/2026
HD01666,626b4040-d17f-4bae-a99a-a9bd43b0140b,Áo Len Nam Cổ Lọ,Áo len,M,Xám,1,520000,04/03/2026
HD01666,b44f5194-d6f8-497b-b568-738d7d09c9e4,Áo Thun Nữ Croptop Cổ Tim,Áo thun,S,Trắng,1,120000,04/03/2026
HD01667,1d9f44d7-0657-47ec-baf9-659b9bfe2f6d,Áo Len Nam Cổ Lọ Ấm Áp,Áo len,M,Đen,2,520000,22/05/2025
HD01667,bb06c357-8eb3-4ffe-a765-1307de4e19eb,Mũ Len Unisex Mùa Đông Ấm Áp,Nón,Free Size,Xám,2,150000,22/05/2025
HD01668,12c3c23d-b26f-4090-b661-3e330f928a84,Nón Thể Thao Unisex,Nón,Free Size,Trắng,2,160000,07/03/2025
HD01668,4ef3b541-6c86-4287-8090-28809b3559fe,Giày Chạy Bộ Nam Running Sport,Giày,40,Đen,1,790000,07/03/2025
HD01669,409dbb70-64f9-445d-b146-33a6ba02b819,Váy Nữ Dự Tiệc Trễ Vai Sang Chảnh,Váy,M,Đỏ,2,690000,11/10/2025
HD01669,db900625-f6c9-41e1-a4eb-2042fcd9496f,Giày Cao Gót Nữ Đế Nhọn Công Sở,Giày,39,Trắng,2,490000,11/10/2025
HD01669,c36ca838-024f-462b-b202-e125f17c3a90,Áo Body Nữ Tay Dài Ôm Sát,Áo body,L,Đen,1,299000,11/10/2025
HD01670,c04e8b6a-b8be-4231-9377-710ae7bb8e46,Áo Body Nữ Croptop,Áo body,S,Đen,1,289000,31/05/2025
HD01670,c36ca838-024f-462b-b202-e125f17c3a90,Áo Body Nữ Tay Dài Ôm Sát,Áo body,S,Đen,2,299000,31/05/2025
HD01671,cc14f38d-1c5d-44e4-a577-c2add0a1b47e,Áo Sơ Mi Nữ Linen Kem,Áo sơ mi,L,Be,2,359000,18/04/2025
HD01671,b3d420d4-d451-4c61-bd20-6636b4973e09,Cardigan Nữ Len Dệt Kim Kem,Cardigan,M,Be,2,499000,18/04/2025
HD01672,99f07ede-2b19-4f58-949e-3c20b4da9416,Nón Snapback Unisex Streetwear,Nón,Free Size,Xám,1,220000,23/07/2025
HD01672,8211c7e6-49da-422e-8c8e-61bf0288e356,Áo Thun Nam Oversize Cực Chất,Áo thun,L,Đen,2,220000,23/07/2025
HD01673,8211c7e6-49da-422e-8c8e-61bf0288e356,Áo Thun Nam Oversize Cực Chất,Áo thun,M,Đen,2,220000,14/02/2026
HD01673,99f07ede-2b19-4f58-949e-3c20b4da9416,Nón Snapback Unisex Streetwear,Nón,Free Size,Xám,1,220000,14/02/2026
HD01673,b9070ded-f7bb-4ae7-8384-31f433f188c1,Quần Jogger Nam Kaki Túi Hộp,Quần,L,Đen,1,350000,14/02/2026
HD01674,d15def0c-3a31-492a-ac97-382525c2218a,Áo Sweater Unisex Trơn Basic,Áo khoác,M,Nâu,2,320000,04/06/2025
HD01674,ca7585c8-ddbf-4d1d-a666-37a7b963d906,Balo Unisex Thời Trang Chống Nước,Nón,Free Size,Trắng,1,450000,04/06/2025
HD01674,d687bdc0-7bd2-4fb3-b157-ef8d3c1b2135,Quần Jogger Unisex Nỉ Basic,Quần,L,Xám,1,280000,04/06/2025
HD01675,bb06c357-8eb3-4ffe-a765-1307de4e19eb,Mũ Len Unisex Mùa Đông Ấm Áp,Nón,Free Size,Xám,1,150000,20/08/2025
HD01675,0f6632d3-5cf7-42d2-9157-f13f0084a634,Áo Khoác Nam Denim Classic,Áo khoác,M,Xanh,1,550000,20/08/2025
HD01675,1d9f44d7-0657-47ec-baf9-659b9bfe2f6d,Áo Len Nam Cổ Lọ Ấm Áp,Áo len,L,Đen,1,520000,20/08/2025
HD01676,409dbb70-64f9-445d-b146-33a6ba02b819,Váy Nữ Dự Tiệc Trễ Vai Sang Chảnh,Váy,L,Đỏ,2,690000,18/02/2026
HD01676,00ea76e6-8a78-4510-9aa1-8c8d3f1e0ea4,Áo Body Nữ Cổ Vuông,Áo body,M,Hồng,2,329000,18/02/2026
HD01676,c36ca838-024f-462b-b202-e125f17c3a90,Áo Body Nữ Tay Dài Ôm Sát,Áo body,M,Đen,1,299000,18/02/2026
HD01676,08f8884f-159a-4ac0-956a-63c1d86d3552,Quần short Nam,Quần,XL,Đen,2,189000,18/02/2026
HD01677,1d8256e6-c737-4a4c-86b9-b28f0c3112eb,Áo Sơ Mi Nữ Oxford Trắng,Áo sơ mi,M,Trắng,1,329000,02/01/2026
HD01677,2d01e356-ac67-4d6f-83ce-e2c9ad89a55d,Quần Tây Nữ Ống Suông,Quần,L,Đen,2,459000,02/01/2026
HD01677,20b29c90-bea4-432c-ac66-0b72cbccdf6a,Áo Sơ Mi Nữ Linen,Áo sơ mi,L,Be,2,359000,02/01/2026
HD01678,773638cb-7eea-46c3-8af4-3bce1ecb5dd2,Áo Polo Nam Công Sở Premium,Áo thun,S,Xanh Navy,2,350000,07/08/2025
HD01678,bf8bb740-6ff2-40aa-b164-ac144119c781,Giày Tây Nam Derby Lịch Lãm,Giày,40,Xám,2,990000,07/08/2025
HD01678,7a707f6c-7a4b-4392-80c8-475eb6eb4bc8,Quần Tây Nam Lịch Lãm Công Sở,Quần,32,Đen,1,489000,07/08/2025
HD01679,bf8bb740-6ff2-40aa-b164-ac144119c781,Giày Tây Nam Derby Lịch Lãm,Giày,39,Xám,2,990000,13/01/2026
HD01679,773638cb-7eea-46c3-8af4-3bce1ecb5dd2,Áo Polo Nam Công Sở Premium,Áo thun,M,Xanh Navy,1,350000,13/01/2026
HD01679,0f6632d3-5cf7-42d2-9157-f13f0084a634,Áo Khoác Nam Denim Classic,Áo khoác,XL,Xanh,2,550000,13/01/2026
HD01680,5a9e4c10-4d85-4ae9-99d0-4ecdbc69964b,Áo Thun Unisex In Chữ Streetwear,Áo thun,XL,Đen,1,189000,07/12/2025
HD01680,e6f18dbb-acb7-46bb-a116-d6111d7b40f8,Quần Jogger Nam Thể Thao Nỉ,Quần,XL,Xám,2,320000,07/12/2025
HD01681,0f6632d3-5cf7-42d2-9157-f13f0084a634,Áo Khoác Nam Denim Classic,Áo khoác,L,Xanh,1,550000,20/06/2025
HD01681,bb06c357-8eb3-4ffe-a765-1307de4e19eb,Mũ Len Unisex Mùa Đông Ấm Áp,Nón,Free Size,Xám,1,150000,20/06/2025
HD01681,1d9f44d7-0657-47ec-baf9-659b9bfe2f6d,Áo Len Nam Cổ Lọ Ấm Áp,Áo len,XL,Đen,2,520000,20/06/2025
HD01682,c04e8b6a-b8be-4231-9377-710ae7bb8e46,Áo Body Nữ Croptop,Áo body,S,Đen,1,289000,10/05/2026
HD01682,710b70de-e346-422e-b35a-a3ce277dacb8,Áo Sơ Mi Nữ Cổ Đức Cách Điệu,Áo sơ mi,M,Trắng,1,310000,10/05/2026
HD01682,20b29c90-bea4-432c-ac66-0b72cbccdf6a,Áo Sơ Mi Nữ Linen,Áo sơ mi,M,Be,1,359000,10/05/2026
HD01682,42df8548-dbbf-40a4-a6f2-f989e10394fd,Blazer Nữ Hàn Quốc,Blazer,M,Kem,1,790000,10/05/2026
HD01683,f79701c0-468d-45ca-a063-f2c32fead22e,Áo Polo Nam Basic,Áo thun,L,Xanh Navy,1,279000,15/11/2025
HD01683,5aee6bb0-ffad-4321-976e-a7a74709d94d,Dép Unisex Quai Ngang Êm Chân,Giày,37,Đen,1,150000,15/11/2025
HD01683,6b452c2a-fe5a-4690-b45c-b4a40e2c0822,Nón Thể Thao Unisex,Nón,Free Size,Trắng,1,190000,15/11/2025
HD01683,599c0d70-ee05-4d99-a987-47c5d24f9546,Áo Sweater Unisex In Hình Cá Tính,Áo khoác,XL,Xám,1,350000,15/11/2025
HD01683,0f6632d3-5cf7-42d2-9157-f13f0084a634,Áo Khoác Nam Denim Classic,Áo khoác,M,Xanh,1,550000,15/11/2025
HD01684,47321475-4386-4cf5-8b77-af01547cd204,Quần Baggy Nữ Hàn Quốc,Quần,L,Đen,1,429000,28/04/2026
HD01684,cc14f38d-1c5d-44e4-a577-c2add0a1b47e,Áo Sơ Mi Nữ Linen Kem,Áo sơ mi,S,Be,1,359000,28/04/2026
HD01684,b3d420d4-d451-4c61-bd20-6636b4973e09,Cardigan Nữ Len Dệt Kim Kem,Cardigan,S,Be,2,499000,28/04/2026
HD01685,d15def0c-3a31-492a-ac97-382525c2218a,Áo Sweater Unisex Trơn Basic,Áo khoác,M,Nâu,1,320000,12/02/2026
HD01685,d687bdc0-7bd2-4fb3-b157-ef8d3c1b2135,Quần Jogger Unisex Nỉ Basic,Quần,XL,Xám,2,280000,12/02/2026
HD01685,ca7585c8-ddbf-4d1d-a666-37a7b963d906,Balo Unisex Thời Trang Chống Nước,Nón,Free Size,Trắng,1,450000,12/02/2026
HD01685,dda95a07-c578-4e4d-a707-ee9fa4ee14cc,Áo Len Nam Dệt Kim,Áo len,M,Trắng,1,469000,12/02/2026
HD01686,591f87ca-ccec-4d04-af4e-fe941c4ee72e,Giày Sneaker Trắng Unisex Streetwear,Giày,42,Trắng,1,650000,03/04/2025
HD01686,f79701c0-468d-45ca-a063-f2c32fead22e,Áo Polo Nam Basic,Áo thun,L,Xanh Navy,1,279000,03/04/2025
HD01686,565df8e7-d30d-4935-a0a2-bcd5ab5bf4a2,Quần Jeans Nam Slimfit Đen,Quần,31,Đen,1,549000,03/04/2025
HD01687,d687bdc0-7bd2-4fb3-b157-ef8d3c1b2135,Quần Jogger Unisex Nỉ Basic,Quần,L,Xám,1,280000,03/05/2025
HD01687,00cd794a-d248-4ee5-82bc-6f47e4552024,Giày Thể Thao Unisex Chunky,Giày,41,Trắng,2,850000,03/05/2025
HD01687,6567b83c-7707-4f60-b9df-577208962783,Blazer Nữ Kẻ Caro Phong Cách Hàn,Blazer,M,Xám,1,850000,03/05/2025
HD01687,a9bbcc47-d51e-49fb-aab9-04649744ad76,Áo Thun Nam Cổ Tim Trơn,Áo thun,M,Đen,1,160000,03/05/2025
HD01688,cc14f38d-1c5d-44e4-a577-c2add0a1b47e,Áo Sơ Mi Nữ Linen Kem,Áo sơ mi,S,Be,1,359000,14/07/2025
HD01688,47321475-4386-4cf5-8b77-af01547cd204,Quần Baggy Nữ Hàn Quốc,Quần,S,Đen,1,429000,14/07/2025
HD01688,b3d420d4-d451-4c61-bd20-6636b4973e09,Cardigan Nữ Len Dệt Kim Kem,Cardigan,M,Be,2,499000,14/07/2025
HD01689,591f87ca-ccec-4d04-af4e-fe941c4ee72e,Giày Sneaker Trắng Unisex Streetwear,Giày,38,Trắng,2,650000,01/12/2025
HD01689,b8a6d3f1-ad5c-4c5b-adf9-7e766ed462a5,Nón Bucket Unisex Vải Kaki Trơn,Nón,Free Size,Đen,1,150000,01/12/2025
HD01689,c9e6150b-fdf6-4a91-8f2c-d8bab75b9f2b,Hoodie Unisex Local Brand Cực Chất,Áo khoác,M,Nâu,1,399000,01/12/2025
HD01690,1d8256e6-c737-4a4c-86b9-b28f0c3112eb,Áo Sơ Mi Nữ Oxford Trắng,Áo sơ mi,M,Trắng,1,329000,27/03/2026
HD01690,7af62054-cb7c-43d5-8a7a-f6de97b8440d,Blazer Nữ Công Sở Premium,Blazer,S,Trắng,2,820000,27/03/2026
HD01691,35c4d88a-3b69-47a7-933e-e5bc205c5fd5,Quần Jeans Nữ Skinny Cạp Cao,Quần,L,Xanh,2,489000,02/01/2026
HD01691,1d99fb01-0c7c-4f56-86b7-e573663b11e2,Áo Thun Nam Oversize Streetwear,Áo thun,M,Đen,2,239000,02/01/2026
HD01691,fb99d5a6-90f1-4a0e-931d-e0f87e9f92e9,Áo Body Nữ Basic,Áo body,M,Trắng,1,269000,02/01/2026
HD01692,f79701c0-468d-45ca-a063-f2c32fead22e,Áo Polo Nam Basic,Áo thun,XL,Xanh Navy,1,279000,28/04/2026
HD01692,591f87ca-ccec-4d04-af4e-fe941c4ee72e,Giày Sneaker Trắng Unisex Streetwear,Giày,38,Trắng,2,650000,28/04/2026
HD01692,565df8e7-d30d-4935-a0a2-bcd5ab5bf4a2,Quần Jeans Nam Slimfit Đen,Quần,29,Đen,2,549000,28/04/2026
HD01693,591f87ca-ccec-4d04-af4e-fe941c4ee72e,Giày Sneaker Trắng Unisex Streetwear,Giày,41,Trắng,2,650000,04/01/2026
HD01693,f79701c0-468d-45ca-a063-f2c32fead22e,Áo Polo Nam Basic,Áo thun,XL,Xanh Navy,2,279000,04/01/2026
HD01693,565df8e7-d30d-4935-a0a2-bcd5ab5bf4a2,Quần Jeans Nam Slimfit Đen,Quần,29,Đen,1,549000,04/01/2026
HD01694,c9abc8f4-c333-4a02-9fdb-0a7346bdc75f,Váy Nữ Hoa Nhí Dáng A,Váy,S,Hồng,1,390000,28/02/2025
HD01694,5a9e4c10-4d85-4ae9-99d0-4ecdbc69964b,Áo Thun Unisex In Chữ Streetwear,Áo thun,XL,Đen,2,189000,28/02/2025
HD01694,aeefd253-ff9c-45c1-9da7-06ebdf2c502c,Áo Khoác Denim Unisex Form Rộng,Áo khoác,M,Xanh,2,550000,28/02/2025
HD01695,773638cb-7eea-46c3-8af4-3bce1ecb5dd2,Áo Polo Nam Công Sở Premium,Áo thun,S,Xanh Navy,2,350000,20/09/2025
HD01695,7a707f6c-7a4b-4392-80c8-475eb6eb4bc8,Quần Tây Nam Lịch Lãm Công Sở,Quần,33,Đen,1,489000,20/09/2025
HD01696,fb99d5a6-90f1-4a0e-931d-e0f87e9f92e9,Áo Body Nữ Basic,Áo body,L,Trắng,1,269000,05/05/2025
HD01696,fc61ed45-ce98-480f-a519-02961cff9b10,Giày Chạy Bộ Nữ Siêu Nhẹ,Giày,39,Đen,1,750000,05/05/2025
HD01696,c90322dd-72a9-41d6-bbd0-c581d78ab911,Giày Sneaker Trắng Unisex,Giày,38,Trắng,1,650000,05/05/2025
HD01697,e6f18dbb-acb7-46bb-a116-d6111d7b40f8,Quần Jogger Nam Thể Thao Nỉ,Quần,XL,Xám,1,320000,12/07/2025
HD01697,12c3c23d-b26f-4090-b661-3e330f928a84,Nón Thể Thao Unisex,Nón,Free Size,Trắng,1,160000,12/07/2025
HD01697,4ef3b541-6c86-4287-8090-28809b3559fe,Giày Chạy Bộ Nam Running Sport,Giày,42,Đen,1,790000,12/07/2025
HD01698,591f87ca-ccec-4d04-af4e-fe941c4ee72e,Giày Sneaker Trắng Unisex Streetwear,Giày,38,Trắng,1,650000,20/12/2025
HD01698,c9e6150b-fdf6-4a91-8f2c-d8bab75b9f2b,Hoodie Unisex Local Brand Cực Chất,Áo khoác,L,Nâu,2,399000,20/12/2025
HD01698,b8a6d3f1-ad5c-4c5b-adf9-7e766ed462a5,Nón Bucket Unisex Vải Kaki Trơn,Nón,Free Size,Đen,2,150000,20/12/2025
HD01699,e6f18dbb-acb7-46bb-a116-d6111d7b40f8,Quần Jogger Nam Thể Thao Nỉ,Quần,M,Xám,1,320000,11/03/2026
HD01699,12c3c23d-b26f-4090-b661-3e330f928a84,Nón Thể Thao Unisex,Nón,Free Size,Trắng,2,160000,11/03/2026
HD01699,4ef3b541-6c86-4287-8090-28809b3559fe,Giày Chạy Bộ Nam Running Sport,Giày,40,Đen,1,790000,11/03/2026
HD01700,773638cb-7eea-46c3-8af4-3bce1ecb5dd2,Áo Polo Nam Công Sở Premium,Áo thun,S,Xanh Navy,2,350000,06/12/2025
HD01700,bf8bb740-6ff2-40aa-b164-ac144119c781,Giày Tây Nam Derby Lịch Lãm,Giày,40,Xám,2,990000,06/12/2025
HD01700,7a707f6c-7a4b-4392-80c8-475eb6eb4bc8,Quần Tây Nam Lịch Lãm Công Sở,Quần,33,Đen,2,489000,06/12/2025
HD01701,7af62054-cb7c-43d5-8a7a-f6de97b8440d,Blazer Nữ Công Sở Premium,Blazer,M,Trắng,2,820000,25/11/2025
HD01701,2d01e356-ac67-4d6f-83ce-e2c9ad89a55d,Quần Tây Nữ Ống Suông,Quần,L,Đen,1,459000,25/11/2025
HD01702,90594d6e-3ae8-44bc-be8b-4d8d5d4c89fe,Cardigan Nữ Basic,Cardigan,L,Trắng,2,379000,20/04/2025
HD01702,3ef4444d-e48a-41d7-aca5-dff0114fd772,Váy Công Sở Nữ,Váy,L,Đen,2,390000,20/04/2025
HD01702,cda0d51d-8c0e-423b-a4de-8d22cec903bf,Thắt Lưng Da Nữ Khóa Tròn Cổ Điển,Nón,Free Size,Trắng,1,250000,20/04/2025
HD01702,b518aad8-1fbb-4d46-bc3c-1e531b3b1a8d,Áo Thun Nam Trơn Cổ Tròn,Áo thun,M,Trắng,2,150000,20/04/2025
HD01703,61017231-ff80-414c-8355-84b4bfd8f3fb,Áo Sơ Mi Nữ Oxford,Áo sơ mi,L,Trắng,2,329000,07/10/2025
HD01703,de2469aa-98bb-4048-b2d6-ca06feaff0f9,Ví Da Unisex Đựng Thẻ Tiện Lợi,Nón,Free Size,Navy,2,190000,07/10/2025
HD01703,f79701c0-468d-45ca-a063-f2c32fead22e,Áo Polo Nam Basic,Áo thun,L,Xanh Navy,1,279000,07/10/2025
HD01703,1d99fb01-0c7c-4f56-86b7-e573663b11e2,Áo Thun Nam Oversize Streetwear,Áo thun,M,Đen,1,239000,07/10/2025
HD01704,b8a6d3f1-ad5c-4c5b-adf9-7e766ed462a5,Nón Bucket Unisex Vải Kaki Trơn,Nón,Free Size,Đen,2,150000,10/01/2026
HD01704,c9e6150b-fdf6-4a91-8f2c-d8bab75b9f2b,Hoodie Unisex Local Brand Cực Chất,Áo khoác,L,Nâu,1,399000,10/01/2026
HD01704,591f87ca-ccec-4d04-af4e-fe941c4ee72e,Giày Sneaker Trắng Unisex Streetwear,Giày,42,Trắng,1,650000,10/01/2026
HD01705,8211c7e6-49da-422e-8c8e-61bf0288e356,Áo Thun Nam Oversize Cực Chất,Áo thun,M,Đen,1,220000,04/01/2026
HD01705,99f07ede-2b19-4f58-949e-3c20b4da9416,Nón Snapback Unisex Streetwear,Nón,Free Size,Xám,1,220000,04/01/2026
HD01706,99f07ede-2b19-4f58-949e-3c20b4da9416,Nón Snapback Unisex Streetwear,Nón,Free Size,Xám,2,220000,06/01/2026
HD01706,b9070ded-f7bb-4ae7-8384-31f433f188c1,Quần Jogger Nam Kaki Túi Hộp,Quần,XL,Đen,2,350000,06/01/2026
HD01706,8211c7e6-49da-422e-8c8e-61bf0288e356,Áo Thun Nam Oversize Cực Chất,Áo thun,XL,Đen,2,220000,06/01/2026
HD01707,1d8256e6-c737-4a4c-86b9-b28f0c3112eb,Áo Sơ Mi Nữ Oxford Trắng,Áo sơ mi,M,Trắng,2,329000,25/10/2025
HD01707,7af62054-cb7c-43d5-8a7a-f6de97b8440d,Blazer Nữ Công Sở Premium,Blazer,M,Trắng,2,820000,25/10/2025
HD01707,2d01e356-ac67-4d6f-83ce-e2c9ad89a55d,Quần Tây Nữ Ống Suông,Quần,S,Đen,1,459000,25/10/2025
HD01708,6d9ff3b3-09bc-4a76-b2f0-891905840fe3,Áo Thun Nữ Form Rộng Giấu Quần,Áo thun,M,Trắng,2,160000,01/10/2025
HD01708,57d427ce-2cb0-4659-b346-22ed27f9bafa,Quần Baggy Nữ,Quần,L,Đen,1,429000,01/10/2025
HD01708,75973f59-8a40-4d42-b894-5375a84f3374,Áo Khoác Varsity Unisex Streetwear,Áo khoác,M,Đen Trắng,1,639000,01/10/2025
HD01709,409dbb70-64f9-445d-b146-33a6ba02b819,Váy Nữ Dự Tiệc Trễ Vai Sang Chảnh,Váy,S,Đỏ,1,690000,06/05/2026
HD01709,db900625-f6c9-41e1-a4eb-2042fcd9496f,Giày Cao Gót Nữ Đế Nhọn Công Sở,Giày,38,Trắng,1,490000,06/05/2026
HD01710,db900625-f6c9-41e1-a4eb-2042fcd9496f,Giày Cao Gót Nữ Đế Nhọn Công Sở,Giày,35,Trắng,2,490000,29/01/2026
HD01710,409dbb70-64f9-445d-b146-33a6ba02b819,Váy Nữ Dự Tiệc Trễ Vai Sang Chảnh,Váy,L,Đỏ,2,690000,29/01/2026
HD01711,565df8e7-d30d-4935-a0a2-bcd5ab5bf4a2,Quần Jeans Nam Slimfit Đen,Quần,29,Đen,2,549000,18/05/2025
HD01711,f79701c0-468d-45ca-a063-f2c32fead22e,Áo Polo Nam Basic,Áo thun,XL,Xanh Navy,2,279000,18/05/2025
HD01712,db900625-f6c9-41e1-a4eb-2042fcd9496f,Giày Cao Gót Nữ Đế Nhọn Công Sở,Giày,39,Trắng,2,490000,10/05/2025
HD01712,409dbb70-64f9-445d-b146-33a6ba02b819,Váy Nữ Dự Tiệc Trễ Vai Sang Chảnh,Váy,L,Đỏ,2,690000,10/05/2025
HD01713,4bdea4f1-6aa9-4f3d-99e7-1c679695c149,Cardigan Nữ Dệt Kim,Cardigan,L,Be,2,499000,01/04/2026
HD01713,1d8256e6-c737-4a4c-86b9-b28f0c3112eb,Áo Sơ Mi Nữ Oxford Trắng,Áo sơ mi,M,Trắng,1,329000,01/04/2026
HD01713,e1fb3fad-6974-423e-b5e0-33e5c3f7a559,Áo Khoác Nam Varsity,Áo khoác,M,Đen Trắng,1,639000,01/04/2026
HD01713,61017231-ff80-414c-8355-84b4bfd8f3fb,Áo Sơ Mi Nữ Oxford,Áo sơ mi,M,Trắng,2,329000,01/04/2026
HD01714,c9e6150b-fdf6-4a91-8f2c-d8bab75b9f2b,Hoodie Unisex Local Brand Cực Chất,Áo khoác,M,Nâu,1,399000,19/03/2025
HD01714,591f87ca-ccec-4d04-af4e-fe941c4ee72e,Giày Sneaker Trắng Unisex Streetwear,Giày,39,Trắng,1,650000,19/03/2025
HD01714,4e83e6d5-6bb8-4d62-b032-d8ffc5ee62ef,Quần Jeans Nam Ống Đứng Regular,Quần,30,Xanh đậm,1,529000,19/03/2025
HD01715,d687bdc0-7bd2-4fb3-b157-ef8d3c1b2135,Quần Jogger Unisex Nỉ Basic,Quần,XL,Xám,1,280000,24/05/2025
HD01715,d15def0c-3a31-492a-ac97-382525c2218a,Áo Sweater Unisex Trơn Basic,Áo khoác,XL,Nâu,2,320000,24/05/2025
HD01715,ca7585c8-ddbf-4d1d-a666-37a7b963d906,Balo Unisex Thời Trang Chống Nước,Nón,Free Size,Trắng,2,450000,24/05/2025
HD01716,bf8bb740-6ff2-40aa-b164-ac144119c781,Giày Tây Nam Derby Lịch Lãm,Giày,40,Xám,2,990000,09/02/2026
HD01716,773638cb-7eea-46c3-8af4-3bce1ecb5dd2,Áo Polo Nam Công Sở Premium,Áo thun,S,Xanh Navy,1,350000,09/02/2026
HD01717,7af62054-cb7c-43d5-8a7a-f6de97b8440d,Blazer Nữ Công Sở Premium,Blazer,L,Trắng,1,820000,23/08/2025
HD01717,1d8256e6-c737-4a4c-86b9-b28f0c3112eb,Áo Sơ Mi Nữ Oxford Trắng,Áo sơ mi,S,Trắng,2,329000,23/08/2025
HD01717,2d01e356-ac67-4d6f-83ce-e2c9ad89a55d,Quần Tây Nữ Ống Suông,Quần,S,Đen,1,459000,23/08/2025
HD01718,e7a2f4b5-bf3f-47e0-b981-e6142607b6bc,Giày Chunky Sneaker Unisex,Giày,38,Trắng,1,850000,01/07/2025
HD01718,23cbc0c9-3f70-46ca-82e3-35767699a754,Giày Slip On Unisex Vải Canvas,Giày,39,Đen,1,399000,01/07/2025
HD01719,bf8bb740-6ff2-40aa-b164-ac144119c781,Giày Tây Nam Derby Lịch Lãm,Giày,41,Xám,2,990000,07/03/2026
HD01719,7a707f6c-7a4b-4392-80c8-475eb6eb4bc8,Quần Tây Nam Lịch Lãm Công Sở,Quần,33,Đen,2,489000,07/03/2026
HD01719,773638cb-7eea-46c3-8af4-3bce1ecb5dd2,Áo Polo Nam Công Sở Premium,Áo thun,L,Xanh Navy,1,350000,07/03/2026
HD01720,1d8256e6-c737-4a4c-86b9-b28f0c3112eb,Áo Sơ Mi Nữ Oxford Trắng,Áo sơ mi,M,Trắng,2,329000,23/04/2025
HD01720,2d01e356-ac67-4d6f-83ce-e2c9ad89a55d,Quần Tây Nữ Ống Suông,Quần,S,Đen,1,459000,23/04/2025
HD01721,7a707f6c-7a4b-4392-80c8-475eb6eb4bc8,Quần Tây Nam Lịch Lãm Công Sở,Quần,31,Đen,1,489000,11/04/2025
HD01721,773638cb-7eea-46c3-8af4-3bce1ecb5dd2,Áo Polo Nam Công Sở Premium,Áo thun,L,Xanh Navy,2,350000,11/04/2025
HD01721,bf8bb740-6ff2-40aa-b164-ac144119c781,Giày Tây Nam Derby Lịch Lãm,Giày,41,Xám,1,990000,11/04/2025
HD01722,93c3d112-b724-48cb-bee5-b2dcef7f1d55,Áo Khoác Gió Unisex Thể Thao,Áo khoác,L,Đen,2,350000,02/05/2025
HD01722,33732f38-6563-44e9-a85f-09fcdda0aa6f,Blazer Nữ Dáng Ngắn Thời Thượng,Blazer,S,Be,2,790000,02/05/2025
HD01722,4bdea4f1-6aa9-4f3d-99e7-1c679695c149,Cardigan Nữ Dệt Kim,Cardigan,M,Be,1,499000,02/05/2025
HD01722,90594d6e-3ae8-44bc-be8b-4d8d5d4c89fe,Cardigan Nữ Basic,Cardigan,M,Trắng,1,379000,02/05/2025
HD01723,591f87ca-ccec-4d04-af4e-fe941c4ee72e,Giày Sneaker Trắng Unisex Streetwear,Giày,38,Trắng,2,650000,12/10/2025
HD01723,f79701c0-468d-45ca-a063-f2c32fead22e,Áo Polo Nam Basic,Áo thun,S,Xanh Navy,1,279000,12/10/2025
HD01724,f79701c0-468d-45ca-a063-f2c32fead22e,Áo Polo Nam Basic,Áo thun,XL,Xanh Navy,1,279000,24/02/2025
HD01724,565df8e7-d30d-4935-a0a2-bcd5ab5bf4a2,Quần Jeans Nam Slimfit Đen,Quần,32,Đen,1,549000,24/02/2025
HD01724,591f87ca-ccec-4d04-af4e-fe941c4ee72e,Giày Sneaker Trắng Unisex Streetwear,Giày,41,Trắng,2,650000,24/02/2025
HD01725,5aee6bb0-ffad-4321-976e-a7a74709d94d,Dép Unisex Quai Ngang Êm Chân,Giày,38,Đen,2,150000,05/08/2025
HD01725,47321475-4386-4cf5-8b77-af01547cd204,Quần Baggy Nữ Hàn Quốc,Quần,L,Đen,1,429000,05/08/2025
HD01725,e7988e60-9056-472a-b914-5ab26da5917c,Quần Jeans Nam Rách Gối Streetwear,Quần,32,Xanh nhạt,2,599000,05/08/2025
HD01725,99f07ede-2b19-4f58-949e-3c20b4da9416,Nón Snapback Unisex Streetwear,Nón,Free Size,Xám,1,220000,05/08/2025
HD01725,4bdea4f1-6aa9-4f3d-99e7-1c679695c149,Cardigan Nữ Dệt Kim,Cardigan,M,Be,1,499000,05/08/2025
HD01726,99f07ede-2b19-4f58-949e-3c20b4da9416,Nón Snapback Unisex Streetwear,Nón,Free Size,Xám,1,220000,11/08/2025
HD01726,b9070ded-f7bb-4ae7-8384-31f433f188c1,Quần Jogger Nam Kaki Túi Hộp,Quần,L,Đen,1,350000,11/08/2025
HD01726,8211c7e6-49da-422e-8c8e-61bf0288e356,Áo Thun Nam Oversize Cực Chất,Áo thun,M,Đen,1,220000,11/08/2025
HD01726,03b22bfb-54c3-42d4-b00d-f03c542dacb4,Áo Polo Nam Sọc Ngang,Áo thun,M,Trắng,1,289000,11/08/2025
HD01727,1d8256e6-c737-4a4c-86b9-b28f0c3112eb,Áo Sơ Mi Nữ Oxford Trắng,Áo sơ mi,M,Trắng,2,329000,18/02/2026
HD01727,2d01e356-ac67-4d6f-83ce-e2c9ad89a55d,Quần Tây Nữ Ống Suông,Quần,M,Đen,2,459000,18/02/2026
HD01727,7af62054-cb7c-43d5-8a7a-f6de97b8440d,Blazer Nữ Công Sở Premium,Blazer,S,Trắng,1,820000,18/02/2026
HD01727,75973f59-8a40-4d42-b894-5375a84f3374,Áo Khoác Varsity Unisex Streetwear,Áo khoác,M,Đen Trắng,1,639000,18/02/2026
HD01728,47321475-4386-4cf5-8b77-af01547cd204,Quần Baggy Nữ Hàn Quốc,Quần,S,Đen,1,429000,15/05/2025
HD01728,b3d420d4-d451-4c61-bd20-6636b4973e09,Cardigan Nữ Len Dệt Kim Kem,Cardigan,M,Be,1,499000,15/05/2025
HD01729,773638cb-7eea-46c3-8af4-3bce1ecb5dd2,Áo Polo Nam Công Sở Premium,Áo thun,XXL,Xanh Navy,1,350000,01/11/2025
HD01729,7a707f6c-7a4b-4392-80c8-475eb6eb4bc8,Quần Tây Nam Lịch Lãm Công Sở,Quần,33,Đen,2,489000,01/11/2025
HD01729,bf8bb740-6ff2-40aa-b164-ac144119c781,Giày Tây Nam Derby Lịch Lãm,Giày,42,Xám,2,990000,01/11/2025
HD01730,7af62054-cb7c-43d5-8a7a-f6de97b8440d,Blazer Nữ Công Sở Premium,Blazer,M,Trắng,1,820000,24/11/2025
HD01730,2d01e356-ac67-4d6f-83ce-e2c9ad89a55d,Quần Tây Nữ Ống Suông,Quần,S,Đen,1,459000,24/11/2025
HD01730,1d8256e6-c737-4a4c-86b9-b28f0c3112eb,Áo Sơ Mi Nữ Oxford Trắng,Áo sơ mi,M,Trắng,1,329000,24/11/2025
HD01731,7af62054-cb7c-43d5-8a7a-f6de97b8440d,Blazer Nữ Công Sở Premium,Blazer,M,Trắng,1,820000,08/11/2025
HD01731,1d8256e6-c737-4a4c-86b9-b28f0c3112eb,Áo Sơ Mi Nữ Oxford Trắng,Áo sơ mi,L,Trắng,2,329000,08/11/2025
HD01732,e6f18dbb-acb7-46bb-a116-d6111d7b40f8,Quần Jogger Nam Thể Thao Nỉ,Quần,M,Xám,1,320000,07/05/2026
HD01732,12c3c23d-b26f-4090-b661-3e330f928a84,Nón Thể Thao Unisex,Nón,Free Size,Trắng,1,160000,07/05/2026
HD01732,4ef3b541-6c86-4287-8090-28809b3559fe,Giày Chạy Bộ Nam Running Sport,Giày,42,Đen,2,790000,07/05/2026
HD01733,2aad4182-f5b2-4e66-a70b-32fe3626ae38,Nón Bucket Basic Unisex,Nón,Free Size,Đen,1,180000,13/02/2026
HD01733,86a9c31d-97c5-47fc-b2ce-292729ac16ad,Nón Bucket Unisex Họa Tiết Loang,Nón,Free Size,Đen,1,180000,13/02/2026
HD01733,f715e6cf-f139-40fc-9411-eb5a1391b6a3,Quần Short Unisex Nỉ Thể Thao,Quần,M,Đen,2,189000,13/02/2026
HD01734,565df8e7-d30d-4935-a0a2-bcd5ab5bf4a2,Quần Jeans Nam Slimfit Đen,Quần,29,Đen,2,549000,17/04/2025
HD01734,f79701c0-468d-45ca-a063-f2c32fead22e,Áo Polo Nam Basic,Áo thun,M,Xanh Navy,1,279000,17/04/2025
HD01735,12c3c23d-b26f-4090-b661-3e330f928a84,Nón Thể Thao Unisex,Nón,Free Size,Trắng,2,160000,06/08/2025
HD01735,4ef3b541-6c86-4287-8090-28809b3559fe,Giày Chạy Bộ Nam Running Sport,Giày,43,Đen,1,790000,06/08/2025
HD01735,e6f18dbb-acb7-46bb-a116-d6111d7b40f8,Quần Jogger Nam Thể Thao Nỉ,Quần,XL,Xám,2,320000,06/08/2025
HD01736,409dbb70-64f9-445d-b146-33a6ba02b819,Váy Nữ Dự Tiệc Trễ Vai Sang Chảnh,Váy,S,Đỏ,2,690000,22/10/2025
HD01736,c36ca838-024f-462b-b202-e125f17c3a90,Áo Body Nữ Tay Dài Ôm Sát,Áo body,S,Đen,2,299000,22/10/2025
HD01736,db900625-f6c9-41e1-a4eb-2042fcd9496f,Giày Cao Gót Nữ Đế Nhọn Công Sở,Giày,37,Trắng,2,490000,22/10/2025
HD01737,7a707f6c-7a4b-4392-80c8-475eb6eb4bc8,Quần Tây Nam Lịch Lãm Công Sở,Quần,30,Đen,1,489000,02/06/2025
HD01737,bf8bb740-6ff2-40aa-b164-ac144119c781,Giày Tây Nam Derby Lịch Lãm,Giày,41,Xám,1,990000,02/06/2025
HD01737,773638cb-7eea-46c3-8af4-3bce1ecb5dd2,Áo Polo Nam Công Sở Premium,Áo thun,S,Xanh Navy,1,350000,02/06/2025
HD01738,1d8256e6-c737-4a4c-86b9-b28f0c3112eb,Áo Sơ Mi Nữ Oxford Trắng,Áo sơ mi,M,Trắng,1,329000,05/12/2025
HD01738,7af62054-cb7c-43d5-8a7a-f6de97b8440d,Blazer Nữ Công Sở Premium,Blazer,S,Trắng,1,820000,05/12/2025
HD01739,e6f18dbb-acb7-46bb-a116-d6111d7b40f8,Quần Jogger Nam Thể Thao Nỉ,Quần,M,Xám,2,320000,15/08/2025
HD01739,4ef3b541-6c86-4287-8090-28809b3559fe,Giày Chạy Bộ Nam Running Sport,Giày,40,Đen,2,790000,15/08/2025
HD01740,7af62054-cb7c-43d5-8a7a-f6de97b8440d,Blazer Nữ Công Sở Premium,Blazer,S,Trắng,1,820000,15/02/2026
HD01740,2d01e356-ac67-4d6f-83ce-e2c9ad89a55d,Quần Tây Nữ Ống Suông,Quần,S,Đen,2,459000,15/02/2026
HD01740,1d8256e6-c737-4a4c-86b9-b28f0c3112eb,Áo Sơ Mi Nữ Oxford Trắng,Áo sơ mi,M,Trắng,2,329000,15/02/2026
HD01741,c36ca838-024f-462b-b202-e125f17c3a90,Áo Body Nữ Tay Dài Ôm Sát,Áo body,M,Đen,1,299000,09/05/2026
HD01741,201e6224-a601-46ee-bead-63759fec2f51,Áo Len Nam Cổ Tròn Cashmere,Áo len,L,Xám,1,650000,09/05/2026
HD01741,aeefd253-ff9c-45c1-9da7-06ebdf2c502c,Áo Khoác Denim Unisex Form Rộng,Áo khoác,L,Xanh,2,550000,09/05/2026
HD01742,bf8bb740-6ff2-40aa-b164-ac144119c781,Giày Tây Nam Derby Lịch Lãm,Giày,41,Xám,1,990000,08/02/2025
HD01742,773638cb-7eea-46c3-8af4-3bce1ecb5dd2,Áo Polo Nam Công Sở Premium,Áo thun,L,Xanh Navy,1,350000,08/02/2025
HD01742,7a707f6c-7a4b-4392-80c8-475eb6eb4bc8,Quần Tây Nam Lịch Lãm Công Sở,Quần,31,Đen,2,489000,08/02/2025
HD01742,0f6632d3-5cf7-42d2-9157-f13f0084a634,Áo Khoác Nam Denim Classic,Áo khoác,M,Xanh,1,550000,08/02/2025
HD01743,591f87ca-ccec-4d04-af4e-fe941c4ee72e,Giày Sneaker Trắng Unisex Streetwear,Giày,42,Trắng,1,650000,18/04/2026
HD01743,565df8e7-d30d-4935-a0a2-bcd5ab5bf4a2,Quần Jeans Nam Slimfit Đen,Quần,30,Đen,1,549000,18/04/2026
HD01743,f79701c0-468d-45ca-a063-f2c32fead22e,Áo Polo Nam Basic,Áo thun,M,Xanh Navy,2,279000,18/04/2026
HD01744,c9e6150b-fdf6-4a91-8f2c-d8bab75b9f2b,Hoodie Unisex Local Brand Cực Chất,Áo khoác,M,Nâu,2,399000,06/07/2025
HD01744,591f87ca-ccec-4d04-af4e-fe941c4ee72e,Giày Sneaker Trắng Unisex Streetwear,Giày,40,Trắng,1,650000,06/07/2025
HD01744,00ea76e6-8a78-4510-9aa1-8c8d3f1e0ea4,Áo Body Nữ Cổ Vuông,Áo body,L,Hồng,1,329000,06/07/2025
HD01745,409dbb70-64f9-445d-b146-33a6ba02b819,Váy Nữ Dự Tiệc Trễ Vai Sang Chảnh,Váy,M,Đỏ,2,690000,13/03/2026
HD01745,c36ca838-024f-462b-b202-e125f17c3a90,Áo Body Nữ Tay Dài Ôm Sát,Áo body,M,Đen,2,299000,13/03/2026
HD01745,db900625-f6c9-41e1-a4eb-2042fcd9496f,Giày Cao Gót Nữ Đế Nhọn Công Sở,Giày,39,Trắng,1,490000,13/03/2026
HD01746,ca7585c8-ddbf-4d1d-a666-37a7b963d906,Balo Unisex Thời Trang Chống Nước,Nón,Free Size,Trắng,2,450000,21/10/2025
HD01746,d15def0c-3a31-492a-ac97-382525c2218a,Áo Sweater Unisex Trơn Basic,Áo khoác,M,Nâu,2,320000,21/10/2025
HD01746,d687bdc0-7bd2-4fb3-b157-ef8d3c1b2135,Quần Jogger Unisex Nỉ Basic,Quần,L,Xám,1,280000,21/10/2025
HD01747,d15def0c-3a31-492a-ac97-382525c2218a,Áo Sweater Unisex Trơn Basic,Áo khoác,L,Nâu,1,320000,23/05/2025
HD01747,ca7585c8-ddbf-4d1d-a666-37a7b963d906,Balo Unisex Thời Trang Chống Nước,Nón,Free Size,Trắng,2,450000,23/05/2025
HD01747,d687bdc0-7bd2-4fb3-b157-ef8d3c1b2135,Quần Jogger Unisex Nỉ Basic,Quần,M,Xám,1,280000,23/05/2025
HD01747,e668318e-62fd-4730-9829-e614a2db7729,Blazer Nữ Form Rộng,Blazer,XL,Xám,1,850000,23/05/2025
HD01748,14aa5a7e-58a7-4ee6-91dc-3b3841539483,Áo Thun Nam Graphic Print,Áo thun,XL,Đen,2,259000,03/01/2025
HD01748,b675c96d-da9f-4712-a11c-0596cc052da0,Giày Sneaker Cổ Cao Unisex,Giày,42,Trắng,2,690000,03/01/2025
HD01749,c9e6150b-fdf6-4a91-8f2c-d8bab75b9f2b,Hoodie Unisex Local Brand Cực Chất,Áo khoác,L,Nâu,1,399000,01/04/2026
HD01749,591f87ca-ccec-4d04-af4e-fe941c4ee72e,Giày Sneaker Trắng Unisex Streetwear,Giày,39,Trắng,1,650000,01/04/2026
HD01749,b8a6d3f1-ad5c-4c5b-adf9-7e766ed462a5,Nón Bucket Unisex Vải Kaki Trơn,Nón,Free Size,Đen,1,150000,01/04/2026
HD01750,3ef4444d-e48a-41d7-aca5-dff0114fd772,Váy Công Sở Nữ,Váy,S,Đen,2,390000,08/06/2025
HD01750,95eb8021-2598-4aeb-92e1-99f5e709c28c,Cardigan Nữ Hàn Quốc,Cardigan,M,Trắng,2,430000,08/06/2025
HD01750,fba0cb23-9cc9-40ed-a279-a57f1c6ac794,Áo Khoác Nam Bomber,Áo khoác,M,Đen,2,499000,08/06/2025
HD01750,626b4040-d17f-4bae-a99a-a9bd43b0140b,Áo Len Nam Cổ Lọ,Áo len,XL,Đen,2,520000,08/06/2025
HD01750,de2469aa-98bb-4048-b2d6-ca06feaff0f9,Ví Da Unisex Đựng Thẻ Tiện Lợi,Nón,Free Size,Navy,2,190000,08/06/2025
HD01751,b3d420d4-d451-4c61-bd20-6636b4973e09,Cardigan Nữ Len Dệt Kim Kem,Cardigan,M,Be,2,499000,09/08/2025
HD01751,47321475-4386-4cf5-8b77-af01547cd204,Quần Baggy Nữ Hàn Quốc,Quần,S,Đen,2,429000,09/08/2025
HD01752,7a707f6c-7a4b-4392-80c8-475eb6eb4bc8,Quần Tây Nam Lịch Lãm Công Sở,Quần,33,Đen,1,489000,22/10/2025
HD01752,773638cb-7eea-46c3-8af4-3bce1ecb5dd2,Áo Polo Nam Công Sở Premium,Áo thun,S,Xanh Navy,1,350000,22/10/2025
HD01752,bf8bb740-6ff2-40aa-b164-ac144119c781,Giày Tây Nam Derby Lịch Lãm,Giày,41,Xám,2,990000,22/10/2025
HD01752,86a9c31d-97c5-47fc-b2ce-292729ac16ad,Nón Bucket Unisex Họa Tiết Loang,Nón,Free Size,Đen,2,180000,22/10/2025
HD01753,cc14f38d-1c5d-44e4-a577-c2add0a1b47e,Áo Sơ Mi Nữ Linen Kem,Áo sơ mi,L,Be,1,359000,02/01/2026
HD01753,47321475-4386-4cf5-8b77-af01547cd204,Quần Baggy Nữ Hàn Quốc,Quần,L,Đen,1,429000,02/01/2026
HD01753,b3d420d4-d451-4c61-bd20-6636b4973e09,Cardigan Nữ Len Dệt Kim Kem,Cardigan,L,Be,2,499000,02/01/2026
HD01754,f79701c0-468d-45ca-a063-f2c32fead22e,Áo Polo Nam Basic,Áo thun,M,Xanh Navy,1,279000,18/05/2025
HD01754,c9abc8f4-c333-4a02-9fdb-0a7346bdc75f,Váy Nữ Hoa Nhí Dáng A,Váy,S,Hồng,1,390000,18/05/2025
HD01754,b9070ded-f7bb-4ae7-8384-31f433f188c1,Quần Jogger Nam Kaki Túi Hộp,Quần,L,Đen,2,350000,18/05/2025
HD01754,46605dff-a9ed-41df-a46a-88d80a783e20,Nón Lưỡi Trai Cao Cấp Unisex,Nón,Free Size,Navy,1,250000,18/05/2025
HD01754,3040b7d2-2bea-4c81-bd8c-2c17927ad9e2,Quần Culottes Nữ,Quần,L,Be,1,379000,18/05/2025
HD01755,bf8bb740-6ff2-40aa-b164-ac144119c781,Giày Tây Nam Derby Lịch Lãm,Giày,40,Xám,1,990000,30/01/2026
HD01755,7a707f6c-7a4b-4392-80c8-475eb6eb4bc8,Quần Tây Nam Lịch Lãm Công Sở,Quần,32,Đen,2,489000,30/01/2026
HD01755,773638cb-7eea-46c3-8af4-3bce1ecb5dd2,Áo Polo Nam Công Sở Premium,Áo thun,XL,Xanh Navy,2,350000,30/01/2026
HD01755,dc8af6b0-89d3-409a-98db-fb01be893d15,Giày Sneaker Da Lộn Unisex,Giày,42,Trắng,2,720000,30/01/2026
HD01756,306ab081-eb9c-4df5-8b30-1f55f1daa354,Quần Kaki Nam Short Casual,Quần,XL,Đen,2,249000,14/02/2026
HD01756,220243e7-0f72-4253-9861-6ff08f57a586,Áo Len Nam Form Rộng,Áo len,L,Xám,1,559000,14/02/2026
HD01757,8211c7e6-49da-422e-8c8e-61bf0288e356,Áo Thun Nam Oversize Cực Chất,Áo thun,L,Đen,2,220000,11/08/2025
HD01757,b9070ded-f7bb-4ae7-8384-31f433f188c1,Quần Jogger Nam Kaki Túi Hộp,Quần,M,Đen,2,350000,11/08/2025
HD01757,99f07ede-2b19-4f58-949e-3c20b4da9416,Nón Snapback Unisex Streetwear,Nón,Free Size,Xám,2,220000,11/08/2025
HD01758,99f07ede-2b19-4f58-949e-3c20b4da9416,Nón Snapback Unisex Streetwear,Nón,Free Size,Xám,1,220000,19/09/2025
HD01758,8211c7e6-49da-422e-8c8e-61bf0288e356,Áo Thun Nam Oversize Cực Chất,Áo thun,XL,Đen,1,220000,19/09/2025
HD01758,b9cffddd-aa22-47ea-b376-34ad81004eed,Blazer Nữ Công Sở,Blazer,S,Trắng,2,820000,19/09/2025
HD01759,f79701c0-468d-45ca-a063-f2c32fead22e,Áo Polo Nam Basic,Áo thun,M,Xanh Navy,1,279000,15/03/2026
HD01759,565df8e7-d30d-4935-a0a2-bcd5ab5bf4a2,Quần Jeans Nam Slimfit Đen,Quần,29,Đen,2,549000,15/03/2026
HD01759,591f87ca-ccec-4d04-af4e-fe941c4ee72e,Giày Sneaker Trắng Unisex Streetwear,Giày,39,Trắng,1,650000,15/03/2026
HD01760,d687bdc0-7bd2-4fb3-b157-ef8d3c1b2135,Quần Jogger Unisex Nỉ Basic,Quần,XL,Xám,2,280000,19/03/2025
HD01760,d15def0c-3a31-492a-ac97-382525c2218a,Áo Sweater Unisex Trơn Basic,Áo khoác,XL,Nâu,2,320000,19/03/2025
HD01760,ca7585c8-ddbf-4d1d-a666-37a7b963d906,Balo Unisex Thời Trang Chống Nước,Nón,Free Size,Trắng,1,450000,19/03/2025
HD01761,773638cb-7eea-46c3-8af4-3bce1ecb5dd2,Áo Polo Nam Công Sở Premium,Áo thun,M,Xanh Navy,2,350000,22/07/2025
HD01761,7a707f6c-7a4b-4392-80c8-475eb6eb4bc8,Quần Tây Nam Lịch Lãm Công Sở,Quần,30,Đen,1,489000,22/07/2025
HD01761,bf8bb740-6ff2-40aa-b164-ac144119c781,Giày Tây Nam Derby Lịch Lãm,Giày,41,Xám,1,990000,22/07/2025
HD01762,7af62054-cb7c-43d5-8a7a-f6de97b8440d,Blazer Nữ Công Sở Premium,Blazer,M,Trắng,2,820000,28/07/2025
HD01762,2d01e356-ac67-4d6f-83ce-e2c9ad89a55d,Quần Tây Nữ Ống Suông,Quần,M,Đen,2,459000,28/07/2025
HD01762,1d8256e6-c737-4a4c-86b9-b28f0c3112eb,Áo Sơ Mi Nữ Oxford Trắng,Áo sơ mi,L,Trắng,2,329000,28/07/2025
HD01763,7a707f6c-7a4b-4392-80c8-475eb6eb4bc8,Quần Tây Nam Lịch Lãm Công Sở,Quần,33,Đen,1,489000,18/05/2025
HD01763,773638cb-7eea-46c3-8af4-3bce1ecb5dd2,Áo Polo Nam Công Sở Premium,Áo thun,L,Xanh Navy,1,350000,18/05/2025
HD01764,5fe8aacd-2167-47c0-925f-693248a365fe,Giày Slip On Unisex,Giày,40,Đen,1,499000,27/06/2025
HD01764,42df8548-dbbf-40a4-a6f2-f989e10394fd,Blazer Nữ Hàn Quốc,Blazer,L,Kem,2,790000,27/06/2025
HD01764,f79701c0-468d-45ca-a063-f2c32fead22e,Áo Polo Nam Basic,Áo thun,M,Xanh Navy,1,279000,27/06/2025
HD01765,565df8e7-d30d-4935-a0a2-bcd5ab5bf4a2,Quần Jeans Nam Slimfit Đen,Quần,29,Đen,2,549000,21/06/2025
HD01765,f79701c0-468d-45ca-a063-f2c32fead22e,Áo Polo Nam Basic,Áo thun,XL,Xanh Navy,1,279000,21/06/2025
HD01765,409dbb70-64f9-445d-b146-33a6ba02b819,Váy Nữ Dự Tiệc Trễ Vai Sang Chảnh,Váy,M,Đỏ,1,690000,21/06/2025
HD01766,b3d420d4-d451-4c61-bd20-6636b4973e09,Cardigan Nữ Len Dệt Kim Kem,Cardigan,S,Be,1,499000,12/05/2026
HD01766,47321475-4386-4cf5-8b77-af01547cd204,Quần Baggy Nữ Hàn Quốc,Quần,S,Đen,1,429000,12/05/2026
HD01767,4ef3b541-6c86-4287-8090-28809b3559fe,Giày Chạy Bộ Nam Running Sport,Giày,43,Đen,1,790000,18/03/2025
HD01767,e6f18dbb-acb7-46bb-a116-d6111d7b40f8,Quần Jogger Nam Thể Thao Nỉ,Quần,M,Xám,2,320000,18/03/2025
HD01768,bf8bb740-6ff2-40aa-b164-ac144119c781,Giày Tây Nam Derby Lịch Lãm,Giày,42,Xám,1,990000,02/12/2025
HD01768,7a707f6c-7a4b-4392-80c8-475eb6eb4bc8,Quần Tây Nam Lịch Lãm Công Sở,Quần,30,Đen,2,489000,02/12/2025
HD01768,e5f19f93-1057-4ec4-880f-a16e5fbcb39c,Váy Tennis Nữ Xếp Ly Trắng,Váy,S,Trắng,1,280000,02/12/2025
HD01769,591f87ca-ccec-4d04-af4e-fe941c4ee72e,Giày Sneaker Trắng Unisex Streetwear,Giày,42,Trắng,1,650000,26/06/2025
HD01769,565df8e7-d30d-4935-a0a2-bcd5ab5bf4a2,Quần Jeans Nam Slimfit Đen,Quần,30,Đen,2,549000,26/06/2025
HD01770,2d01e356-ac67-4d6f-83ce-e2c9ad89a55d,Quần Tây Nữ Ống Suông,Quần,L,Đen,2,459000,11/07/2025
HD01770,7af62054-cb7c-43d5-8a7a-f6de97b8440d,Blazer Nữ Công Sở Premium,Blazer,M,Trắng,1,820000,11/07/2025
HD01770,e09cd3a3-73e0-468b-b718-07db41b1465d,Váy Nữ Hoa Vintage,Váy,M,Hồng,2,450000,11/07/2025
HD01771,47321475-4386-4cf5-8b77-af01547cd204,Quần Baggy Nữ Hàn Quốc,Quần,S,Đen,2,429000,04/08/2025
HD01771,b3d420d4-d451-4c61-bd20-6636b4973e09,Cardigan Nữ Len Dệt Kim Kem,Cardigan,L,Be,2,499000,04/08/2025
HD01771,cc14f38d-1c5d-44e4-a577-c2add0a1b47e,Áo Sơ Mi Nữ Linen Kem,Áo sơ mi,S,Be,2,359000,04/08/2025
HD01772,591f87ca-ccec-4d04-af4e-fe941c4ee72e,Giày Sneaker Trắng Unisex Streetwear,Giày,38,Trắng,1,650000,21/09/2025
HD01772,c9e6150b-fdf6-4a91-8f2c-d8bab75b9f2b,Hoodie Unisex Local Brand Cực Chất,Áo khoác,XL,Nâu,1,399000,21/09/2025
HD01773,86a9c31d-97c5-47fc-b2ce-292729ac16ad,Nón Bucket Unisex Họa Tiết Loang,Nón,Free Size,Đen,1,180000,03/10/2025
HD01773,33732f38-6563-44e9-a85f-09fcdda0aa6f,Blazer Nữ Dáng Ngắn Thời Thượng,Blazer,M,Be,1,790000,03/10/2025
HD01773,1d99fb01-0c7c-4f56-86b7-e573663b11e2,Áo Thun Nam Oversize Streetwear,Áo thun,L,Đen,2,239000,03/10/2025
HD01773,23cbc0c9-3f70-46ca-82e3-35767699a754,Giày Slip On Unisex Vải Canvas,Giày,41,Đen,1,399000,03/10/2025
HD01773,201e6224-a601-46ee-bead-63759fec2f51,Áo Len Nam Cổ Tròn Cashmere,Áo len,S,Xám,1,650000,03/10/2025
HD01774,8211c7e6-49da-422e-8c8e-61bf0288e356,Áo Thun Nam Oversize Cực Chất,Áo thun,XL,Đen,2,220000,12/11/2025
HD01774,b9070ded-f7bb-4ae7-8384-31f433f188c1,Quần Jogger Nam Kaki Túi Hộp,Quần,M,Đen,2,350000,12/11/2025
HD01775,d15def0c-3a31-492a-ac97-382525c2218a,Áo Sweater Unisex Trơn Basic,Áo khoác,M,Nâu,2,320000,08/07/2025
HD01775,ca7585c8-ddbf-4d1d-a666-37a7b963d906,Balo Unisex Thời Trang Chống Nước,Nón,Free Size,Trắng,2,450000,08/07/2025
HD01775,d687bdc0-7bd2-4fb3-b157-ef8d3c1b2135,Quần Jogger Unisex Nỉ Basic,Quần,XL,Xám,1,280000,08/07/2025
HD01776,b9070ded-f7bb-4ae7-8384-31f433f188c1,Quần Jogger Nam Kaki Túi Hộp,Quần,M,Đen,1,350000,29/06/2025
HD01776,99f07ede-2b19-4f58-949e-3c20b4da9416,Nón Snapback Unisex Streetwear,Nón,Free Size,Xám,1,220000,29/06/2025
HD01776,8211c7e6-49da-422e-8c8e-61bf0288e356,Áo Thun Nam Oversize Cực Chất,Áo thun,L,Đen,1,220000,29/06/2025
HD01777,e6f18dbb-acb7-46bb-a116-d6111d7b40f8,Quần Jogger Nam Thể Thao Nỉ,Quần,M,Xám,1,320000,15/10/2025
HD01777,4ef3b541-6c86-4287-8090-28809b3559fe,Giày Chạy Bộ Nam Running Sport,Giày,41,Đen,2,790000,15/10/2025
HD01778,2d01e356-ac67-4d6f-83ce-e2c9ad89a55d,Quần Tây Nữ Ống Suông,Quần,L,Đen,2,459000,28/02/2025
HD01778,7af62054-cb7c-43d5-8a7a-f6de97b8440d,Blazer Nữ Công Sở Premium,Blazer,L,Trắng,1,820000,28/02/2025
HD01779,b3d420d4-d451-4c61-bd20-6636b4973e09,Cardigan Nữ Len Dệt Kim Kem,Cardigan,M,Be,1,499000,04/02/2025
HD01779,740d378a-17ab-4db0-aa7b-961840cb0ad8,Blazer Nữ Premium,Blazer,L,Đen,1,990000,04/02/2025
HD01779,256a70eb-d06d-417a-bf57-9b60da0305c5,Giày Thể Thao Nam,Giày,42,Xám,1,720000,04/02/2025
HD01779,f79701c0-468d-45ca-a063-f2c32fead22e,Áo Polo Nam Basic,Áo thun,M,Xanh Navy,1,279000,04/02/2025
HD01779,c9abc8f4-c333-4a02-9fdb-0a7346bdc75f,Váy Nữ Hoa Nhí Dáng A,Váy,L,Hồng,2,390000,04/02/2025
HD01780,bf8bb740-6ff2-40aa-b164-ac144119c781,Giày Tây Nam Derby Lịch Lãm,Giày,40,Xám,2,990000,09/09/2025
HD01780,7a707f6c-7a4b-4392-80c8-475eb6eb4bc8,Quần Tây Nam Lịch Lãm Công Sở,Quần,33,Đen,1,489000,09/09/2025
HD01780,773638cb-7eea-46c3-8af4-3bce1ecb5dd2,Áo Polo Nam Công Sở Premium,Áo thun,S,Xanh Navy,2,350000,09/09/2025
HD01781,8211c7e6-49da-422e-8c8e-61bf0288e356,Áo Thun Nam Oversize Cực Chất,Áo thun,M,Đen,2,220000,11/09/2025
HD01781,99f07ede-2b19-4f58-949e-3c20b4da9416,Nón Snapback Unisex Streetwear,Nón,Free Size,Xám,2,220000,11/09/2025
HD01781,b9070ded-f7bb-4ae7-8384-31f433f188c1,Quần Jogger Nam Kaki Túi Hộp,Quần,XL,Đen,1,350000,11/09/2025
HD01782,99f07ede-2b19-4f58-949e-3c20b4da9416,Nón Snapback Unisex Streetwear,Nón,Free Size,Xám,1,220000,27/08/2025
HD01782,8211c7e6-49da-422e-8c8e-61bf0288e356,Áo Thun Nam Oversize Cực Chất,Áo thun,L,Đen,1,220000,27/08/2025
HD01782,306ab081-eb9c-4df5-8b30-1f55f1daa354,Quần Kaki Nam Short Casual,Quần,M,Đen,1,249000,27/08/2025
HD01783,ca7585c8-ddbf-4d1d-a666-37a7b963d906,Balo Unisex Thời Trang Chống Nước,Nón,Free Size,Trắng,2,450000,13/02/2025
HD01783,d15def0c-3a31-492a-ac97-382525c2218a,Áo Sweater Unisex Trơn Basic,Áo khoác,XL,Nâu,1,320000,13/02/2025
HD01784,3519fffb-6ea3-4fe0-947e-6d8b8e470b7a,Váy Nữ Maxi Đi Biển Dịu Dàng,Váy,L,Be,2,550000,17/12/2025
HD01784,4ef3b541-6c86-4287-8090-28809b3559fe,Giày Chạy Bộ Nam Running Sport,Giày,40,Đen,1,790000,17/12/2025
HD01785,47321475-4386-4cf5-8b77-af01547cd204,Quần Baggy Nữ Hàn Quốc,Quần,L,Đen,2,429000,11/03/2026
HD01785,b3d420d4-d451-4c61-bd20-6636b4973e09,Cardigan Nữ Len Dệt Kim Kem,Cardigan,S,Be,1,499000,11/03/2026
HD01786,acaeda25-b325-467b-b332-a71ebd9078d8,Áo Khoác Nam Bomber Nhung Tăm,Áo khoác,L,Đen,1,499000,29/11/2025
HD01786,c36ca838-024f-462b-b202-e125f17c3a90,Áo Body Nữ Tay Dài Ôm Sát,Áo body,S,Đen,1,299000,29/11/2025
HD01786,c356d946-1d0c-4868-a400-11e664e1c6c1,Áo Thun Nam Cotton Organic,Áo thun,M,Xám,2,190000,29/11/2025
HD01786,93c3d112-b724-48cb-bee5-b2dcef7f1d55,Áo Khoác Gió Unisex Thể Thao,Áo khoác,M,Đen,1,350000,29/11/2025
HD01787,b8a6d3f1-ad5c-4c5b-adf9-7e766ed462a5,Nón Bucket Unisex Vải Kaki Trơn,Nón,Free Size,Đen,2,150000,18/06/2025
HD01787,81735139-02ec-4da6-aa6b-74780cb71167,Áo Sơ Mi Nữ Voan Lụa Công Sở,Áo sơ mi,M,Trắng,1,380000,18/06/2025
HD01788,591f87ca-ccec-4d04-af4e-fe941c4ee72e,Giày Sneaker Trắng Unisex Streetwear,Giày,40,Trắng,1,650000,12/01/2026
HD01788,565df8e7-d30d-4935-a0a2-bcd5ab5bf4a2,Quần Jeans Nam Slimfit Đen,Quần,30,Đen,1,549000,12/01/2026
HD01789,2d01e356-ac67-4d6f-83ce-e2c9ad89a55d,Quần Tây Nữ Ống Suông,Quần,L,Đen,1,459000,28/05/2025
HD01789,1d8256e6-c737-4a4c-86b9-b28f0c3112eb,Áo Sơ Mi Nữ Oxford Trắng,Áo sơ mi,S,Trắng,2,329000,28/05/2025
HD01790,99f07ede-2b19-4f58-949e-3c20b4da9416,Nón Snapback Unisex Streetwear,Nón,Free Size,Xám,2,220000,11/04/2026
HD01790,8211c7e6-49da-422e-8c8e-61bf0288e356,Áo Thun Nam Oversize Cực Chất,Áo thun,XL,Đen,1,220000,11/04/2026
HD01790,b9070ded-f7bb-4ae7-8384-31f433f188c1,Quần Jogger Nam Kaki Túi Hộp,Quần,L,Đen,2,350000,11/04/2026
HD01791,ca7585c8-ddbf-4d1d-a666-37a7b963d906,Balo Unisex Thời Trang Chống Nước,Nón,Free Size,Trắng,2,450000,05/11/2025
HD01791,d687bdc0-7bd2-4fb3-b157-ef8d3c1b2135,Quần Jogger Unisex Nỉ Basic,Quần,L,Xám,2,280000,05/11/2025
HD01792,d15def0c-3a31-492a-ac97-382525c2218a,Áo Sweater Unisex Trơn Basic,Áo khoác,M,Nâu,2,320000,01/03/2026
HD01792,ca7585c8-ddbf-4d1d-a666-37a7b963d906,Balo Unisex Thời Trang Chống Nước,Nón,Free Size,Trắng,2,450000,01/03/2026
HD01793,8211c7e6-49da-422e-8c8e-61bf0288e356,Áo Thun Nam Oversize Cực Chất,Áo thun,L,Đen,1,220000,27/09/2025
HD01793,99f07ede-2b19-4f58-949e-3c20b4da9416,Nón Snapback Unisex Streetwear,Nón,Free Size,Xám,1,220000,27/09/2025
HD01793,b9070ded-f7bb-4ae7-8384-31f433f188c1,Quần Jogger Nam Kaki Túi Hộp,Quần,M,Đen,2,350000,27/09/2025
HD01794,7af62054-cb7c-43d5-8a7a-f6de97b8440d,Blazer Nữ Công Sở Premium,Blazer,S,Trắng,2,820000,21/07/2025
HD01794,2d01e356-ac67-4d6f-83ce-e2c9ad89a55d,Quần Tây Nữ Ống Suông,Quần,M,Đen,2,459000,21/07/2025
HD01795,c9e6150b-fdf6-4a91-8f2c-d8bab75b9f2b,Hoodie Unisex Local Brand Cực Chất,Áo khoác,L,Nâu,2,399000,30/01/2025
HD01795,b8a6d3f1-ad5c-4c5b-adf9-7e766ed462a5,Nón Bucket Unisex Vải Kaki Trơn,Nón,Free Size,Đen,1,150000,30/01/2025
HD01795,591f87ca-ccec-4d04-af4e-fe941c4ee72e,Giày Sneaker Trắng Unisex Streetwear,Giày,42,Trắng,1,650000,30/01/2025
HD01796,e6f18dbb-acb7-46bb-a116-d6111d7b40f8,Quần Jogger Nam Thể Thao Nỉ,Quần,XL,Xám,2,320000,08/12/2025
HD01796,12c3c23d-b26f-4090-b661-3e330f928a84,Nón Thể Thao Unisex,Nón,Free Size,Trắng,2,160000,08/12/2025
HD01796,4ef3b541-6c86-4287-8090-28809b3559fe,Giày Chạy Bộ Nam Running Sport,Giày,41,Đen,1,790000,08/12/2025
HD01796,538c2225-906f-42c8-8875-c759a7017d20,Áo Sweater Unisex Cổ Tròn Nỉ,Áo khoác,M,Nâu,1,310000,08/12/2025
HD01797,7af62054-cb7c-43d5-8a7a-f6de97b8440d,Blazer Nữ Công Sở Premium,Blazer,L,Trắng,2,820000,22/02/2026
HD01797,1d8256e6-c737-4a4c-86b9-b28f0c3112eb,Áo Sơ Mi Nữ Oxford Trắng,Áo sơ mi,S,Trắng,1,329000,22/02/2026
HD01798,8211c7e6-49da-422e-8c8e-61bf0288e356,Áo Thun Nam Oversize Cực Chất,Áo thun,L,Đen,1,220000,15/03/2025
HD01798,b9070ded-f7bb-4ae7-8384-31f433f188c1,Quần Jogger Nam Kaki Túi Hộp,Quần,XL,Đen,1,350000,15/03/2025
HD01798,99f07ede-2b19-4f58-949e-3c20b4da9416,Nón Snapback Unisex Streetwear,Nón,Free Size,Xám,2,220000,15/03/2025
HD01799,863bc572-8ddb-47bc-98e0-bff31818a347,Quần Ống Rộng Nữ,Quần,M,Kem,1,399000,28/01/2026
HD01799,7cdfc8c2-6d7e-4c07-9981-f669040ff7a9,Áo Khoác Gió Nam Chống Nước,Áo khoác,L,Đen,2,450000,28/01/2026
HD01799,626b4040-d17f-4bae-a99a-a9bd43b0140b,Áo Len Nam Cổ Lọ,Áo len,M,Xám,2,520000,28/01/2026
HD01799,1d8256e6-c737-4a4c-86b9-b28f0c3112eb,Áo Sơ Mi Nữ Oxford Trắng,Áo sơ mi,L,Trắng,1,329000,28/01/2026
HD01799,b73fb852-1dd9-4829-86c6-c6c6f6ca7b73,Túi Tote Vải Unisex Tiện Lợi,Nón,Free Size,Trắng,1,120000,28/01/2026
HD01800,d687bdc0-7bd2-4fb3-b157-ef8d3c1b2135,Quần Jogger Unisex Nỉ Basic,Quần,L,Xám,2,280000,11/04/2026
HD01800,d15def0c-3a31-492a-ac97-382525c2218a,Áo Sweater Unisex Trơn Basic,Áo khoác,L,Nâu,1,320000,11/04/2026
HD01801,43d6febf-f863-4841-9ca6-94f3edbcb83a,Giày Búp Bê Nữ Da Mềm Mại,Giày,35,Trắng,1,350000,10/07/2025
HD01801,5fe8aacd-2167-47c0-925f-693248a365fe,Giày Slip On Unisex,Giày,41,Đen,1,499000,10/07/2025
HD01801,a7c450bf-193d-4223-b178-523acdd5ce71,Quần Kaki Nam Dáng Suông,Quần,32,Kem,1,389000,10/07/2025
HD01801,bf8bb740-6ff2-40aa-b164-ac144119c781,Giày Tây Nam Derby Lịch Lãm,Giày,42,Xám,1,990000,10/07/2025
HD01802,4ef3b541-6c86-4287-8090-28809b3559fe,Giày Chạy Bộ Nam Running Sport,Giày,41,Đen,2,790000,02/11/2025
HD01802,e6f18dbb-acb7-46bb-a116-d6111d7b40f8,Quần Jogger Nam Thể Thao Nỉ,Quần,M,Xám,1,320000,02/11/2025
HD01802,12c3c23d-b26f-4090-b661-3e330f928a84,Nón Thể Thao Unisex,Nón,Free Size,Trắng,2,160000,02/11/2025
HD01803,b3d420d4-d451-4c61-bd20-6636b4973e09,Cardigan Nữ Len Dệt Kim Kem,Cardigan,S,Be,1,499000,22/11/2025
HD01803,409dbb70-64f9-445d-b146-33a6ba02b819,Váy Nữ Dự Tiệc Trễ Vai Sang Chảnh,Váy,M,Đỏ,1,690000,22/11/2025
HD01803,773638cb-7eea-46c3-8af4-3bce1ecb5dd2,Áo Polo Nam Công Sở Premium,Áo thun,M,Xanh Navy,2,350000,22/11/2025
HD01804,b8a6d3f1-ad5c-4c5b-adf9-7e766ed462a5,Nón Bucket Unisex Vải Kaki Trơn,Nón,Free Size,Đen,2,150000,25/04/2026
HD01804,591f87ca-ccec-4d04-af4e-fe941c4ee72e,Giày Sneaker Trắng Unisex Streetwear,Giày,38,Trắng,1,650000,25/04/2026
HD01804,c9e6150b-fdf6-4a91-8f2c-d8bab75b9f2b,Hoodie Unisex Local Brand Cực Chất,Áo khoác,XL,Nâu,2,399000,25/04/2026
HD01805,b518aad8-1fbb-4d46-bc3c-1e531b3b1a8d,Áo Thun Nam Trơn Cổ Tròn,Áo thun,M,Trắng,2,150000,29/12/2025
HD01805,9b3e4d7c-96f1-4236-826e-5f32678a9fc4,Quần Jeans Nam,Quần,29,Xanh nhạt,1,549000,29/12/2025
HD01805,86a9c31d-97c5-47fc-b2ce-292729ac16ad,Nón Bucket Unisex Họa Tiết Loang,Nón,Free Size,Đen,2,180000,29/12/2025
HD01806,7a707f6c-7a4b-4392-80c8-475eb6eb4bc8,Quần Tây Nam Lịch Lãm Công Sở,Quần,33,Đen,1,489000,11/03/2026
HD01806,bf8bb740-6ff2-40aa-b164-ac144119c781,Giày Tây Nam Derby Lịch Lãm,Giày,41,Xám,1,990000,11/03/2026
HD01807,bf8bb740-6ff2-40aa-b164-ac144119c781,Giày Tây Nam Derby Lịch Lãm,Giày,42,Xám,2,990000,14/03/2025
HD01807,7a707f6c-7a4b-4392-80c8-475eb6eb4bc8,Quần Tây Nam Lịch Lãm Công Sở,Quần,29,Đen,1,489000,14/03/2025
HD01808,0f6632d3-5cf7-42d2-9157-f13f0084a634,Áo Khoác Nam Denim Classic,Áo khoác,M,Xanh,2,550000,18/05/2025
HD01808,bb06c357-8eb3-4ffe-a765-1307de4e19eb,Mũ Len Unisex Mùa Đông Ấm Áp,Nón,Free Size,Xám,1,150000,18/05/2025
HD01809,d15def0c-3a31-492a-ac97-382525c2218a,Áo Sweater Unisex Trơn Basic,Áo khoác,M,Nâu,2,320000,08/09/2025
HD01809,d687bdc0-7bd2-4fb3-b157-ef8d3c1b2135,Quần Jogger Unisex Nỉ Basic,Quần,M,Xám,2,280000,08/09/2025
HD01810,7a707f6c-7a4b-4392-80c8-475eb6eb4bc8,Quần Tây Nam Lịch Lãm Công Sở,Quần,32,Đen,2,489000,16/01/2026
HD01810,773638cb-7eea-46c3-8af4-3bce1ecb5dd2,Áo Polo Nam Công Sở Premium,Áo thun,L,Xanh Navy,2,350000,16/01/2026
HD01810,bf8bb740-6ff2-40aa-b164-ac144119c781,Giày Tây Nam Derby Lịch Lãm,Giày,39,Xám,2,990000,16/01/2026
HD01811,12c3c23d-b26f-4090-b661-3e330f928a84,Nón Thể Thao Unisex,Nón,Free Size,Trắng,1,160000,08/04/2025
HD01811,e9b18016-ac13-4aa7-8e3b-9df31db133d7,Váy Tennis Nữ,Váy,M,Trắng,2,280000,08/04/2025
HD01811,85f5b187-a705-4316-b553-16ca69de626b,Áo len phong cách cho nam,Áo len,M,Đen,1,789000,08/04/2025
HD01811,c9e6150b-fdf6-4a91-8f2c-d8bab75b9f2b,Hoodie Unisex Local Brand Cực Chất,Áo khoác,L,Nâu,1,399000,08/04/2025
HD01811,de2469aa-98bb-4048-b2d6-ca06feaff0f9,Ví Da Unisex Đựng Thẻ Tiện Lợi,Nón,Free Size,Navy,1,190000,08/04/2025
HD01812,bf8bb740-6ff2-40aa-b164-ac144119c781,Giày Tây Nam Derby Lịch Lãm,Giày,41,Xám,2,990000,10/01/2026
HD01812,773638cb-7eea-46c3-8af4-3bce1ecb5dd2,Áo Polo Nam Công Sở Premium,Áo thun,S,Xanh Navy,1,350000,10/01/2026
HD01812,7a707f6c-7a4b-4392-80c8-475eb6eb4bc8,Quần Tây Nam Lịch Lãm Công Sở,Quần,29,Đen,2,489000,10/01/2026
HD01812,01a62d8d-11a8-4f0e-95c8-28324f5438b6,Áo Body Nữ Basic Cổ Lọ,Áo body,S,Trắng,1,269000,10/01/2026
HD01813,773638cb-7eea-46c3-8af4-3bce1ecb5dd2,Áo Polo Nam Công Sở Premium,Áo thun,S,Xanh Navy,2,350000,05/01/2025
HD01813,bf8bb740-6ff2-40aa-b164-ac144119c781,Giày Tây Nam Derby Lịch Lãm,Giày,41,Xám,2,990000,05/01/2025
HD01813,7a707f6c-7a4b-4392-80c8-475eb6eb4bc8,Quần Tây Nam Lịch Lãm Công Sở,Quần,32,Đen,2,489000,05/01/2025
HD01814,7a707f6c-7a4b-4392-80c8-475eb6eb4bc8,Quần Tây Nam Lịch Lãm Công Sở,Quần,33,Đen,1,489000,20/11/2025
HD01814,773638cb-7eea-46c3-8af4-3bce1ecb5dd2,Áo Polo Nam Công Sở Premium,Áo thun,L,Xanh Navy,1,350000,20/11/2025
HD01814,bf8bb740-6ff2-40aa-b164-ac144119c781,Giày Tây Nam Derby Lịch Lãm,Giày,40,Xám,1,990000,20/11/2025
HD01815,bf8bb740-6ff2-40aa-b164-ac144119c781,Giày Tây Nam Derby Lịch Lãm,Giày,42,Xám,1,990000,31/03/2025
HD01815,773638cb-7eea-46c3-8af4-3bce1ecb5dd2,Áo Polo Nam Công Sở Premium,Áo thun,L,Xanh Navy,2,350000,31/03/2025
HD01815,47321475-4386-4cf5-8b77-af01547cd204,Quần Baggy Nữ Hàn Quốc,Quần,XL,Đen,1,429000,31/03/2025
HD01816,e7988e60-9056-472a-b914-5ab26da5917c,Quần Jeans Nam Rách Gối Streetwear,Quần,31,Xanh nhạt,2,599000,21/08/2025
HD01816,3ffeadc2-56cb-4267-a02b-00fc51a7a1b2,Áo Khoác Bomber Unisex Da Lộn,Áo khoác,XL,Đen,1,599000,21/08/2025
HD01816,33732f38-6563-44e9-a85f-09fcdda0aa6f,Blazer Nữ Dáng Ngắn Thời Thượng,Blazer,M,Be,2,790000,21/08/2025
HD01817,4ef3b541-6c86-4287-8090-28809b3559fe,Giày Chạy Bộ Nam Running Sport,Giày,43,Đen,1,790000,15/04/2026
HD01817,12c3c23d-b26f-4090-b661-3e330f928a84,Nón Thể Thao Unisex,Nón,Free Size,Trắng,2,160000,15/04/2026
HD01817,e6f18dbb-acb7-46bb-a116-d6111d7b40f8,Quần Jogger Nam Thể Thao Nỉ,Quần,M,Xám,1,320000,15/04/2026
HD01818,12c3c23d-b26f-4090-b661-3e330f928a84,Nón Thể Thao Unisex,Nón,Free Size,Trắng,1,160000,10/11/2025
HD01818,4ef3b541-6c86-4287-8090-28809b3559fe,Giày Chạy Bộ Nam Running Sport,Giày,43,Đen,1,790000,10/11/2025
HD01819,2d01e356-ac67-4d6f-83ce-e2c9ad89a55d,Quần Tây Nữ Ống Suông,Quần,S,Đen,2,459000,29/09/2025
HD01819,e9b18016-ac13-4aa7-8e3b-9df31db133d7,Váy Tennis Nữ,Váy,S,Trắng,1,280000,29/09/2025
HD01819,462e9e6e-f5a5-4689-bca8-aa61f7489a66,Hoodie Unisex Nỉ Bông Có Mũ,Áo khoác,XL,Xám,1,380000,29/09/2025
HD01819,668c0c46-b451-49fb-a269-45e518a0a645,Quần Jeans Nam Slimfit,Quần,32,Xanh đậm,2,549000,29/09/2025
HD01820,773638cb-7eea-46c3-8af4-3bce1ecb5dd2,Áo Polo Nam Công Sở Premium,Áo thun,L,Xanh Navy,1,350000,23/09/2025
HD01820,bf8bb740-6ff2-40aa-b164-ac144119c781,Giày Tây Nam Derby Lịch Lãm,Giày,42,Xám,2,990000,23/09/2025
HD01820,7a707f6c-7a4b-4392-80c8-475eb6eb4bc8,Quần Tây Nam Lịch Lãm Công Sở,Quần,29,Đen,1,489000,23/09/2025
HD01821,e7988e60-9056-472a-b914-5ab26da5917c,Quần Jeans Nam Rách Gối Streetwear,Quần,32,Xanh nhạt,2,599000,08/05/2025
HD01821,6d9ff3b3-09bc-4a76-b2f0-891905840fe3,Áo Thun Nữ Form Rộng Giấu Quần,Áo thun,M,Trắng,2,160000,08/05/2025
HD01822,591f87ca-ccec-4d04-af4e-fe941c4ee72e,Giày Sneaker Trắng Unisex Streetwear,Giày,41,Trắng,1,650000,30/06/2025
HD01822,c9e6150b-fdf6-4a91-8f2c-d8bab75b9f2b,Hoodie Unisex Local Brand Cực Chất,Áo khoác,XL,Nâu,1,399000,30/06/2025
HD01823,565df8e7-d30d-4935-a0a2-bcd5ab5bf4a2,Quần Jeans Nam Slimfit Đen,Quần,32,Đen,1,549000,02/12/2025
HD01823,f79701c0-468d-45ca-a063-f2c32fead22e,Áo Polo Nam Basic,Áo thun,M,Xanh Navy,1,279000,02/12/2025
HD01824,b3d420d4-d451-4c61-bd20-6636b4973e09,Cardigan Nữ Len Dệt Kim Kem,Cardigan,L,Be,2,499000,05/02/2026
HD01824,47321475-4386-4cf5-8b77-af01547cd204,Quần Baggy Nữ Hàn Quốc,Quần,L,Đen,1,429000,05/02/2026
HD01825,7af62054-cb7c-43d5-8a7a-f6de97b8440d,Blazer Nữ Công Sở Premium,Blazer,M,Trắng,2,820000,30/10/2025
HD01825,2d01e356-ac67-4d6f-83ce-e2c9ad89a55d,Quần Tây Nữ Ống Suông,Quần,L,Đen,1,459000,30/10/2025
HD01825,1d8256e6-c737-4a4c-86b9-b28f0c3112eb,Áo Sơ Mi Nữ Oxford Trắng,Áo sơ mi,M,Trắng,2,329000,30/10/2025
HD01826,d687bdc0-7bd2-4fb3-b157-ef8d3c1b2135,Quần Jogger Unisex Nỉ Basic,Quần,L,Xám,1,280000,01/03/2026
HD01826,ca7585c8-ddbf-4d1d-a666-37a7b963d906,Balo Unisex Thời Trang Chống Nước,Nón,Free Size,Trắng,2,450000,01/03/2026
HD01826,d15def0c-3a31-492a-ac97-382525c2218a,Áo Sweater Unisex Trơn Basic,Áo khoác,L,Nâu,1,320000,01/03/2026
HD01827,8211c7e6-49da-422e-8c8e-61bf0288e356,Áo Thun Nam Oversize Cực Chất,Áo thun,M,Đen,2,220000,31/12/2025
HD01827,b9070ded-f7bb-4ae7-8384-31f433f188c1,Quần Jogger Nam Kaki Túi Hộp,Quần,M,Đen,1,350000,31/12/2025
HD01827,99f07ede-2b19-4f58-949e-3c20b4da9416,Nón Snapback Unisex Streetwear,Nón,Free Size,Xám,1,220000,31/12/2025
HD01828,2d01e356-ac67-4d6f-83ce-e2c9ad89a55d,Quần Tây Nữ Ống Suông,Quần,M,Đen,1,459000,31/01/2025
HD01828,7af62054-cb7c-43d5-8a7a-f6de97b8440d,Blazer Nữ Công Sở Premium,Blazer,L,Trắng,1,820000,31/01/2025
HD01829,db900625-f6c9-41e1-a4eb-2042fcd9496f,Giày Cao Gót Nữ Đế Nhọn Công Sở,Giày,37,Trắng,1,490000,30/08/2025
HD01829,409dbb70-64f9-445d-b146-33a6ba02b819,Váy Nữ Dự Tiệc Trễ Vai Sang Chảnh,Váy,M,Đỏ,2,690000,30/08/2025
HD01829,c36ca838-024f-462b-b202-e125f17c3a90,Áo Body Nữ Tay Dài Ôm Sát,Áo body,S,Đen,1,299000,30/08/2025
HD01830,d230d9ed-71e2-4378-9fb2-15dd13a37357,Áo Hoodie Unisex,Áo khoác,XXL,Xám,1,399000,09/01/2026
HD01830,b44f5194-d6f8-497b-b568-738d7d09c9e4,Áo Thun Nữ Croptop Cổ Tim,Áo thun,S,Trắng,2,120000,09/01/2026
HD01830,fb99d5a6-90f1-4a0e-931d-e0f87e9f92e9,Áo Body Nữ Basic,Áo body,S,Trắng,2,269000,09/01/2026
HD01830,0f6632d3-5cf7-42d2-9157-f13f0084a634,Áo Khoác Nam Denim Classic,Áo khoác,L,Xanh,1,550000,09/01/2026
HD01830,6e959b97-7e1c-49d4-a62d-1d3bdaa3a97c,Áo Len Nam Hàn Quốc,Áo len,L,Kem,2,499000,09/01/2026
HD01831,c9e6150b-fdf6-4a91-8f2c-d8bab75b9f2b,Hoodie Unisex Local Brand Cực Chất,Áo khoác,M,Nâu,2,399000,12/10/2025
HD01831,591f87ca-ccec-4d04-af4e-fe941c4ee72e,Giày Sneaker Trắng Unisex Streetwear,Giày,39,Trắng,2,650000,12/10/2025
HD01831,b8a6d3f1-ad5c-4c5b-adf9-7e766ed462a5,Nón Bucket Unisex Vải Kaki Trơn,Nón,Free Size,Đen,2,150000,12/10/2025
HD01832,6567b83c-7707-4f60-b9df-577208962783,Blazer Nữ Kẻ Caro Phong Cách Hàn,Blazer,S,Xám,2,850000,04/07/2025
HD01832,14aa5a7e-58a7-4ee6-91dc-3b3841539483,Áo Thun Nam Graphic Print,Áo thun,M,Xám,1,259000,04/07/2025
HD01832,81735139-02ec-4da6-aa6b-74780cb71167,Áo Sơ Mi Nữ Voan Lụa Công Sở,Áo sơ mi,L,Trắng,1,380000,04/07/2025
HD01832,93c3d112-b724-48cb-bee5-b2dcef7f1d55,Áo Khoác Gió Unisex Thể Thao,Áo khoác,L,Đen,2,350000,04/07/2025
HD01833,591f87ca-ccec-4d04-af4e-fe941c4ee72e,Giày Sneaker Trắng Unisex Streetwear,Giày,38,Trắng,2,650000,01/03/2026
HD01833,c9e6150b-fdf6-4a91-8f2c-d8bab75b9f2b,Hoodie Unisex Local Brand Cực Chất,Áo khoác,L,Nâu,2,399000,01/03/2026
HD01833,ac85d49f-37a3-47d2-9850-04adc3abecfb,Mắt Kính Unisex Chống Tia UV,Nón,Free Size,Đen,1,290000,01/03/2026
HD01834,2d01e356-ac67-4d6f-83ce-e2c9ad89a55d,Quần Tây Nữ Ống Suông,Quần,M,Đen,1,459000,17/08/2025
HD01834,1d8256e6-c737-4a4c-86b9-b28f0c3112eb,Áo Sơ Mi Nữ Oxford Trắng,Áo sơ mi,M,Trắng,1,329000,17/08/2025
HD01834,7af62054-cb7c-43d5-8a7a-f6de97b8440d,Blazer Nữ Công Sở Premium,Blazer,L,Trắng,2,820000,17/08/2025
HD01835,b8a6d3f1-ad5c-4c5b-adf9-7e766ed462a5,Nón Bucket Unisex Vải Kaki Trơn,Nón,Free Size,Đen,1,150000,10/04/2025
HD01835,591f87ca-ccec-4d04-af4e-fe941c4ee72e,Giày Sneaker Trắng Unisex Streetwear,Giày,41,Trắng,2,650000,10/04/2025
HD01835,c9e6150b-fdf6-4a91-8f2c-d8bab75b9f2b,Hoodie Unisex Local Brand Cực Chất,Áo khoác,L,Nâu,1,399000,10/04/2025
HD01836,5aee6bb0-ffad-4321-976e-a7a74709d94d,Dép Unisex Quai Ngang Êm Chân,Giày,38,Đen,2,150000,22/01/2026
HD01836,85f5b187-a705-4316-b553-16ca69de626b,Áo len phong cách cho nam,Áo len,S,Xám,2,789000,22/01/2026
HD01836,e668318e-62fd-4730-9829-e614a2db7729,Blazer Nữ Form Rộng,Blazer,L,Xám,1,850000,22/01/2026
HD01836,e7988e60-9056-472a-b914-5ab26da5917c,Quần Jeans Nam Rách Gối Streetwear,Quần,30,Xanh nhạt,1,599000,22/01/2026
HD01837,2d01e356-ac67-4d6f-83ce-e2c9ad89a55d,Quần Tây Nữ Ống Suông,Quần,M,Đen,2,459000,02/06/2025
HD01837,85f5b187-a705-4316-b553-16ca69de626b,Áo len phong cách cho nam,Áo len,L,Xám,2,789000,02/06/2025
HD01837,90594d6e-3ae8-44bc-be8b-4d8d5d4c89fe,Cardigan Nữ Basic,Cardigan,L,Trắng,1,379000,02/06/2025
HD01837,14aa5a7e-58a7-4ee6-91dc-3b3841539483,Áo Thun Nam Graphic Print,Áo thun,XL,Đen,2,259000,02/06/2025
HD01837,206646b2-8c77-4e51-b71d-a942c17cbc4b,Quần Short Unisex Dù Gió,Quần,L,Xanh,1,150000,02/06/2025
HD01838,4ef3b541-6c86-4287-8090-28809b3559fe,Giày Chạy Bộ Nam Running Sport,Giày,40,Đen,1,790000,06/02/2026
HD01838,12c3c23d-b26f-4090-b661-3e330f928a84,Nón Thể Thao Unisex,Nón,Free Size,Trắng,2,160000,06/02/2026
HD01838,e09cd3a3-73e0-468b-b718-07db41b1465d,Váy Nữ Hoa Vintage,Váy,L,Hồng,2,450000,06/02/2026
HD01839,5b589295-6165-44f3-840e-bdf84d3c964e,Áo Body Nữ Giữ Nhiệt Bamboo Cổ Tròn,Áo body,S,Đen,2,329000,14/04/2025
HD01839,fba0cb23-9cc9-40ed-a279-a57f1c6ac794,Áo Khoác Nam Bomber,Áo khoác,XL,Đen,1,499000,14/04/2025
HD01839,773638cb-7eea-46c3-8af4-3bce1ecb5dd2,Áo Polo Nam Công Sở Premium,Áo thun,L,Xanh Navy,2,350000,14/04/2025
HD01839,31c0b020-668f-4c1e-aa4b-e58b7ea7da0f,Nón Lưỡi Trai Basic Unisex,Nón,FreeSize,Trắng,2,120000,14/04/2025
HD01840,d15def0c-3a31-492a-ac97-382525c2218a,Áo Sweater Unisex Trơn Basic,Áo khoác,XL,Nâu,1,320000,17/07/2025
HD01840,ca7585c8-ddbf-4d1d-a666-37a7b963d906,Balo Unisex Thời Trang Chống Nước,Nón,Free Size,Trắng,1,450000,17/07/2025
HD01841,220243e7-0f72-4253-9861-6ff08f57a586,Áo Len Nam Form Rộng,Áo len,L,Xám,2,559000,14/03/2026
HD01841,d15def0c-3a31-492a-ac97-382525c2218a,Áo Sweater Unisex Trơn Basic,Áo khoác,L,Nâu,1,320000,14/03/2026
HD01841,2139d828-a4c0-4f2e-90e4-3cfb3420bf70,Bộ Vest Nam Cao Cấp Sang Trọng,Blazer,L,Đen,2,1500000,14/03/2026
HD01841,23cbc0c9-3f70-46ca-82e3-35767699a754,Giày Slip On Unisex Vải Canvas,Giày,38,Đen,2,399000,14/03/2026
HD01841,b518aad8-1fbb-4d46-bc3c-1e531b3b1a8d,Áo Thun Nam Trơn Cổ Tròn,Áo thun,M,Đen,1,150000,14/03/2026
HD01842,6e959b97-7e1c-49d4-a62d-1d3bdaa3a97c,Áo Len Nam Hàn Quốc,Áo len,M,Nâu,1,499000,30/05/2025
HD01842,00ea76e6-8a78-4510-9aa1-8c8d3f1e0ea4,Áo Body Nữ Cổ Vuông,Áo body,S,Hồng,2,329000,30/05/2025
HD01842,b73fb852-1dd9-4829-86c6-c6c6f6ca7b73,Túi Tote Vải Unisex Tiện Lợi,Nón,Free Size,Trắng,1,120000,30/05/2025
HD01842,aeefd253-ff9c-45c1-9da7-06ebdf2c502c,Áo Khoác Denim Unisex Form Rộng,Áo khoác,XL,Xanh,1,550000,30/05/2025
HD01843,b8a6d3f1-ad5c-4c5b-adf9-7e766ed462a5,Nón Bucket Unisex Vải Kaki Trơn,Nón,Free Size,Đen,2,150000,04/11/2025
HD01843,591f87ca-ccec-4d04-af4e-fe941c4ee72e,Giày Sneaker Trắng Unisex Streetwear,Giày,38,Trắng,1,650000,04/11/2025
HD01844,ca7585c8-ddbf-4d1d-a666-37a7b963d906,Balo Unisex Thời Trang Chống Nước,Nón,Free Size,Trắng,1,450000,14/10/2025
HD01844,d687bdc0-7bd2-4fb3-b157-ef8d3c1b2135,Quần Jogger Unisex Nỉ Basic,Quần,M,Xám,1,280000,14/10/2025
HD01845,db900625-f6c9-41e1-a4eb-2042fcd9496f,Giày Cao Gót Nữ Đế Nhọn Công Sở,Giày,39,Trắng,1,490000,20/06/2025
HD01845,c36ca838-024f-462b-b202-e125f17c3a90,Áo Body Nữ Tay Dài Ôm Sát,Áo body,S,Đen,2,299000,20/06/2025
HD01846,b675c96d-da9f-4712-a11c-0596cc052da0,Giày Sneaker Cổ Cao Unisex,Giày,39,Trắng,1,690000,21/02/2026
HD01846,6217de90-58f8-4c3f-99e7-59c09b50f42d,Áo Khoác Nam Denim,Áo khoác,M,Xanh,1,559000,21/02/2026
HD01846,75a19ddc-3ed9-45f0-9578-73b1935b5ad4,Áo Thun Unisex Oversize Cotton,Áo thun,XL,Xám,1,199000,21/02/2026
HD01846,dc8af6b0-89d3-409a-98db-fb01be893d15,Giày Sneaker Da Lộn Unisex,Giày,38,Trắng,1,720000,21/02/2026
HD01847,de2469aa-98bb-4048-b2d6-ca06feaff0f9,Ví Da Unisex Đựng Thẻ Tiện Lợi,Nón,Free Size,Navy,1,190000,31/03/2025
HD01847,206646b2-8c77-4e51-b71d-a942c17cbc4b,Quần Short Unisex Dù Gió,Quần,XL,Xanh,2,150000,31/03/2025
HD01847,93c3d112-b724-48cb-bee5-b2dcef7f1d55,Áo Khoác Gió Unisex Thể Thao,Áo khoác,M,Đen,2,350000,31/03/2025
HD01848,e6f18dbb-acb7-46bb-a116-d6111d7b40f8,Quần Jogger Nam Thể Thao Nỉ,Quần,L,Xám,1,320000,27/03/2026
HD01848,4ef3b541-6c86-4287-8090-28809b3559fe,Giày Chạy Bộ Nam Running Sport,Giày,43,Đen,1,790000,27/03/2026
HD01849,47321475-4386-4cf5-8b77-af01547cd204,Quần Baggy Nữ Hàn Quốc,Quần,XL,Đen,2,429000,23/01/2026
HD01849,cc14f38d-1c5d-44e4-a577-c2add0a1b47e,Áo Sơ Mi Nữ Linen Kem,Áo sơ mi,M,Be,1,359000,23/01/2026
HD01849,b3d420d4-d451-4c61-bd20-6636b4973e09,Cardigan Nữ Len Dệt Kim Kem,Cardigan,L,Be,2,499000,23/01/2026
HD01850,7af62054-cb7c-43d5-8a7a-f6de97b8440d,Blazer Nữ Công Sở Premium,Blazer,L,Trắng,2,820000,18/02/2026
HD01850,2d01e356-ac67-4d6f-83ce-e2c9ad89a55d,Quần Tây Nữ Ống Suông,Quần,M,Đen,1,459000,18/02/2026
HD01851,12c3c23d-b26f-4090-b661-3e330f928a84,Nón Thể Thao Unisex,Nón,Free Size,Trắng,1,160000,26/08/2025
HD01851,e6f18dbb-acb7-46bb-a116-d6111d7b40f8,Quần Jogger Nam Thể Thao Nỉ,Quần,XL,Xám,1,320000,26/08/2025
HD01851,4ef3b541-6c86-4287-8090-28809b3559fe,Giày Chạy Bộ Nam Running Sport,Giày,42,Đen,1,790000,26/08/2025
HD01852,47321475-4386-4cf5-8b77-af01547cd204,Quần Baggy Nữ Hàn Quốc,Quần,L,Đen,2,429000,19/09/2025
HD01852,b3d420d4-d451-4c61-bd20-6636b4973e09,Cardigan Nữ Len Dệt Kim Kem,Cardigan,M,Be,2,499000,19/09/2025
HD01853,12c3c23d-b26f-4090-b661-3e330f928a84,Nón Thể Thao Unisex,Nón,Free Size,Trắng,1,160000,22/10/2025
HD01853,4ef3b541-6c86-4287-8090-28809b3559fe,Giày Chạy Bộ Nam Running Sport,Giày,40,Đen,1,790000,22/10/2025
HD01854,2d01e356-ac67-4d6f-83ce-e2c9ad89a55d,Quần Tây Nữ Ống Suông,Quần,M,Đen,1,459000,16/04/2026
HD01854,1d8256e6-c737-4a4c-86b9-b28f0c3112eb,Áo Sơ Mi Nữ Oxford Trắng,Áo sơ mi,L,Trắng,2,329000,16/04/2026
HD01855,6d9ff3b3-09bc-4a76-b2f0-891905840fe3,Áo Thun Nữ Form Rộng Giấu Quần,Áo thun,L,Trắng,2,160000,25/08/2025
HD01855,93c3d112-b724-48cb-bee5-b2dcef7f1d55,Áo Khoác Gió Unisex Thể Thao,Áo khoác,XL,Đen,2,350000,25/08/2025
HD01855,863bc572-8ddb-47bc-98e0-bff31818a347,Quần Ống Rộng Nữ,Quần,S,Kem,1,399000,25/08/2025
HD01855,1571231f-22cc-4ac1-94b1-c01fcb332ed7,Túi Bao Tử Unisex Chống Nước,Nón,Free Size,Navy,1,220000,25/08/2025
HD01856,c36ca838-024f-462b-b202-e125f17c3a90,Áo Body Nữ Tay Dài Ôm Sát,Áo body,M,Đen,2,299000,10/01/2026
HD01856,db900625-f6c9-41e1-a4eb-2042fcd9496f,Giày Cao Gót Nữ Đế Nhọn Công Sở,Giày,38,Trắng,2,490000,10/01/2026
HD01856,409dbb70-64f9-445d-b146-33a6ba02b819,Váy Nữ Dự Tiệc Trễ Vai Sang Chảnh,Váy,L,Đỏ,1,690000,10/01/2026
HD01857,db900625-f6c9-41e1-a4eb-2042fcd9496f,Giày Cao Gót Nữ Đế Nhọn Công Sở,Giày,39,Trắng,1,490000,17/01/2026
HD01857,409dbb70-64f9-445d-b146-33a6ba02b819,Váy Nữ Dự Tiệc Trễ Vai Sang Chảnh,Váy,L,Đỏ,2,690000,17/01/2026
HD01857,61017231-ff80-414c-8355-84b4bfd8f3fb,Áo Sơ Mi Nữ Oxford,Áo sơ mi,XL,Trắng,1,329000,17/01/2026
HD01858,d687bdc0-7bd2-4fb3-b157-ef8d3c1b2135,Quần Jogger Unisex Nỉ Basic,Quần,M,Xám,1,280000,01/10/2025
HD01858,d15def0c-3a31-492a-ac97-382525c2218a,Áo Sweater Unisex Trơn Basic,Áo khoác,M,Nâu,2,320000,01/10/2025
HD01859,b3d420d4-d451-4c61-bd20-6636b4973e09,Cardigan Nữ Len Dệt Kim Kem,Cardigan,L,Be,2,499000,25/06/2025
HD01859,cc14f38d-1c5d-44e4-a577-c2add0a1b47e,Áo Sơ Mi Nữ Linen Kem,Áo sơ mi,S,Be,2,359000,25/06/2025
HD01859,47321475-4386-4cf5-8b77-af01547cd204,Quần Baggy Nữ Hàn Quốc,Quần,L,Đen,2,429000,25/06/2025
HD01859,93efef1b-4c47-4682-af31-84004a28c573,Nón Snapback Unisex,Nón,Free Size,Xám,2,220000,25/06/2025
HD01860,12c3c23d-b26f-4090-b661-3e330f928a84,Nón Thể Thao Unisex,Nón,Free Size,Trắng,1,160000,12/04/2025
HD01860,e6f18dbb-acb7-46bb-a116-d6111d7b40f8,Quần Jogger Nam Thể Thao Nỉ,Quần,L,Xám,1,320000,12/04/2025
HD01860,4ef3b541-6c86-4287-8090-28809b3559fe,Giày Chạy Bộ Nam Running Sport,Giày,42,Đen,1,790000,12/04/2025
HD01861,ca7585c8-ddbf-4d1d-a666-37a7b963d906,Balo Unisex Thời Trang Chống Nước,Nón,Free Size,Trắng,2,450000,18/07/2025
HD01861,d15def0c-3a31-492a-ac97-382525c2218a,Áo Sweater Unisex Trơn Basic,Áo khoác,M,Nâu,2,320000,18/07/2025
HD01862,591f87ca-ccec-4d04-af4e-fe941c4ee72e,Giày Sneaker Trắng Unisex Streetwear,Giày,41,Trắng,1,650000,12/08/2025
HD01862,f79701c0-468d-45ca-a063-f2c32fead22e,Áo Polo Nam Basic,Áo thun,L,Xanh Navy,2,279000,12/08/2025
HD01862,16685b4a-ab63-4a1f-ab9f-b4255995921e,Blazer Nữ Basic,Blazer,S,Đen,2,720000,12/08/2025
HD01863,565df8e7-d30d-4935-a0a2-bcd5ab5bf4a2,Quần Jeans Nam Slimfit Đen,Quần,31,Đen,2,549000,03/06/2025
HD01863,f79701c0-468d-45ca-a063-f2c32fead22e,Áo Polo Nam Basic,Áo thun,M,Xanh Navy,2,279000,03/06/2025
HD01863,591f87ca-ccec-4d04-af4e-fe941c4ee72e,Giày Sneaker Trắng Unisex Streetwear,Giày,41,Trắng,1,650000,03/06/2025
HD01864,2d01e356-ac67-4d6f-83ce-e2c9ad89a55d,Quần Tây Nữ Ống Suông,Quần,S,Đen,1,459000,25/11/2025
HD01864,7af62054-cb7c-43d5-8a7a-f6de97b8440d,Blazer Nữ Công Sở Premium,Blazer,S,Trắng,1,820000,25/11/2025
HD01864,710b70de-e346-422e-b35a-a3ce277dacb8,Áo Sơ Mi Nữ Cổ Đức Cách Điệu,Áo sơ mi,M,Trắng,1,310000,25/11/2025
HD01865,47321475-4386-4cf5-8b77-af01547cd204,Quần Baggy Nữ Hàn Quốc,Quần,L,Đen,2,429000,27/10/2025
HD01865,b3d420d4-d451-4c61-bd20-6636b4973e09,Cardigan Nữ Len Dệt Kim Kem,Cardigan,S,Be,1,499000,27/10/2025
HD01865,5fe8aacd-2167-47c0-925f-693248a365fe,Giày Slip On Unisex,Giày,40,Đen,1,499000,27/10/2025
HD01866,1d8256e6-c737-4a4c-86b9-b28f0c3112eb,Áo Sơ Mi Nữ Oxford Trắng,Áo sơ mi,L,Trắng,1,329000,21/01/2025
HD01866,2d01e356-ac67-4d6f-83ce-e2c9ad89a55d,Quần Tây Nữ Ống Suông,Quần,L,Đen,2,459000,21/01/2025
HD01866,7af62054-cb7c-43d5-8a7a-f6de97b8440d,Blazer Nữ Công Sở Premium,Blazer,M,Trắng,2,820000,21/01/2025
HD01867,cda0d51d-8c0e-423b-a4de-8d22cec903bf,Thắt Lưng Da Nữ Khóa Tròn Cổ Điển,Nón,Free Size,Trắng,2,250000,07/07/2025
HD01867,9339978c-7737-41bc-b043-029aeb186aac,Áo Polo Nam Basic,Áo thun,L,Xanh Navy,1,279000,07/07/2025
HD01867,90594d6e-3ae8-44bc-be8b-4d8d5d4c89fe,Cardigan Nữ Basic,Cardigan,L,Trắng,1,379000,07/07/2025
HD01867,bf8bb740-6ff2-40aa-b164-ac144119c781,Giày Tây Nam Derby Lịch Lãm,Giày,40,Xám,1,990000,07/07/2025
HD01868,b9070ded-f7bb-4ae7-8384-31f433f188c1,Quần Jogger Nam Kaki Túi Hộp,Quần,L,Đen,1,350000,16/04/2026
HD01868,99f07ede-2b19-4f58-949e-3c20b4da9416,Nón Snapback Unisex Streetwear,Nón,Free Size,Xám,1,220000,16/04/2026
HD01869,f79701c0-468d-45ca-a063-f2c32fead22e,Áo Polo Nam Basic,Áo thun,S,Xanh Navy,2,279000,24/04/2026
HD01869,565df8e7-d30d-4935-a0a2-bcd5ab5bf4a2,Quần Jeans Nam Slimfit Đen,Quần,30,Đen,1,549000,24/04/2026
HD01869,591f87ca-ccec-4d04-af4e-fe941c4ee72e,Giày Sneaker Trắng Unisex Streetwear,Giày,38,Trắng,1,650000,24/04/2026
HD01870,d687bdc0-7bd2-4fb3-b157-ef8d3c1b2135,Quần Jogger Unisex Nỉ Basic,Quần,L,Xám,1,280000,06/09/2025
HD01870,d15def0c-3a31-492a-ac97-382525c2218a,Áo Sweater Unisex Trơn Basic,Áo khoác,L,Nâu,1,320000,06/09/2025
HD01870,ca7585c8-ddbf-4d1d-a666-37a7b963d906,Balo Unisex Thời Trang Chống Nước,Nón,Free Size,Trắng,1,450000,06/09/2025
HD01871,7cdfc8c2-6d7e-4c07-9981-f669040ff7a9,Áo Khoác Gió Nam Chống Nước,Áo khoác,L,Đen,1,450000,24/10/2025
HD01871,45cc86fe-2abb-4420-8516-4718ae1f9990,Cardigan Nữ Oversize,Cardigan,XL,Nâu,2,459000,24/10/2025
HD01871,08f8884f-159a-4ac0-956a-63c1d86d3552,Quần short Nam,Quần,XL,Xanh,2,189000,24/10/2025
HD01871,52d573b6-f538-4651-9496-600f187e26cc,Cardigan Nữ Form Rộng Thêu Hoa,Cardigan,M,Nâu,2,480000,24/10/2025
HD01872,7a707f6c-7a4b-4392-80c8-475eb6eb4bc8,Quần Tây Nam Lịch Lãm Công Sở,Quần,30,Đen,1,489000,25/04/2025
HD01872,bf8bb740-6ff2-40aa-b164-ac144119c781,Giày Tây Nam Derby Lịch Lãm,Giày,39,Xám,1,990000,25/04/2025
HD01873,c36ca838-024f-462b-b202-e125f17c3a90,Áo Body Nữ Tay Dài Ôm Sát,Áo body,S,Đen,1,299000,25/11/2025
HD01873,db900625-f6c9-41e1-a4eb-2042fcd9496f,Giày Cao Gót Nữ Đế Nhọn Công Sở,Giày,39,Trắng,2,490000,25/11/2025
HD01873,409dbb70-64f9-445d-b146-33a6ba02b819,Váy Nữ Dự Tiệc Trễ Vai Sang Chảnh,Váy,M,Đỏ,2,690000,25/11/2025
HD01873,cda0d51d-8c0e-423b-a4de-8d22cec903bf,Thắt Lưng Da Nữ Khóa Tròn Cổ Điển,Nón,Free Size,Trắng,2,250000,25/11/2025
HD01874,b9070ded-f7bb-4ae7-8384-31f433f188c1,Quần Jogger Nam Kaki Túi Hộp,Quần,M,Đen,2,350000,05/08/2025
HD01874,99f07ede-2b19-4f58-949e-3c20b4da9416,Nón Snapback Unisex Streetwear,Nón,Free Size,Xám,1,220000,05/08/2025
HD01874,8211c7e6-49da-422e-8c8e-61bf0288e356,Áo Thun Nam Oversize Cực Chất,Áo thun,L,Đen,1,220000,05/08/2025
HD01875,b44f5194-d6f8-497b-b568-738d7d09c9e4,Áo Thun Nữ Croptop Cổ Tim,Áo thun,M,Trắng,2,120000,09/05/2026
HD01875,2d01e356-ac67-4d6f-83ce-e2c9ad89a55d,Quần Tây Nữ Ống Suông,Quần,M,Đen,1,459000,09/05/2026
HD01875,35c4d88a-3b69-47a7-933e-e5bc205c5fd5,Quần Jeans Nữ Skinny Cạp Cao,Quần,S,Xanh,2,489000,09/05/2026
HD01875,46605dff-a9ed-41df-a46a-88d80a783e20,Nón Lưỡi Trai Cao Cấp Unisex,Nón,Free Size,Navy,1,250000,09/05/2026
HD01875,20b29c90-bea4-432c-ac66-0b72cbccdf6a,Áo Sơ Mi Nữ Linen,Áo sơ mi,M,Be,2,359000,09/05/2026
HD01876,c9e6150b-fdf6-4a91-8f2c-d8bab75b9f2b,Hoodie Unisex Local Brand Cực Chất,Áo khoác,M,Nâu,2,399000,03/08/2025
HD01876,52f6d247-50fb-43f7-ab47-14cc9380a683,Áo Sơ Mi Nam Cổ Tàu Casual,Áo sơ mi,S,Nâu,1,299000,03/08/2025
HD01877,d15def0c-3a31-492a-ac97-382525c2218a,Áo Sweater Unisex Trơn Basic,Áo khoác,L,Nâu,2,320000,14/09/2025
HD01877,ca7585c8-ddbf-4d1d-a666-37a7b963d906,Balo Unisex Thời Trang Chống Nước,Nón,Free Size,Trắng,2,450000,14/09/2025
HD01877,d687bdc0-7bd2-4fb3-b157-ef8d3c1b2135,Quần Jogger Unisex Nỉ Basic,Quần,M,Xám,2,280000,14/09/2025
HD01877,1d9f44d7-0657-47ec-baf9-659b9bfe2f6d,Áo Len Nam Cổ Lọ Ấm Áp,Áo len,XL,Đen,2,520000,14/09/2025
HD01878,1d8256e6-c737-4a4c-86b9-b28f0c3112eb,Áo Sơ Mi Nữ Oxford Trắng,Áo sơ mi,M,Trắng,1,329000,27/01/2026
HD01878,2d01e356-ac67-4d6f-83ce-e2c9ad89a55d,Quần Tây Nữ Ống Suông,Quần,S,Đen,1,459000,27/01/2026
HD01879,409dbb70-64f9-445d-b146-33a6ba02b819,Váy Nữ Dự Tiệc Trễ Vai Sang Chảnh,Váy,L,Đỏ,1,690000,09/08/2025
HD01879,db900625-f6c9-41e1-a4eb-2042fcd9496f,Giày Cao Gót Nữ Đế Nhọn Công Sở,Giày,37,Trắng,2,490000,09/08/2025
HD01880,1d9f44d7-0657-47ec-baf9-659b9bfe2f6d,Áo Len Nam Cổ Lọ Ấm Áp,Áo len,XL,Đen,2,520000,18/01/2026
HD01880,bb06c357-8eb3-4ffe-a765-1307de4e19eb,Mũ Len Unisex Mùa Đông Ấm Áp,Nón,Free Size,Xám,2,150000,18/01/2026
HD01880,306ab081-eb9c-4df5-8b30-1f55f1daa354,Quần Kaki Nam Short Casual,Quần,XL,Đen,2,249000,18/01/2026
HD01881,01a62d8d-11a8-4f0e-95c8-28324f5438b6,Áo Body Nữ Basic Cổ Lọ,Áo body,M,Trắng,2,269000,07/09/2025
HD01881,4b45ae2f-6d60-448a-85ad-61b9796446ed,Áo Thun Tay Lỡ Unisex Form Rộng,Áo thun,L,Trắng,2,199000,07/09/2025
HD01882,4ef3b541-6c86-4287-8090-28809b3559fe,Giày Chạy Bộ Nam Running Sport,Giày,41,Đen,1,790000,13/01/2026
HD01882,12c3c23d-b26f-4090-b661-3e330f928a84,Nón Thể Thao Unisex,Nón,Free Size,Trắng,1,160000,13/01/2026
HD01883,db900625-f6c9-41e1-a4eb-2042fcd9496f,Giày Cao Gót Nữ Đế Nhọn Công Sở,Giày,36,Trắng,1,490000,01/01/2026
HD01883,409dbb70-64f9-445d-b146-33a6ba02b819,Váy Nữ Dự Tiệc Trễ Vai Sang Chảnh,Váy,S,Đỏ,2,690000,01/01/2026
HD01883,c36ca838-024f-462b-b202-e125f17c3a90,Áo Body Nữ Tay Dài Ôm Sát,Áo body,M,Đen,2,299000,01/01/2026
HD01884,bb06c357-8eb3-4ffe-a765-1307de4e19eb,Mũ Len Unisex Mùa Đông Ấm Áp,Nón,Free Size,Xám,1,150000,15/01/2025
HD01884,1d9f44d7-0657-47ec-baf9-659b9bfe2f6d,Áo Len Nam Cổ Lọ Ấm Áp,Áo len,M,Đen,1,520000,15/01/2025
HD01885,7a707f6c-7a4b-4392-80c8-475eb6eb4bc8,Quần Tây Nam Lịch Lãm Công Sở,Quần,30,Đen,1,489000,10/12/2025
HD01885,773638cb-7eea-46c3-8af4-3bce1ecb5dd2,Áo Polo Nam Công Sở Premium,Áo thun,L,Xanh Navy,2,350000,10/12/2025
HD01886,d15def0c-3a31-492a-ac97-382525c2218a,Áo Sweater Unisex Trơn Basic,Áo khoác,L,Nâu,2,320000,08/06/2025
HD01886,ca7585c8-ddbf-4d1d-a666-37a7b963d906,Balo Unisex Thời Trang Chống Nước,Nón,Free Size,Trắng,2,450000,08/06/2025
HD01886,b518aad8-1fbb-4d46-bc3c-1e531b3b1a8d,Áo Thun Nam Trơn Cổ Tròn,Áo thun,M,Trắng,2,150000,08/06/2025
HD01887,7af62054-cb7c-43d5-8a7a-f6de97b8440d,Blazer Nữ Công Sở Premium,Blazer,L,Trắng,1,820000,13/08/2025
HD01887,e9b18016-ac13-4aa7-8e3b-9df31db133d7,Váy Tennis Nữ,Váy,M,Trắng,1,280000,13/08/2025
HD01887,4bdea4f1-6aa9-4f3d-99e7-1c679695c149,Cardigan Nữ Dệt Kim,Cardigan,L,Be,1,499000,13/08/2025
HD01888,fb99d5a6-90f1-4a0e-931d-e0f87e9f92e9,Áo Body Nữ Basic,Áo body,M,Trắng,1,269000,17/02/2026
HD01888,f715e6cf-f139-40fc-9411-eb5a1391b6a3,Quần Short Unisex Nỉ Thể Thao,Quần,XL,Đen,1,189000,17/02/2026
HD01888,1d8256e6-c737-4a4c-86b9-b28f0c3112eb,Áo Sơ Mi Nữ Oxford Trắng,Áo sơ mi,L,Trắng,1,329000,17/02/2026
HD01888,3ef4444d-e48a-41d7-aca5-dff0114fd772,Váy Công Sở Nữ,Váy,XL,Kem,1,390000,17/02/2026
HD01889,2d01e356-ac67-4d6f-83ce-e2c9ad89a55d,Quần Tây Nữ Ống Suông,Quần,L,Đen,1,459000,23/07/2025
HD01889,7af62054-cb7c-43d5-8a7a-f6de97b8440d,Blazer Nữ Công Sở Premium,Blazer,L,Trắng,1,820000,23/07/2025
HD01889,1d8256e6-c737-4a4c-86b9-b28f0c3112eb,Áo Sơ Mi Nữ Oxford Trắng,Áo sơ mi,M,Trắng,2,329000,23/07/2025
HD01890,7af62054-cb7c-43d5-8a7a-f6de97b8440d,Blazer Nữ Công Sở Premium,Blazer,L,Trắng,2,820000,05/02/2025
HD01890,1d8256e6-c737-4a4c-86b9-b28f0c3112eb,Áo Sơ Mi Nữ Oxford Trắng,Áo sơ mi,M,Trắng,1,329000,05/02/2025
HD01890,2d01e356-ac67-4d6f-83ce-e2c9ad89a55d,Quần Tây Nữ Ống Suông,Quần,L,Đen,1,459000,05/02/2025
HD01891,f79701c0-468d-45ca-a063-f2c32fead22e,Áo Polo Nam Basic,Áo thun,M,Xanh Navy,1,279000,15/01/2026
HD01891,591f87ca-ccec-4d04-af4e-fe941c4ee72e,Giày Sneaker Trắng Unisex Streetwear,Giày,41,Trắng,2,650000,15/01/2026
HD01892,c36ca838-024f-462b-b202-e125f17c3a90,Áo Body Nữ Tay Dài Ôm Sát,Áo body,M,Đen,2,299000,05/03/2025
HD01892,409dbb70-64f9-445d-b146-33a6ba02b819,Váy Nữ Dự Tiệc Trễ Vai Sang Chảnh,Váy,S,Đỏ,2,690000,05/03/2025
HD01893,99f07ede-2b19-4f58-949e-3c20b4da9416,Nón Snapback Unisex Streetwear,Nón,Free Size,Xám,2,220000,01/05/2025
HD01893,8211c7e6-49da-422e-8c8e-61bf0288e356,Áo Thun Nam Oversize Cực Chất,Áo thun,L,Đen,1,220000,01/05/2025
HD01894,4ef3b541-6c86-4287-8090-28809b3559fe,Giày Chạy Bộ Nam Running Sport,Giày,43,Đen,1,790000,21/12/2025
HD01894,12c3c23d-b26f-4090-b661-3e330f928a84,Nón Thể Thao Unisex,Nón,Free Size,Trắng,2,160000,21/12/2025
HD01894,e6f18dbb-acb7-46bb-a116-d6111d7b40f8,Quần Jogger Nam Thể Thao Nỉ,Quần,M,Xám,2,320000,21/12/2025
HD01895,7af62054-cb7c-43d5-8a7a-f6de97b8440d,Blazer Nữ Công Sở Premium,Blazer,S,Trắng,2,820000,19/02/2026
HD01895,2d01e356-ac67-4d6f-83ce-e2c9ad89a55d,Quần Tây Nữ Ống Suông,Quần,M,Đen,1,459000,19/02/2026
HD01895,4bdea4f1-6aa9-4f3d-99e7-1c679695c149,Cardigan Nữ Dệt Kim,Cardigan,L,Be,1,499000,19/02/2026
HD01896,14aa5a7e-58a7-4ee6-91dc-3b3841539483,Áo Thun Nam Graphic Print,Áo thun,XL,Đen,2,259000,12/02/2026
HD01896,90594d6e-3ae8-44bc-be8b-4d8d5d4c89fe,Cardigan Nữ Basic,Cardigan,L,Trắng,2,379000,12/02/2026
HD01897,1d8256e6-c737-4a4c-86b9-b28f0c3112eb,Áo Sơ Mi Nữ Oxford Trắng,Áo sơ mi,S,Trắng,2,329000,26/03/2025
HD01897,7af62054-cb7c-43d5-8a7a-f6de97b8440d,Blazer Nữ Công Sở Premium,Blazer,M,Trắng,1,820000,26/03/2025
HD01897,2d01e356-ac67-4d6f-83ce-e2c9ad89a55d,Quần Tây Nữ Ống Suông,Quần,S,Đen,1,459000,26/03/2025
HD01897,2840661b-b758-4365-9ddb-51837e109ce7,Áo Thun Nam Local Brand,Áo thun,M,Xám,1,199000,26/03/2025
HD01898,d687bdc0-7bd2-4fb3-b157-ef8d3c1b2135,Quần Jogger Unisex Nỉ Basic,Quần,L,Xám,1,280000,10/04/2025
HD01898,ca7585c8-ddbf-4d1d-a666-37a7b963d906,Balo Unisex Thời Trang Chống Nước,Nón,Free Size,Trắng,2,450000,10/04/2025
HD01898,d15def0c-3a31-492a-ac97-382525c2218a,Áo Sweater Unisex Trơn Basic,Áo khoác,XL,Nâu,2,320000,10/04/2025
HD01899,f44172da-7e3c-467e-8c19-187fcb7ae23a,Áo Hoodie Unisex Zip Tiện Lợi,Áo khoác,M,Đen,2,420000,28/04/2026
HD01899,90594d6e-3ae8-44bc-be8b-4d8d5d4c89fe,Cardigan Nữ Basic,Cardigan,L,Trắng,2,379000,28/04/2026
HD01899,72b9161e-e55b-4802-a1c7-d7f33e5ccb0d,Quần Jogger Nam,Quần,XL,Xám,2,320000,28/04/2026
HD01900,e6f18dbb-acb7-46bb-a116-d6111d7b40f8,Quần Jogger Nam Thể Thao Nỉ,Quần,M,Xám,1,320000,08/09/2025
HD01900,12c3c23d-b26f-4090-b661-3e330f928a84,Nón Thể Thao Unisex,Nón,Free Size,Trắng,1,160000,08/09/2025
HD01900,4ef3b541-6c86-4287-8090-28809b3559fe,Giày Chạy Bộ Nam Running Sport,Giày,42,Đen,1,790000,08/09/2025
HD01900,16685b4a-ab63-4a1f-ab9f-b4255995921e,Blazer Nữ Basic,Blazer,L,Đen,2,720000,08/09/2025
HD01901,cc14f38d-1c5d-44e4-a577-c2add0a1b47e,Áo Sơ Mi Nữ Linen Kem,Áo sơ mi,L,Be,2,359000,12/02/2025
HD01901,b3d420d4-d451-4c61-bd20-6636b4973e09,Cardigan Nữ Len Dệt Kim Kem,Cardigan,M,Be,1,499000,12/02/2025
HD01902,c9e6150b-fdf6-4a91-8f2c-d8bab75b9f2b,Hoodie Unisex Local Brand Cực Chất,Áo khoác,L,Nâu,1,399000,10/03/2025
HD01902,6b452c2a-fe5a-4690-b45c-b4a40e2c0822,Nón Thể Thao Unisex,Nón,Free Size,Trắng,2,190000,10/03/2025
HD01902,0f6632d3-5cf7-42d2-9157-f13f0084a634,Áo Khoác Nam Denim Classic,Áo khoác,M,Xanh,1,550000,10/03/2025
HD01902,fbf0bc5c-dbfc-4b4a-9648-0be35b76943f,Quần Jogger Unisex Kaki Túi Hộp,Quần,XL,Đen,2,320000,10/03/2025
HD01903,538c2225-906f-42c8-8875-c759a7017d20,Áo Sweater Unisex Cổ Tròn Nỉ,Áo khoác,M,Nâu,1,310000,04/04/2026
HD01903,fb99d5a6-90f1-4a0e-931d-e0f87e9f92e9,Áo Body Nữ Basic,Áo body,S,Trắng,2,269000,04/04/2026
HD01903,c04e8b6a-b8be-4231-9377-710ae7bb8e46,Áo Body Nữ Croptop,Áo body,M,Đen,1,289000,04/04/2026
HD01903,42df8548-dbbf-40a4-a6f2-f989e10394fd,Blazer Nữ Hàn Quốc,Blazer,L,Kem,2,790000,04/04/2026
HD01903,206646b2-8c77-4e51-b71d-a942c17cbc4b,Quần Short Unisex Dù Gió,Quần,L,Xanh,2,150000,04/04/2026
HD01904,12c3c23d-b26f-4090-b661-3e330f928a84,Nón Thể Thao Unisex,Nón,Free Size,Trắng,1,160000,19/03/2026
HD01904,4ef3b541-6c86-4287-8090-28809b3559fe,Giày Chạy Bộ Nam Running Sport,Giày,41,Đen,2,790000,19/03/2026
HD01904,e6f18dbb-acb7-46bb-a116-d6111d7b40f8,Quần Jogger Nam Thể Thao Nỉ,Quần,M,Xám,1,320000,19/03/2026
HD01905,c9e6150b-fdf6-4a91-8f2c-d8bab75b9f2b,Hoodie Unisex Local Brand Cực Chất,Áo khoác,M,Nâu,1,399000,25/02/2025
HD01905,b8a6d3f1-ad5c-4c5b-adf9-7e766ed462a5,Nón Bucket Unisex Vải Kaki Trơn,Nón,Free Size,Đen,1,150000,25/02/2025
HD01905,591f87ca-ccec-4d04-af4e-fe941c4ee72e,Giày Sneaker Trắng Unisex Streetwear,Giày,40,Trắng,2,650000,25/02/2025
HD01906,b8a6d3f1-ad5c-4c5b-adf9-7e766ed462a5,Nón Bucket Unisex Vải Kaki Trơn,Nón,Free Size,Đen,1,150000,08/03/2026
HD01906,c9e6150b-fdf6-4a91-8f2c-d8bab75b9f2b,Hoodie Unisex Local Brand Cực Chất,Áo khoác,XL,Nâu,2,399000,08/03/2026
HD01906,591f87ca-ccec-4d04-af4e-fe941c4ee72e,Giày Sneaker Trắng Unisex Streetwear,Giày,38,Trắng,1,650000,08/03/2026
HD01907,7a707f6c-7a4b-4392-80c8-475eb6eb4bc8,Quần Tây Nam Lịch Lãm Công Sở,Quần,33,Đen,2,489000,14/10/2025
HD01907,773638cb-7eea-46c3-8af4-3bce1ecb5dd2,Áo Polo Nam Công Sở Premium,Áo thun,L,Xanh Navy,2,350000,14/10/2025
HD01907,bf8bb740-6ff2-40aa-b164-ac144119c781,Giày Tây Nam Derby Lịch Lãm,Giày,41,Xám,2,990000,14/10/2025
HD01908,1d9f44d7-0657-47ec-baf9-659b9bfe2f6d,Áo Len Nam Cổ Lọ Ấm Áp,Áo len,XL,Đen,1,520000,04/03/2025
HD01908,0f6632d3-5cf7-42d2-9157-f13f0084a634,Áo Khoác Nam Denim Classic,Áo khoác,XL,Xanh,2,550000,04/03/2025
HD01909,dc8af6b0-89d3-409a-98db-fb01be893d15,Giày Sneaker Da Lộn Unisex,Giày,42,Trắng,1,720000,11/07/2025
HD01909,2abe7389-f13b-422a-b6f1-a2c95273e319,Sandal Unisex Dây Chéo Học Sinh,Giày,38,Đen,2,250000,11/07/2025
HD01909,2139d828-a4c0-4f2e-90e4-3cfb3420bf70,Bộ Vest Nam Cao Cấp Sang Trọng,Blazer,XL,Đen,2,1500000,11/07/2025
HD01909,20ecab60-6f47-43a3-b5a2-8c73d262ff50,Váy Nữ Dự Tiệc Cao Cấp,Váy,L,Đen,1,690000,11/07/2025
HD01910,12c3c23d-b26f-4090-b661-3e330f928a84,Nón Thể Thao Unisex,Nón,Free Size,Trắng,1,160000,09/05/2025
HD01910,e6f18dbb-acb7-46bb-a116-d6111d7b40f8,Quần Jogger Nam Thể Thao Nỉ,Quần,M,Xám,1,320000,09/05/2025
HD01910,4ef3b541-6c86-4287-8090-28809b3559fe,Giày Chạy Bộ Nam Running Sport,Giày,40,Đen,1,790000,09/05/2025
HD01910,5aee6bb0-ffad-4321-976e-a7a74709d94d,Dép Unisex Quai Ngang Êm Chân,Giày,39,Đen,2,150000,09/05/2025
HD01911,bb06c357-8eb3-4ffe-a765-1307de4e19eb,Mũ Len Unisex Mùa Đông Ấm Áp,Nón,Free Size,Xám,2,150000,08/11/2025
HD01911,1d9f44d7-0657-47ec-baf9-659b9bfe2f6d,Áo Len Nam Cổ Lọ Ấm Áp,Áo len,L,Đen,2,520000,08/11/2025
HD01912,2aad4182-f5b2-4e66-a70b-32fe3626ae38,Nón Bucket Basic Unisex,Nón,Free Size,Đen,2,180000,16/01/2025
HD01912,591f87ca-ccec-4d04-af4e-fe941c4ee72e,Giày Sneaker Trắng Unisex Streetwear,Giày,38,Trắng,2,650000,16/01/2025
HD01912,c90322dd-72a9-41d6-bbd0-c581d78ab911,Giày Sneaker Trắng Unisex,Giày,38,Trắng,1,650000,16/01/2025
HD01912,c356d946-1d0c-4868-a400-11e664e1c6c1,Áo Thun Nam Cotton Organic,Áo thun,XL,Xám,1,190000,16/01/2025
HD01913,773638cb-7eea-46c3-8af4-3bce1ecb5dd2,Áo Polo Nam Công Sở Premium,Áo thun,M,Xanh Navy,2,350000,30/04/2025
HD01913,7a707f6c-7a4b-4392-80c8-475eb6eb4bc8,Quần Tây Nam Lịch Lãm Công Sở,Quần,32,Đen,2,489000,30/04/2025
HD01914,bb06c357-8eb3-4ffe-a765-1307de4e19eb,Mũ Len Unisex Mùa Đông Ấm Áp,Nón,Free Size,Xám,1,150000,03/05/2026
HD01914,0f6632d3-5cf7-42d2-9157-f13f0084a634,Áo Khoác Nam Denim Classic,Áo khoác,L,Xanh,1,550000,03/05/2026
HD01915,591f87ca-ccec-4d04-af4e-fe941c4ee72e,Giày Sneaker Trắng Unisex Streetwear,Giày,42,Trắng,2,650000,14/06/2025
HD01915,565df8e7-d30d-4935-a0a2-bcd5ab5bf4a2,Quần Jeans Nam Slimfit Đen,Quần,29,Đen,1,549000,14/06/2025
HD01916,47321475-4386-4cf5-8b77-af01547cd204,Quần Baggy Nữ Hàn Quốc,Quần,M,Đen,1,429000,09/10/2025
HD01916,cc14f38d-1c5d-44e4-a577-c2add0a1b47e,Áo Sơ Mi Nữ Linen Kem,Áo sơ mi,S,Be,2,359000,09/10/2025
HD01917,565df8e7-d30d-4935-a0a2-bcd5ab5bf4a2,Quần Jeans Nam Slimfit Đen,Quần,32,Đen,2,549000,19/09/2025
HD01917,f79701c0-468d-45ca-a063-f2c32fead22e,Áo Polo Nam Basic,Áo thun,S,Xanh Navy,2,279000,19/09/2025
HD01917,591f87ca-ccec-4d04-af4e-fe941c4ee72e,Giày Sneaker Trắng Unisex Streetwear,Giày,38,Trắng,1,650000,19/09/2025
HD01918,d15def0c-3a31-492a-ac97-382525c2218a,Áo Sweater Unisex Trơn Basic,Áo khoác,M,Nâu,2,320000,07/09/2025
HD01918,ca7585c8-ddbf-4d1d-a666-37a7b963d906,Balo Unisex Thời Trang Chống Nước,Nón,Free Size,Trắng,2,450000,07/09/2025
HD01918,d687bdc0-7bd2-4fb3-b157-ef8d3c1b2135,Quần Jogger Unisex Nỉ Basic,Quần,XL,Xám,1,280000,07/09/2025
HD01919,cc14f38d-1c5d-44e4-a577-c2add0a1b47e,Áo Sơ Mi Nữ Linen Kem,Áo sơ mi,L,Be,2,359000,22/03/2025
HD01919,47321475-4386-4cf5-8b77-af01547cd204,Quần Baggy Nữ Hàn Quốc,Quần,XL,Đen,1,429000,22/03/2025
HD01919,e668318e-62fd-4730-9829-e614a2db7729,Blazer Nữ Form Rộng,Blazer,L,Xám,2,850000,22/03/2025
HD01920,409dbb70-64f9-445d-b146-33a6ba02b819,Váy Nữ Dự Tiệc Trễ Vai Sang Chảnh,Váy,M,Đỏ,2,690000,15/03/2025
HD01920,db900625-f6c9-41e1-a4eb-2042fcd9496f,Giày Cao Gót Nữ Đế Nhọn Công Sở,Giày,36,Trắng,2,490000,15/03/2025
HD01921,b8a6d3f1-ad5c-4c5b-adf9-7e766ed462a5,Nón Bucket Unisex Vải Kaki Trơn,Nón,Free Size,Đen,1,150000,15/05/2025
HD01921,81735139-02ec-4da6-aa6b-74780cb71167,Áo Sơ Mi Nữ Voan Lụa Công Sở,Áo sơ mi,L,Trắng,2,380000,15/05/2025
HD01921,46605dff-a9ed-41df-a46a-88d80a783e20,Nón Lưỡi Trai Cao Cấp Unisex,Nón,Free Size,Navy,2,250000,15/05/2025
HD01921,ca7585c8-ddbf-4d1d-a666-37a7b963d906,Balo Unisex Thời Trang Chống Nước,Nón,Free Size,Trắng,1,450000,15/05/2025
HD01922,bb06c357-8eb3-4ffe-a765-1307de4e19eb,Mũ Len Unisex Mùa Đông Ấm Áp,Nón,Free Size,Xám,2,150000,28/04/2025
HD01922,1d9f44d7-0657-47ec-baf9-659b9bfe2f6d,Áo Len Nam Cổ Lọ Ấm Áp,Áo len,M,Đen,1,520000,28/04/2025
HD01922,16685b4a-ab63-4a1f-ab9f-b4255995921e,Blazer Nữ Basic,Blazer,M,Đen,2,720000,28/04/2025
HD01923,f79701c0-468d-45ca-a063-f2c32fead22e,Áo Polo Nam Basic,Áo thun,M,Xanh Navy,2,279000,17/02/2026
HD01923,565df8e7-d30d-4935-a0a2-bcd5ab5bf4a2,Quần Jeans Nam Slimfit Đen,Quần,30,Đen,2,549000,17/02/2026
HD01924,1d9f44d7-0657-47ec-baf9-659b9bfe2f6d,Áo Len Nam Cổ Lọ Ấm Áp,Áo len,M,Đen,1,520000,23/08/2025
HD01924,acaeda25-b325-467b-b332-a71ebd9078d8,Áo Khoác Nam Bomber Nhung Tăm,Áo khoác,L,Đen,1,499000,23/08/2025
HD01924,d687bdc0-7bd2-4fb3-b157-ef8d3c1b2135,Quần Jogger Unisex Nỉ Basic,Quần,L,Xám,1,280000,23/08/2025
HD01925,1d9f44d7-0657-47ec-baf9-659b9bfe2f6d,Áo Len Nam Cổ Lọ Ấm Áp,Áo len,XL,Đen,1,520000,22/01/2026
HD01925,0f6632d3-5cf7-42d2-9157-f13f0084a634,Áo Khoác Nam Denim Classic,Áo khoác,L,Xanh,2,550000,22/01/2026
HD01925,bb06c357-8eb3-4ffe-a765-1307de4e19eb,Mũ Len Unisex Mùa Đông Ấm Áp,Nón,Free Size,Xám,2,150000,22/01/2026
HD01926,409dbb70-64f9-445d-b146-33a6ba02b819,Váy Nữ Dự Tiệc Trễ Vai Sang Chảnh,Váy,L,Đỏ,1,690000,06/08/2025
HD01926,c36ca838-024f-462b-b202-e125f17c3a90,Áo Body Nữ Tay Dài Ôm Sát,Áo body,L,Đen,1,299000,06/08/2025
HD01927,bb06c357-8eb3-4ffe-a765-1307de4e19eb,Mũ Len Unisex Mùa Đông Ấm Áp,Nón,Free Size,Xám,2,150000,05/08/2025
HD01927,0f6632d3-5cf7-42d2-9157-f13f0084a634,Áo Khoác Nam Denim Classic,Áo khoác,M,Xanh,2,550000,05/08/2025
HD01927,61017231-ff80-414c-8355-84b4bfd8f3fb,Áo Sơ Mi Nữ Oxford,Áo sơ mi,L,Trắng,2,329000,05/08/2025
HD01928,7af62054-cb7c-43d5-8a7a-f6de97b8440d,Blazer Nữ Công Sở Premium,Blazer,S,Trắng,2,820000,05/02/2025
HD01928,2d01e356-ac67-4d6f-83ce-e2c9ad89a55d,Quần Tây Nữ Ống Suông,Quần,M,Đen,2,459000,05/02/2025
HD01929,12c3c23d-b26f-4090-b661-3e330f928a84,Nón Thể Thao Unisex,Nón,Free Size,Trắng,1,160000,23/01/2026
HD01929,e6f18dbb-acb7-46bb-a116-d6111d7b40f8,Quần Jogger Nam Thể Thao Nỉ,Quần,L,Xám,1,320000,23/01/2026
HD01930,0f6632d3-5cf7-42d2-9157-f13f0084a634,Áo Khoác Nam Denim Classic,Áo khoác,XL,Xanh,2,550000,08/07/2025
HD01930,bb06c357-8eb3-4ffe-a765-1307de4e19eb,Mũ Len Unisex Mùa Đông Ấm Áp,Nón,Free Size,Xám,1,150000,08/07/2025
HD01930,1d9f44d7-0657-47ec-baf9-659b9bfe2f6d,Áo Len Nam Cổ Lọ Ấm Áp,Áo len,XL,Đen,2,520000,08/07/2025
HD01931,1d8256e6-c737-4a4c-86b9-b28f0c3112eb,Áo Sơ Mi Nữ Oxford Trắng,Áo sơ mi,L,Trắng,2,329000,01/10/2025
HD01931,2d01e356-ac67-4d6f-83ce-e2c9ad89a55d,Quần Tây Nữ Ống Suông,Quần,L,Đen,1,459000,01/10/2025
HD01932,99f07ede-2b19-4f58-949e-3c20b4da9416,Nón Snapback Unisex Streetwear,Nón,Free Size,Xám,1,220000,17/06/2025
HD01932,8211c7e6-49da-422e-8c8e-61bf0288e356,Áo Thun Nam Oversize Cực Chất,Áo thun,M,Đen,2,220000,17/06/2025
HD01932,95eb8021-2598-4aeb-92e1-99f5e709c28c,Cardigan Nữ Hàn Quốc,Cardigan,L,Trắng,1,430000,17/06/2025
HD01933,c36ca838-024f-462b-b202-e125f17c3a90,Áo Body Nữ Tay Dài Ôm Sát,Áo body,M,Đen,1,299000,03/09/2025
HD01933,409dbb70-64f9-445d-b146-33a6ba02b819,Váy Nữ Dự Tiệc Trễ Vai Sang Chảnh,Váy,S,Đỏ,2,690000,03/09/2025
HD01934,b8a6d3f1-ad5c-4c5b-adf9-7e766ed462a5,Nón Bucket Unisex Vải Kaki Trơn,Nón,Free Size,Đen,1,150000,04/02/2026
HD01934,c9e6150b-fdf6-4a91-8f2c-d8bab75b9f2b,Hoodie Unisex Local Brand Cực Chất,Áo khoác,L,Nâu,2,399000,04/02/2026
HD01934,591f87ca-ccec-4d04-af4e-fe941c4ee72e,Giày Sneaker Trắng Unisex Streetwear,Giày,38,Trắng,2,650000,04/02/2026
HD01935,1d8256e6-c737-4a4c-86b9-b28f0c3112eb,Áo Sơ Mi Nữ Oxford Trắng,Áo sơ mi,S,Trắng,1,329000,12/09/2025
HD01935,2d01e356-ac67-4d6f-83ce-e2c9ad89a55d,Quần Tây Nữ Ống Suông,Quần,M,Đen,2,459000,12/09/2025
HD01935,1571231f-22cc-4ac1-94b1-c01fcb332ed7,Túi Bao Tử Unisex Chống Nước,Nón,Free Size,Navy,2,220000,12/09/2025
HD01936,1d9f44d7-0657-47ec-baf9-659b9bfe2f6d,Áo Len Nam Cổ Lọ Ấm Áp,Áo len,XL,Đen,1,520000,28/01/2025
HD01936,0f6632d3-5cf7-42d2-9157-f13f0084a634,Áo Khoác Nam Denim Classic,Áo khoác,XL,Xanh,2,550000,28/01/2025
HD01936,bb06c357-8eb3-4ffe-a765-1307de4e19eb,Mũ Len Unisex Mùa Đông Ấm Áp,Nón,Free Size,Xám,2,150000,28/01/2025
HD01937,0f6632d3-5cf7-42d2-9157-f13f0084a634,Áo Khoác Nam Denim Classic,Áo khoác,M,Xanh,1,550000,24/03/2026
HD01937,bb06c357-8eb3-4ffe-a765-1307de4e19eb,Mũ Len Unisex Mùa Đông Ấm Áp,Nón,Free Size,Xám,2,150000,24/03/2026
HD01937,1d9f44d7-0657-47ec-baf9-659b9bfe2f6d,Áo Len Nam Cổ Lọ Ấm Áp,Áo len,XL,Đen,1,520000,24/03/2026
HD01938,8211c7e6-49da-422e-8c8e-61bf0288e356,Áo Thun Nam Oversize Cực Chất,Áo thun,L,Đen,1,220000,15/03/2025
HD01938,b9070ded-f7bb-4ae7-8384-31f433f188c1,Quần Jogger Nam Kaki Túi Hộp,Quần,XL,Đen,2,350000,15/03/2025
HD01939,773638cb-7eea-46c3-8af4-3bce1ecb5dd2,Áo Polo Nam Công Sở Premium,Áo thun,M,Xanh Navy,2,350000,15/10/2025
HD01939,bf8bb740-6ff2-40aa-b164-ac144119c781,Giày Tây Nam Derby Lịch Lãm,Giày,42,Xám,2,990000,15/10/2025
HD01939,7a707f6c-7a4b-4392-80c8-475eb6eb4bc8,Quần Tây Nam Lịch Lãm Công Sở,Quần,29,Đen,2,489000,15/10/2025
HD01939,105ad1ba-828c-468d-b1e2-33860aced25e,Giày Tây Nam Oxford Da Bò,Giày,42,Xám,2,1200000,15/10/2025
HD01940,93efef1b-4c47-4682-af31-84004a28c573,Nón Snapback Unisex,Nón,Free Size,Xám,2,220000,07/11/2025
HD01940,80fca8d2-8d12-40fd-aaf6-6c3e0e0d49ea,Cardigan Nữ Len Mỏng,Cardigan,L,Xám,2,399000,07/11/2025
HD01941,4ef3b541-6c86-4287-8090-28809b3559fe,Giày Chạy Bộ Nam Running Sport,Giày,42,Đen,2,790000,13/05/2026
HD01941,12c3c23d-b26f-4090-b661-3e330f928a84,Nón Thể Thao Unisex,Nón,Free Size,Trắng,2,160000,13/05/2026
HD01941,e6f18dbb-acb7-46bb-a116-d6111d7b40f8,Quần Jogger Nam Thể Thao Nỉ,Quần,M,Xám,1,320000,13/05/2026
HD01941,105ad1ba-828c-468d-b1e2-33860aced25e,Giày Tây Nam Oxford Da Bò,Giày,42,Xám,1,1200000,13/05/2026
HD01942,d15def0c-3a31-492a-ac97-382525c2218a,Áo Sweater Unisex Trơn Basic,Áo khoác,L,Nâu,1,320000,22/06/2025
HD01942,d687bdc0-7bd2-4fb3-b157-ef8d3c1b2135,Quần Jogger Unisex Nỉ Basic,Quần,XL,Xám,2,280000,22/06/2025
HD01943,409dbb70-64f9-445d-b146-33a6ba02b819,Váy Nữ Dự Tiệc Trễ Vai Sang Chảnh,Váy,L,Đỏ,2,690000,05/03/2025
HD01943,db900625-f6c9-41e1-a4eb-2042fcd9496f,Giày Cao Gót Nữ Đế Nhọn Công Sở,Giày,38,Trắng,2,490000,05/03/2025
HD01944,591f87ca-ccec-4d04-af4e-fe941c4ee72e,Giày Sneaker Trắng Unisex Streetwear,Giày,39,Trắng,1,650000,15/11/2025
HD01944,565df8e7-d30d-4935-a0a2-bcd5ab5bf4a2,Quần Jeans Nam Slimfit Đen,Quần,29,Đen,1,549000,15/11/2025
HD01945,4e83e6d5-6bb8-4d62-b032-d8ffc5ee62ef,Quần Jeans Nam Ống Đứng Regular,Quần,33,Xanh đậm,2,529000,02/04/2026
HD01945,cda0d51d-8c0e-423b-a4de-8d22cec903bf,Thắt Lưng Da Nữ Khóa Tròn Cổ Điển,Nón,Free Size,Trắng,2,250000,02/04/2026
HD01945,d756eba2-7d66-4274-b91e-a18e6827f867,Giày Boot Da Nam Chelsea Lịch Lãm,Giày,41,Xám,2,1100000,02/04/2026
HD01945,1d9f44d7-0657-47ec-baf9-659b9bfe2f6d,Áo Len Nam Cổ Lọ Ấm Áp,Áo len,L,Đen,2,520000,02/04/2026
HD01946,1d9f44d7-0657-47ec-baf9-659b9bfe2f6d,Áo Len Nam Cổ Lọ Ấm Áp,Áo len,XL,Đen,2,520000,26/08/2025
HD01946,0f6632d3-5cf7-42d2-9157-f13f0084a634,Áo Khoác Nam Denim Classic,Áo khoác,L,Xanh,2,550000,26/08/2025
HD01947,d15def0c-3a31-492a-ac97-382525c2218a,Áo Sweater Unisex Trơn Basic,Áo khoác,L,Nâu,2,320000,16/03/2025
HD01947,ca7585c8-ddbf-4d1d-a666-37a7b963d906,Balo Unisex Thời Trang Chống Nước,Nón,Free Size,Trắng,1,450000,16/03/2025
HD01947,d687bdc0-7bd2-4fb3-b157-ef8d3c1b2135,Quần Jogger Unisex Nỉ Basic,Quần,XL,Xám,2,280000,16/03/2025
HD01947,90594d6e-3ae8-44bc-be8b-4d8d5d4c89fe,Cardigan Nữ Basic,Cardigan,S,Trắng,1,379000,16/03/2025
HD01948,e6f18dbb-acb7-46bb-a116-d6111d7b40f8,Quần Jogger Nam Thể Thao Nỉ,Quần,XL,Xám,1,320000,27/04/2026
HD01948,12c3c23d-b26f-4090-b661-3e330f928a84,Nón Thể Thao Unisex,Nón,Free Size,Trắng,2,160000,27/04/2026
HD01948,b73fb852-1dd9-4829-86c6-c6c6f6ca7b73,Túi Tote Vải Unisex Tiện Lợi,Nón,Free Size,Trắng,1,120000,27/04/2026
HD01949,4e83e6d5-6bb8-4d62-b032-d8ffc5ee62ef,Quần Jeans Nam Ống Đứng Regular,Quần,33,Xanh đậm,1,529000,09/04/2025
HD01949,d15def0c-3a31-492a-ac97-382525c2218a,Áo Sweater Unisex Trơn Basic,Áo khoác,M,Nâu,2,320000,09/04/2025
HD01949,1d9f44d7-0657-47ec-baf9-659b9bfe2f6d,Áo Len Nam Cổ Lọ Ấm Áp,Áo len,L,Đen,2,520000,09/04/2025
HD01949,6e959b97-7e1c-49d4-a62d-1d3bdaa3a97c,Áo Len Nam Hàn Quốc,Áo len,L,Nâu,2,499000,09/04/2025
HD01950,8211c7e6-49da-422e-8c8e-61bf0288e356,Áo Thun Nam Oversize Cực Chất,Áo thun,M,Đen,1,220000,26/04/2026
HD01950,b9070ded-f7bb-4ae7-8384-31f433f188c1,Quần Jogger Nam Kaki Túi Hộp,Quần,XL,Đen,1,350000,26/04/2026
HD01950,99f07ede-2b19-4f58-949e-3c20b4da9416,Nón Snapback Unisex Streetwear,Nón,Free Size,Xám,1,220000,26/04/2026
HD01950,4bdea4f1-6aa9-4f3d-99e7-1c679695c149,Cardigan Nữ Dệt Kim,Cardigan,L,Be,1,499000,26/04/2026
HD01951,7af62054-cb7c-43d5-8a7a-f6de97b8440d,Blazer Nữ Công Sở Premium,Blazer,L,Trắng,2,820000,21/08/2025
HD01951,c9e6150b-fdf6-4a91-8f2c-d8bab75b9f2b,Hoodie Unisex Local Brand Cực Chất,Áo khoác,L,Nâu,2,399000,21/08/2025
HD01951,4bdea4f1-6aa9-4f3d-99e7-1c679695c149,Cardigan Nữ Dệt Kim,Cardigan,M,Be,1,499000,21/08/2025
HD01952,773638cb-7eea-46c3-8af4-3bce1ecb5dd2,Áo Polo Nam Công Sở Premium,Áo thun,XXL,Xanh Navy,2,350000,02/06/2025
HD01952,bf8bb740-6ff2-40aa-b164-ac144119c781,Giày Tây Nam Derby Lịch Lãm,Giày,42,Xám,1,990000,02/06/2025
HD01953,773638cb-7eea-46c3-8af4-3bce1ecb5dd2,Áo Polo Nam Công Sở Premium,Áo thun,S,Xanh Navy,2,350000,09/10/2025
HD01953,7a707f6c-7a4b-4392-80c8-475eb6eb4bc8,Quần Tây Nam Lịch Lãm Công Sở,Quần,30,Đen,2,489000,09/10/2025
HD01954,14aa5a7e-58a7-4ee6-91dc-3b3841539483,Áo Thun Nam Graphic Print,Áo thun,M,Xám,1,259000,22/02/2026
HD01954,626b4040-d17f-4bae-a99a-a9bd43b0140b,Áo Len Nam Cổ Lọ,Áo len,XL,Đen,1,520000,22/02/2026
HD01954,538c2225-906f-42c8-8875-c759a7017d20,Áo Sweater Unisex Cổ Tròn Nỉ,Áo khoác,XL,Nâu,1,310000,22/02/2026
HD01954,668c0c46-b451-49fb-a269-45e518a0a645,Quần Jeans Nam Slimfit,Quần,30,Xanh đậm,1,549000,22/02/2026
HD01954,c04e8b6a-b8be-4231-9377-710ae7bb8e46,Áo Body Nữ Croptop,Áo body,M,Đen,1,289000,22/02/2026
HD01955,c9abc8f4-c333-4a02-9fdb-0a7346bdc75f,Váy Nữ Hoa Nhí Dáng A,Váy,L,Hồng,1,390000,17/10/2025
HD01955,aeefd253-ff9c-45c1-9da7-06ebdf2c502c,Áo Khoác Denim Unisex Form Rộng,Áo khoác,XL,Xanh,2,550000,17/10/2025
HD01955,020a480f-a235-4103-9eaf-f34d0cff36ed,Quần Jeans Nữ Skinny,Quần,S,Xanh,1,489000,17/10/2025
HD01956,1d9f44d7-0657-47ec-baf9-659b9bfe2f6d,Áo Len Nam Cổ Lọ Ấm Áp,Áo len,L,Đen,2,520000,07/04/2025
HD01956,0f6632d3-5cf7-42d2-9157-f13f0084a634,Áo Khoác Nam Denim Classic,Áo khoác,XL,Xanh,1,550000,07/04/2025
HD01957,0f6632d3-5cf7-42d2-9157-f13f0084a634,Áo Khoác Nam Denim Classic,Áo khoác,L,Xanh,1,550000,10/01/2026
HD01957,bb06c357-8eb3-4ffe-a765-1307de4e19eb,Mũ Len Unisex Mùa Đông Ấm Áp,Nón,Free Size,Xám,2,150000,10/01/2026
HD01958,565df8e7-d30d-4935-a0a2-bcd5ab5bf4a2,Quần Jeans Nam Slimfit Đen,Quần,32,Đen,2,549000,02/11/2025
HD01958,f79701c0-468d-45ca-a063-f2c32fead22e,Áo Polo Nam Basic,Áo thun,M,Xanh Navy,2,279000,02/11/2025
HD01958,591f87ca-ccec-4d04-af4e-fe941c4ee72e,Giày Sneaker Trắng Unisex Streetwear,Giày,41,Trắng,1,650000,02/11/2025
HD01959,b3d420d4-d451-4c61-bd20-6636b4973e09,Cardigan Nữ Len Dệt Kim Kem,Cardigan,S,Be,2,499000,17/08/2025
HD01959,47321475-4386-4cf5-8b77-af01547cd204,Quần Baggy Nữ Hàn Quốc,Quần,S,Đen,2,429000,17/08/2025
HD01960,12c3c23d-b26f-4090-b661-3e330f928a84,Nón Thể Thao Unisex,Nón,Free Size,Trắng,1,160000,14/07/2025
HD01960,4ef3b541-6c86-4287-8090-28809b3559fe,Giày Chạy Bộ Nam Running Sport,Giày,41,Đen,1,790000,14/07/2025
HD01961,bf8bb740-6ff2-40aa-b164-ac144119c781,Giày Tây Nam Derby Lịch Lãm,Giày,40,Xám,2,990000,26/04/2026
HD01961,773638cb-7eea-46c3-8af4-3bce1ecb5dd2,Áo Polo Nam Công Sở Premium,Áo thun,XXL,Xanh Navy,2,350000,26/04/2026
HD01961,7a707f6c-7a4b-4392-80c8-475eb6eb4bc8,Quần Tây Nam Lịch Lãm Công Sở,Quần,31,Đen,1,489000,26/04/2026
HD01961,a7c450bf-193d-4223-b178-523acdd5ce71,Quần Kaki Nam Dáng Suông,Quần,29,Kem,2,389000,26/04/2026
HD01962,93c3d112-b724-48cb-bee5-b2dcef7f1d55,Áo Khoác Gió Unisex Thể Thao,Áo khoác,XL,Đen,2,350000,08/04/2026
HD01962,565df8e7-d30d-4935-a0a2-bcd5ab5bf4a2,Quần Jeans Nam Slimfit Đen,Quần,31,Đen,1,549000,08/04/2026
HD01963,c9e6150b-fdf6-4a91-8f2c-d8bab75b9f2b,Hoodie Unisex Local Brand Cực Chất,Áo khoác,XL,Nâu,1,399000,18/05/2025
HD01963,b8a6d3f1-ad5c-4c5b-adf9-7e766ed462a5,Nón Bucket Unisex Vải Kaki Trơn,Nón,Free Size,Đen,2,150000,18/05/2025
HD01963,591f87ca-ccec-4d04-af4e-fe941c4ee72e,Giày Sneaker Trắng Unisex Streetwear,Giày,40,Trắng,1,650000,18/05/2025
HD01964,d687bdc0-7bd2-4fb3-b157-ef8d3c1b2135,Quần Jogger Unisex Nỉ Basic,Quần,M,Xám,2,280000,07/02/2026
HD01964,ca7585c8-ddbf-4d1d-a666-37a7b963d906,Balo Unisex Thời Trang Chống Nước,Nón,Free Size,Trắng,1,450000,07/02/2026
HD01964,d15def0c-3a31-492a-ac97-382525c2218a,Áo Sweater Unisex Trơn Basic,Áo khoác,L,Nâu,2,320000,07/02/2026
HD01965,cc14f38d-1c5d-44e4-a577-c2add0a1b47e,Áo Sơ Mi Nữ Linen Kem,Áo sơ mi,L,Be,2,359000,09/08/2025
HD01965,b3d420d4-d451-4c61-bd20-6636b4973e09,Cardigan Nữ Len Dệt Kim Kem,Cardigan,L,Be,2,499000,09/08/2025
HD01966,47321475-4386-4cf5-8b77-af01547cd204,Quần Baggy Nữ Hàn Quốc,Quần,M,Đen,2,429000,17/06/2025
HD01966,b3d420d4-d451-4c61-bd20-6636b4973e09,Cardigan Nữ Len Dệt Kim Kem,Cardigan,S,Be,2,499000,17/06/2025
HD01967,c36ca838-024f-462b-b202-e125f17c3a90,Áo Body Nữ Tay Dài Ôm Sát,Áo body,L,Đen,2,299000,26/03/2026
HD01967,409dbb70-64f9-445d-b146-33a6ba02b819,Váy Nữ Dự Tiệc Trễ Vai Sang Chảnh,Váy,L,Đỏ,1,690000,26/03/2026
HD01968,42df8548-dbbf-40a4-a6f2-f989e10394fd,Blazer Nữ Hàn Quốc,Blazer,L,Kem,2,790000,27/09/2025
HD01968,00ea76e6-8a78-4510-9aa1-8c8d3f1e0ea4,Áo Body Nữ Cổ Vuông,Áo body,M,Hồng,1,329000,27/09/2025
HD01968,0537aac5-9d37-4ea1-bee3-5ed3851cc79d,Áo Sơ Mi Nam Vải Linen Xanh,Áo sơ mi,L,Xanh,1,340000,27/09/2025
HD01968,0d2d0b09-60dc-474a-a0d4-d49689e230b8,Quần Jeans Nữ Ống Rộng Culottes,Quần,M,Kem,1,529000,27/09/2025
HD01969,201e6224-a601-46ee-bead-63759fec2f51,Áo Len Nam Cổ Tròn Cashmere,Áo len,S,Xám,1,650000,31/03/2025
HD01969,23cbc0c9-3f70-46ca-82e3-35767699a754,Giày Slip On Unisex Vải Canvas,Giày,42,Đen,1,399000,31/03/2025
HD01969,3d8984b4-57a3-4d52-913c-2a11d9222ede,Áo Thun Nam Basic,Áo thun,S,Trắng,1,199000,31/03/2025
HD01969,01a62d8d-11a8-4f0e-95c8-28324f5438b6,Áo Body Nữ Basic Cổ Lọ,Áo body,L,Trắng,2,269000,31/03/2025
HD01970,99f07ede-2b19-4f58-949e-3c20b4da9416,Nón Snapback Unisex Streetwear,Nón,Free Size,Xám,2,220000,19/03/2025
HD01970,8211c7e6-49da-422e-8c8e-61bf0288e356,Áo Thun Nam Oversize Cực Chất,Áo thun,XL,Đen,1,220000,19/03/2025
HD01971,1d8256e6-c737-4a4c-86b9-b28f0c3112eb,Áo Sơ Mi Nữ Oxford Trắng,Áo sơ mi,M,Trắng,2,329000,18/03/2026
HD01971,2d01e356-ac67-4d6f-83ce-e2c9ad89a55d,Quần Tây Nữ Ống Suông,Quần,S,Đen,1,459000,18/03/2026
HD01972,c356d946-1d0c-4868-a400-11e664e1c6c1,Áo Thun Nam Cotton Organic,Áo thun,L,Xám,2,190000,01/06/2025
HD01972,16685b4a-ab63-4a1f-ab9f-b4255995921e,Blazer Nữ Basic,Blazer,L,Be,1,720000,01/06/2025
HD01973,db900625-f6c9-41e1-a4eb-2042fcd9496f,Giày Cao Gót Nữ Đế Nhọn Công Sở,Giày,38,Trắng,2,490000,29/03/2025
HD01973,409dbb70-64f9-445d-b146-33a6ba02b819,Váy Nữ Dự Tiệc Trễ Vai Sang Chảnh,Váy,L,Đỏ,2,690000,29/03/2025
HD01974,b3d420d4-d451-4c61-bd20-6636b4973e09,Cardigan Nữ Len Dệt Kim Kem,Cardigan,M,Be,2,499000,05/06/2025
HD01974,cc14f38d-1c5d-44e4-a577-c2add0a1b47e,Áo Sơ Mi Nữ Linen Kem,Áo sơ mi,M,Be,1,359000,05/06/2025
HD01975,ca7585c8-ddbf-4d1d-a666-37a7b963d906,Balo Unisex Thời Trang Chống Nước,Nón,Free Size,Trắng,1,450000,27/01/2026
HD01975,d687bdc0-7bd2-4fb3-b157-ef8d3c1b2135,Quần Jogger Unisex Nỉ Basic,Quần,L,Xám,1,280000,27/01/2026
HD01976,93c3d112-b724-48cb-bee5-b2dcef7f1d55,Áo Khoác Gió Unisex Thể Thao,Áo khoác,XL,Đen,1,350000,14/01/2025
HD01976,3040b7d2-2bea-4c81-bd8c-2c17927ad9e2,Quần Culottes Nữ,Quần,S,Be,2,379000,14/01/2025
HD01976,61017231-ff80-414c-8355-84b4bfd8f3fb,Áo Sơ Mi Nữ Oxford,Áo sơ mi,XL,Trắng,1,329000,14/01/2025
HD01976,90594d6e-3ae8-44bc-be8b-4d8d5d4c89fe,Cardigan Nữ Basic,Cardigan,L,Trắng,2,379000,14/01/2025
HD01976,201e6224-a601-46ee-bead-63759fec2f51,Áo Len Nam Cổ Tròn Cashmere,Áo len,M,Xám,2,650000,14/01/2025
HD01977,591f87ca-ccec-4d04-af4e-fe941c4ee72e,Giày Sneaker Trắng Unisex Streetwear,Giày,40,Trắng,2,650000,27/03/2025
HD01977,f79701c0-468d-45ca-a063-f2c32fead22e,Áo Polo Nam Basic,Áo thun,S,Xanh Navy,1,279000,27/03/2025
HD01977,565df8e7-d30d-4935-a0a2-bcd5ab5bf4a2,Quần Jeans Nam Slimfit Đen,Quần,32,Đen,2,549000,27/03/2025
HD01978,4ef3b541-6c86-4287-8090-28809b3559fe,Giày Chạy Bộ Nam Running Sport,Giày,43,Đen,1,790000,08/05/2025
HD01978,12c3c23d-b26f-4090-b661-3e330f928a84,Nón Thể Thao Unisex,Nón,Free Size,Trắng,2,160000,08/05/2025
HD01979,db900625-f6c9-41e1-a4eb-2042fcd9496f,Giày Cao Gót Nữ Đế Nhọn Công Sở,Giày,38,Trắng,2,490000,17/02/2025
HD01979,409dbb70-64f9-445d-b146-33a6ba02b819,Váy Nữ Dự Tiệc Trễ Vai Sang Chảnh,Váy,L,Đỏ,2,690000,17/02/2025
HD01980,47321475-4386-4cf5-8b77-af01547cd204,Quần Baggy Nữ Hàn Quốc,Quần,M,Đen,2,429000,12/08/2025
HD01980,cc14f38d-1c5d-44e4-a577-c2add0a1b47e,Áo Sơ Mi Nữ Linen Kem,Áo sơ mi,L,Be,2,359000,12/08/2025
HD01980,b3d420d4-d451-4c61-bd20-6636b4973e09,Cardigan Nữ Len Dệt Kim Kem,Cardigan,M,Be,1,499000,12/08/2025
HD01980,81735139-02ec-4da6-aa6b-74780cb71167,Áo Sơ Mi Nữ Voan Lụa Công Sở,Áo sơ mi,L,Trắng,2,380000,12/08/2025
HD01981,f79701c0-468d-45ca-a063-f2c32fead22e,Áo Polo Nam Basic,Áo thun,L,Xanh Navy,1,279000,09/01/2026
HD01981,591f87ca-ccec-4d04-af4e-fe941c4ee72e,Giày Sneaker Trắng Unisex Streetwear,Giày,42,Trắng,1,650000,09/01/2026
HD01982,591f87ca-ccec-4d04-af4e-fe941c4ee72e,Giày Sneaker Trắng Unisex Streetwear,Giày,40,Trắng,1,650000,02/05/2026
HD01982,c9e6150b-fdf6-4a91-8f2c-d8bab75b9f2b,Hoodie Unisex Local Brand Cực Chất,Áo khoác,M,Nâu,1,399000,02/05/2026
HD01982,b8a6d3f1-ad5c-4c5b-adf9-7e766ed462a5,Nón Bucket Unisex Vải Kaki Trơn,Nón,Free Size,Đen,1,150000,02/05/2026
HD01983,1d8256e6-c737-4a4c-86b9-b28f0c3112eb,Áo Sơ Mi Nữ Oxford Trắng,Áo sơ mi,S,Trắng,1,329000,11/02/2026
HD01983,7af62054-cb7c-43d5-8a7a-f6de97b8440d,Blazer Nữ Công Sở Premium,Blazer,M,Trắng,2,820000,11/02/2026
HD01984,ca7585c8-ddbf-4d1d-a666-37a7b963d906,Balo Unisex Thời Trang Chống Nước,Nón,Free Size,Trắng,1,450000,10/04/2026
HD01984,d15def0c-3a31-492a-ac97-382525c2218a,Áo Sweater Unisex Trơn Basic,Áo khoác,XL,Nâu,2,320000,10/04/2026
HD01984,d687bdc0-7bd2-4fb3-b157-ef8d3c1b2135,Quần Jogger Unisex Nỉ Basic,Quần,XL,Xám,2,280000,10/04/2026
HD01985,565df8e7-d30d-4935-a0a2-bcd5ab5bf4a2,Quần Jeans Nam Slimfit Đen,Quần,30,Đen,1,549000,19/11/2025
HD01985,f79701c0-468d-45ca-a063-f2c32fead22e,Áo Polo Nam Basic,Áo thun,XL,Xanh Navy,2,279000,19/11/2025
HD01985,591f87ca-ccec-4d04-af4e-fe941c4ee72e,Giày Sneaker Trắng Unisex Streetwear,Giày,38,Trắng,2,650000,19/11/2025
HD01986,d15def0c-3a31-492a-ac97-382525c2218a,Áo Sweater Unisex Trơn Basic,Áo khoác,XL,Nâu,2,320000,03/01/2025
HD01986,ca7585c8-ddbf-4d1d-a666-37a7b963d906,Balo Unisex Thời Trang Chống Nước,Nón,Free Size,Trắng,2,450000,03/01/2025
HD01986,d687bdc0-7bd2-4fb3-b157-ef8d3c1b2135,Quần Jogger Unisex Nỉ Basic,Quần,L,Xám,1,280000,03/01/2025
HD01987,1d9f44d7-0657-47ec-baf9-659b9bfe2f6d,Áo Len Nam Cổ Lọ Ấm Áp,Áo len,XL,Đen,2,520000,21/03/2026
HD01987,fba0cb23-9cc9-40ed-a279-a57f1c6ac794,Áo Khoác Nam Bomber,Áo khoác,L,Đen,1,499000,21/03/2026
HD01987,01a62d8d-11a8-4f0e-95c8-28324f5438b6,Áo Body Nữ Basic Cổ Lọ,Áo body,S,Trắng,1,269000,21/03/2026
HD01988,4bdea4f1-6aa9-4f3d-99e7-1c679695c149,Cardigan Nữ Dệt Kim,Cardigan,L,Be,1,499000,19/09/2025
HD01988,8a7e2af6-1dec-44a6-bf40-5c5c403abe8c,Áo Sơ Mi Nam Vải Oxford Trắng,Áo sơ mi,M,Trắng,2,320000,19/09/2025
HD01989,49f47c17-2a4e-45e3-8c86-564e0b68bf44,Chân Váy Nữ Chữ A Da Lộn,Váy,M,Be,2,299000,08/07/2025
HD01989,0f6632d3-5cf7-42d2-9157-f13f0084a634,Áo Khoác Nam Denim Classic,Áo khoác,L,Xanh,1,550000,08/07/2025
HD01989,9339978c-7737-41bc-b043-029aeb186aac,Áo Polo Nam Basic,Áo thun,M,Xanh Navy,2,279000,08/07/2025
HD01989,e7a2f4b5-bf3f-47e0-b981-e6142607b6bc,Giày Chunky Sneaker Unisex,Giày,41,Trắng,2,850000,08/07/2025
HD01989,206646b2-8c77-4e51-b71d-a942c17cbc4b,Quần Short Unisex Dù Gió,Quần,XL,Xanh,1,150000,08/07/2025
HD01990,538c2225-906f-42c8-8875-c759a7017d20,Áo Sweater Unisex Cổ Tròn Nỉ,Áo khoác,M,Nâu,2,310000,05/01/2025
HD01990,409dbb70-64f9-445d-b146-33a6ba02b819,Váy Nữ Dự Tiệc Trễ Vai Sang Chảnh,Váy,S,Đỏ,1,690000,05/01/2025
HD01991,c36ca838-024f-462b-b202-e125f17c3a90,Áo Body Nữ Tay Dài Ôm Sát,Áo body,M,Đen,1,299000,26/03/2026
HD01991,db900625-f6c9-41e1-a4eb-2042fcd9496f,Giày Cao Gót Nữ Đế Nhọn Công Sở,Giày,38,Trắng,2,490000,26/03/2026
HD01991,409dbb70-64f9-445d-b146-33a6ba02b819,Váy Nữ Dự Tiệc Trễ Vai Sang Chảnh,Váy,S,Đỏ,1,690000,26/03/2026
HD01991,f44172da-7e3c-467e-8c19-187fcb7ae23a,Áo Hoodie Unisex Zip Tiện Lợi,Áo khoác,XL,Đen,2,420000,26/03/2026
HD01992,86a9c31d-97c5-47fc-b2ce-292729ac16ad,Nón Bucket Unisex Họa Tiết Loang,Nón,Free Size,Đen,1,180000,06/11/2025
HD01992,2351fa2f-2c97-41ba-bcdd-77f50f0bac7b,Quần Kaki Nam Slimfit,Quần,30,Kem,2,389000,06/11/2025
HD01992,3ef4444d-e48a-41d7-aca5-dff0114fd772,Váy Công Sở Nữ,Váy,L,Đen,1,390000,06/11/2025
HD01993,898c5b5f-febc-4b99-837c-f9d94f5e2e07,Váy Nữ Suông Linen Thoải Mái,Váy,S,Xanh,2,420000,28/04/2026
HD01993,99f07ede-2b19-4f58-949e-3c20b4da9416,Nón Snapback Unisex Streetwear,Nón,Free Size,Xám,2,220000,28/04/2026
HD01993,acaeda25-b325-467b-b332-a71ebd9078d8,Áo Khoác Nam Bomber Nhung Tăm,Áo khoác,L,Đen,1,499000,28/04/2026
HD01993,5aee6bb0-ffad-4321-976e-a7a74709d94d,Dép Unisex Quai Ngang Êm Chân,Giày,40,Đen,2,150000,28/04/2026
HD01993,4e83e6d5-6bb8-4d62-b032-d8ffc5ee62ef,Quần Jeans Nam Ống Đứng Regular,Quần,31,Xanh đậm,1,529000,28/04/2026
HD01994,7af62054-cb7c-43d5-8a7a-f6de97b8440d,Blazer Nữ Công Sở Premium,Blazer,S,Trắng,2,820000,05/04/2026
HD01994,2d01e356-ac67-4d6f-83ce-e2c9ad89a55d,Quần Tây Nữ Ống Suông,Quần,L,Đen,2,459000,05/04/2026
HD01994,1d8256e6-c737-4a4c-86b9-b28f0c3112eb,Áo Sơ Mi Nữ Oxford Trắng,Áo sơ mi,S,Trắng,1,329000,05/04/2026
HD01995,591f87ca-ccec-4d04-af4e-fe941c4ee72e,Giày Sneaker Trắng Unisex Streetwear,Giày,38,Trắng,1,650000,01/01/2025
HD01995,f79701c0-468d-45ca-a063-f2c32fead22e,Áo Polo Nam Basic,Áo thun,S,Xanh Navy,2,279000,01/01/2025
HD01995,565df8e7-d30d-4935-a0a2-bcd5ab5bf4a2,Quần Jeans Nam Slimfit Đen,Quần,30,Đen,1,549000,01/01/2025
HD01996,db900625-f6c9-41e1-a4eb-2042fcd9496f,Giày Cao Gót Nữ Đế Nhọn Công Sở,Giày,35,Trắng,2,490000,25/06/2025
HD01996,c36ca838-024f-462b-b202-e125f17c3a90,Áo Body Nữ Tay Dài Ôm Sát,Áo body,L,Đen,2,299000,25/06/2025
HD01997,1d8256e6-c737-4a4c-86b9-b28f0c3112eb,Áo Sơ Mi Nữ Oxford Trắng,Áo sơ mi,M,Trắng,2,329000,12/03/2025
HD01997,2d01e356-ac67-4d6f-83ce-e2c9ad89a55d,Quần Tây Nữ Ống Suông,Quần,M,Đen,1,459000,12/03/2025
HD01997,7a707f6c-7a4b-4392-80c8-475eb6eb4bc8,Quần Tây Nam Lịch Lãm Công Sở,Quần,33,Đen,1,489000,12/03/2025
HD01998,2aad4182-f5b2-4e66-a70b-32fe3626ae38,Nón Bucket Basic Unisex,Nón,Free Size,Đen,1,180000,28/03/2025
HD01998,1d8256e6-c737-4a4c-86b9-b28f0c3112eb,Áo Sơ Mi Nữ Oxford Trắng,Áo sơ mi,L,Trắng,1,329000,28/03/2025
HD01998,c9e6150b-fdf6-4a91-8f2c-d8bab75b9f2b,Hoodie Unisex Local Brand Cực Chất,Áo khoác,L,Nâu,1,399000,28/03/2025
HD01998,de2469aa-98bb-4048-b2d6-ca06feaff0f9,Ví Da Unisex Đựng Thẻ Tiện Lợi,Nón,Free Size,Navy,2,190000,28/03/2025
HD01999,01a62d8d-11a8-4f0e-95c8-28324f5438b6,Áo Body Nữ Basic Cổ Lọ,Áo body,M,Trắng,1,269000,07/02/2025
HD01999,93c3d112-b724-48cb-bee5-b2dcef7f1d55,Áo Khoác Gió Unisex Thể Thao,Áo khoác,XL,Đen,1,350000,07/02/2025
HD01999,72b9161e-e55b-4802-a1c7-d7f33e5ccb0d,Quần Jogger Nam,Quần,L,Đen,1,320000,07/02/2025
HD01999,220243e7-0f72-4253-9861-6ff08f57a586,Áo Len Nam Form Rộng,Áo len,L,Xám,2,559000,07/02/2025
HD02000,b3d420d4-d451-4c61-bd20-6636b4973e09,Cardigan Nữ Len Dệt Kim Kem,Cardigan,S,Be,2,499000,06/04/2026
HD02000,e6f18dbb-acb7-46bb-a116-d6111d7b40f8,Quần Jogger Nam Thể Thao Nỉ,Quần,L,Xám,2,320000,06/04/2026
HD02000,020a480f-a235-4103-9eaf-f34d0cff36ed,Quần Jeans Nữ Skinny,Quần,M,Xanh,1,489000,06/04/2026
HD02000,42027732-03d0-4a71-a42b-eafc03a8cc71,Áo Khoác Blazer Unisex Form Rộng,Blazer,XL,Xám,1,750000,06/04/2026
HD02001,409dbb70-64f9-445d-b146-33a6ba02b819,Váy Nữ Dự Tiệc Trễ Vai Sang Chảnh,Váy,S,Đỏ,1,690000,09/12/2025
HD02001,db900625-f6c9-41e1-a4eb-2042fcd9496f,Giày Cao Gót Nữ Đế Nhọn Công Sở,Giày,37,Trắng,2,490000,09/12/2025
HD02002,b8a6d3f1-ad5c-4c5b-adf9-7e766ed462a5,Nón Bucket Unisex Vải Kaki Trơn,Nón,Free Size,Đen,1,150000,26/12/2025
HD02002,c9e6150b-fdf6-4a91-8f2c-d8bab75b9f2b,Hoodie Unisex Local Brand Cực Chất,Áo khoác,M,Nâu,1,399000,26/12/2025
HD02002,591f87ca-ccec-4d04-af4e-fe941c4ee72e,Giày Sneaker Trắng Unisex Streetwear,Giày,40,Trắng,2,650000,26/12/2025
HD02003,0f6632d3-5cf7-42d2-9157-f13f0084a634,Áo Khoác Nam Denim Classic,Áo khoác,M,Xanh,2,550000,20/09/2025
HD02003,1d9f44d7-0657-47ec-baf9-659b9bfe2f6d,Áo Len Nam Cổ Lọ Ấm Áp,Áo len,L,Đen,2,520000,20/09/2025
HD02004,773638cb-7eea-46c3-8af4-3bce1ecb5dd2,Áo Polo Nam Công Sở Premium,Áo thun,S,Xanh Navy,2,350000,11/02/2026
HD02004,7a707f6c-7a4b-4392-80c8-475eb6eb4bc8,Quần Tây Nam Lịch Lãm Công Sở,Quần,33,Đen,1,489000,11/02/2026
HD02005,d687bdc0-7bd2-4fb3-b157-ef8d3c1b2135,Quần Jogger Unisex Nỉ Basic,Quần,L,Xám,1,280000,04/02/2025
HD02005,d15def0c-3a31-492a-ac97-382525c2218a,Áo Sweater Unisex Trơn Basic,Áo khoác,M,Nâu,1,320000,04/02/2025
HD02006,c36ca838-024f-462b-b202-e125f17c3a90,Áo Body Nữ Tay Dài Ôm Sát,Áo body,M,Đen,1,299000,22/02/2025
HD02006,409dbb70-64f9-445d-b146-33a6ba02b819,Váy Nữ Dự Tiệc Trễ Vai Sang Chảnh,Váy,S,Đỏ,2,690000,22/02/2025
HD02007,c36ca838-024f-462b-b202-e125f17c3a90,Áo Body Nữ Tay Dài Ôm Sát,Áo body,S,Đen,2,299000,22/03/2026
HD02007,db900625-f6c9-41e1-a4eb-2042fcd9496f,Giày Cao Gót Nữ Đế Nhọn Công Sở,Giày,35,Trắng,2,490000,22/03/2026
HD02008,12c3c23d-b26f-4090-b661-3e330f928a84,Nón Thể Thao Unisex,Nón,Free Size,Trắng,2,160000,02/08/2025
HD02008,08f8884f-159a-4ac0-956a-63c1d86d3552,Quần short Nam,Quần,L,Đen,2,189000,02/08/2025
HD02008,b44f5194-d6f8-497b-b568-738d7d09c9e4,Áo Thun Nữ Croptop Cổ Tim,Áo thun,S,Trắng,1,120000,02/08/2025
HD02009,8211c7e6-49da-422e-8c8e-61bf0288e356,Áo Thun Nam Oversize Cực Chất,Áo thun,L,Đen,1,220000,28/01/2026
HD02009,99f07ede-2b19-4f58-949e-3c20b4da9416,Nón Snapback Unisex Streetwear,Nón,Free Size,Xám,1,220000,28/01/2026
HD02010,d687bdc0-7bd2-4fb3-b157-ef8d3c1b2135,Quần Jogger Unisex Nỉ Basic,Quần,XL,Xám,2,280000,22/11/2025
HD02010,d15def0c-3a31-492a-ac97-382525c2218a,Áo Sweater Unisex Trơn Basic,Áo khoác,L,Nâu,1,320000,22/11/2025
HD02011,8211c7e6-49da-422e-8c8e-61bf0288e356,Áo Thun Nam Oversize Cực Chất,Áo thun,XL,Đen,1,220000,10/05/2026
HD02011,99f07ede-2b19-4f58-949e-3c20b4da9416,Nón Snapback Unisex Streetwear,Nón,Free Size,Xám,1,220000,10/05/2026
HD02011,b9070ded-f7bb-4ae7-8384-31f433f188c1,Quần Jogger Nam Kaki Túi Hộp,Quần,XL,Đen,2,350000,10/05/2026
HD02012,8211c7e6-49da-422e-8c8e-61bf0288e356,Áo Thun Nam Oversize Cực Chất,Áo thun,L,Đen,2,220000,23/07/2025
HD02012,b9070ded-f7bb-4ae7-8384-31f433f188c1,Quần Jogger Nam Kaki Túi Hộp,Quần,XL,Đen,2,350000,23/07/2025
HD02012,99f07ede-2b19-4f58-949e-3c20b4da9416,Nón Snapback Unisex Streetwear,Nón,Free Size,Xám,2,220000,23/07/2025
HD02012,12c3c23d-b26f-4090-b661-3e330f928a84,Nón Thể Thao Unisex,Nón,Free Size,Trắng,2,160000,23/07/2025
HD02013,5a9e4c10-4d85-4ae9-99d0-4ecdbc69964b,Áo Thun Unisex In Chữ Streetwear,Áo thun,M,Đen,1,189000,14/05/2026
HD02013,acaeda25-b325-467b-b332-a71ebd9078d8,Áo Khoác Nam Bomber Nhung Tăm,Áo khoác,XL,Đen,1,499000,14/05/2026
HD02014,e6f18dbb-acb7-46bb-a116-d6111d7b40f8,Quần Jogger Nam Thể Thao Nỉ,Quần,L,Xám,2,320000,17/02/2026
HD02014,4ef3b541-6c86-4287-8090-28809b3559fe,Giày Chạy Bộ Nam Running Sport,Giày,41,Đen,1,790000,17/02/2026
HD02014,7a1e5705-4b19-42f7-a7ec-504fb2481cc2,Thắt Lưng Da Nam Khóa Tự Động,Nón,Free Size,Đen,2,350000,17/02/2026
HD02015,773638cb-7eea-46c3-8af4-3bce1ecb5dd2,Áo Polo Nam Công Sở Premium,Áo thun,XXL,Xanh Navy,2,350000,09/09/2025
HD02015,bf8bb740-6ff2-40aa-b164-ac144119c781,Giày Tây Nam Derby Lịch Lãm,Giày,42,Xám,2,990000,09/09/2025
HD02016,bb06c357-8eb3-4ffe-a765-1307de4e19eb,Mũ Len Unisex Mùa Đông Ấm Áp,Nón,Free Size,Xám,2,150000,24/02/2026
HD02016,0f6632d3-5cf7-42d2-9157-f13f0084a634,Áo Khoác Nam Denim Classic,Áo khoác,M,Xanh,2,550000,24/02/2026
HD02016,1d9f44d7-0657-47ec-baf9-659b9bfe2f6d,Áo Len Nam Cổ Lọ Ấm Áp,Áo len,L,Đen,2,520000,24/02/2026
HD02017,cc14f38d-1c5d-44e4-a577-c2add0a1b47e,Áo Sơ Mi Nữ Linen Kem,Áo sơ mi,M,Be,1,359000,16/08/2025
HD02017,47321475-4386-4cf5-8b77-af01547cd204,Quần Baggy Nữ Hàn Quốc,Quần,XL,Đen,1,429000,16/08/2025
HD02017,99f07ede-2b19-4f58-949e-3c20b4da9416,Nón Snapback Unisex Streetwear,Nón,Free Size,Xám,2,220000,16/08/2025
HD02018,591f87ca-ccec-4d04-af4e-fe941c4ee72e,Giày Sneaker Trắng Unisex Streetwear,Giày,41,Trắng,1,650000,09/02/2025
HD02018,b8a6d3f1-ad5c-4c5b-adf9-7e766ed462a5,Nón Bucket Unisex Vải Kaki Trơn,Nón,Free Size,Đen,2,150000,09/02/2025
HD02018,c9e6150b-fdf6-4a91-8f2c-d8bab75b9f2b,Hoodie Unisex Local Brand Cực Chất,Áo khoác,XL,Nâu,1,399000,09/02/2025
HD02019,409dbb70-64f9-445d-b146-33a6ba02b819,Váy Nữ Dự Tiệc Trễ Vai Sang Chảnh,Váy,L,Đỏ,2,690000,01/01/2026
HD02019,db900625-f6c9-41e1-a4eb-2042fcd9496f,Giày Cao Gót Nữ Đế Nhọn Công Sở,Giày,38,Trắng,2,490000,01/01/2026
HD02019,12c3c23d-b26f-4090-b661-3e330f928a84,Nón Thể Thao Unisex,Nón,Free Size,Trắng,1,160000,01/01/2026
HD02020,773638cb-7eea-46c3-8af4-3bce1ecb5dd2,Áo Polo Nam Công Sở Premium,Áo thun,L,Xanh Navy,2,350000,07/05/2026
HD02020,7a707f6c-7a4b-4392-80c8-475eb6eb4bc8,Quần Tây Nam Lịch Lãm Công Sở,Quần,32,Đen,2,489000,07/05/2026
HD02020,bf8bb740-6ff2-40aa-b164-ac144119c781,Giày Tây Nam Derby Lịch Lãm,Giày,41,Xám,2,990000,07/05/2026
HD02020,20b29c90-bea4-432c-ac66-0b72cbccdf6a,Áo Sơ Mi Nữ Linen,Áo sơ mi,S,Be,2,359000,07/05/2026
HD02021,773638cb-7eea-46c3-8af4-3bce1ecb5dd2,Áo Polo Nam Công Sở Premium,Áo thun,S,Xanh Navy,2,350000,24/10/2025
HD02021,bf8bb740-6ff2-40aa-b164-ac144119c781,Giày Tây Nam Derby Lịch Lãm,Giày,39,Xám,1,990000,24/10/2025
HD02022,591f87ca-ccec-4d04-af4e-fe941c4ee72e,Giày Sneaker Trắng Unisex Streetwear,Giày,41,Trắng,1,650000,25/08/2025
HD02022,b8a6d3f1-ad5c-4c5b-adf9-7e766ed462a5,Nón Bucket Unisex Vải Kaki Trơn,Nón,Free Size,Đen,1,150000,25/08/2025
HD02022,c9e6150b-fdf6-4a91-8f2c-d8bab75b9f2b,Hoodie Unisex Local Brand Cực Chất,Áo khoác,XL,Nâu,1,399000,25/08/2025
HD02023,ca7585c8-ddbf-4d1d-a666-37a7b963d906,Balo Unisex Thời Trang Chống Nước,Nón,Free Size,Trắng,2,450000,15/07/2025
HD02023,d15def0c-3a31-492a-ac97-382525c2218a,Áo Sweater Unisex Trơn Basic,Áo khoác,XL,Nâu,2,320000,15/07/2025
HD02023,d687bdc0-7bd2-4fb3-b157-ef8d3c1b2135,Quần Jogger Unisex Nỉ Basic,Quần,M,Xám,2,280000,15/07/2025
HD02024,b8a6d3f1-ad5c-4c5b-adf9-7e766ed462a5,Nón Bucket Unisex Vải Kaki Trơn,Nón,Free Size,Đen,2,150000,07/04/2026
HD02024,591f87ca-ccec-4d04-af4e-fe941c4ee72e,Giày Sneaker Trắng Unisex Streetwear,Giày,38,Trắng,2,650000,07/04/2026
HD02025,b44f5194-d6f8-497b-b568-738d7d09c9e4,Áo Thun Nữ Croptop Cổ Tim,Áo thun,M,Trắng,2,120000,23/04/2025
HD02025,52f6d247-50fb-43f7-ab47-14cc9380a683,Áo Sơ Mi Nam Cổ Tàu Casual,Áo sơ mi,XL,Nâu,1,299000,23/04/2025
HD02025,cda0d51d-8c0e-423b-a4de-8d22cec903bf,Thắt Lưng Da Nữ Khóa Tròn Cổ Điển,Nón,Free Size,Trắng,1,250000,23/04/2025
HD02025,668c0c46-b451-49fb-a269-45e518a0a645,Quần Jeans Nam Slimfit,Quần,31,Xanh đậm,2,549000,23/04/2025
HD02026,4ef3b541-6c86-4287-8090-28809b3559fe,Giày Chạy Bộ Nam Running Sport,Giày,43,Đen,2,790000,27/02/2025
HD02026,12c3c23d-b26f-4090-b661-3e330f928a84,Nón Thể Thao Unisex,Nón,Free Size,Trắng,1,160000,27/02/2025
HD02026,e9b18016-ac13-4aa7-8e3b-9df31db133d7,Váy Tennis Nữ,Váy,M,Trắng,1,280000,27/02/2025
HD02027,7a1e5705-4b19-42f7-a7ec-504fb2481cc2,Thắt Lưng Da Nam Khóa Tự Động,Nón,Free Size,Đen,1,350000,16/08/2025
HD02027,23cbc0c9-3f70-46ca-82e3-35767699a754,Giày Slip On Unisex Vải Canvas,Giày,37,Đen,1,399000,16/08/2025
HD02027,8ad4ef8e-e76a-4754-9239-64101f13a08e,Quần Short Nữ Jeans Retro,Quần,M,Xanh,1,289000,16/08/2025
HD02027,6d9ff3b3-09bc-4a76-b2f0-891905840fe3,Áo Thun Nữ Form Rộng Giấu Quần,Áo thun,L,Trắng,1,160000,16/08/2025
HD02027,220243e7-0f72-4253-9861-6ff08f57a586,Áo Len Nam Form Rộng,Áo len,L,Xám,1,559000,16/08/2025
HD02028,b8a6d3f1-ad5c-4c5b-adf9-7e766ed462a5,Nón Bucket Unisex Vải Kaki Trơn,Nón,Free Size,Đen,2,150000,08/01/2025
HD02028,c9e6150b-fdf6-4a91-8f2c-d8bab75b9f2b,Hoodie Unisex Local Brand Cực Chất,Áo khoác,XL,Nâu,1,399000,08/01/2025
HD02028,2139d828-a4c0-4f2e-90e4-3cfb3420bf70,Bộ Vest Nam Cao Cấp Sang Trọng,Blazer,M,Đen,2,1500000,08/01/2025
HD02029,d687bdc0-7bd2-4fb3-b157-ef8d3c1b2135,Quần Jogger Unisex Nỉ Basic,Quần,M,Xám,1,280000,12/03/2026
HD02029,d15def0c-3a31-492a-ac97-382525c2218a,Áo Sweater Unisex Trơn Basic,Áo khoác,XL,Nâu,2,320000,12/03/2026
HD02030,b3d420d4-d451-4c61-bd20-6636b4973e09,Cardigan Nữ Len Dệt Kim Kem,Cardigan,S,Be,1,499000,26/05/2025
HD02030,cc14f38d-1c5d-44e4-a577-c2add0a1b47e,Áo Sơ Mi Nữ Linen Kem,Áo sơ mi,S,Be,1,359000,26/05/2025
HD02030,47321475-4386-4cf5-8b77-af01547cd204,Quần Baggy Nữ Hàn Quốc,Quần,S,Đen,2,429000,26/05/2025
HD02031,bb06c357-8eb3-4ffe-a765-1307de4e19eb,Mũ Len Unisex Mùa Đông Ấm Áp,Nón,Free Size,Xám,2,150000,18/01/2025
HD02031,1d9f44d7-0657-47ec-baf9-659b9bfe2f6d,Áo Len Nam Cổ Lọ Ấm Áp,Áo len,L,Đen,2,520000,18/01/2025
HD02031,0f6632d3-5cf7-42d2-9157-f13f0084a634,Áo Khoác Nam Denim Classic,Áo khoác,L,Xanh,2,550000,18/01/2025
HD02032,c36ca838-024f-462b-b202-e125f17c3a90,Áo Body Nữ Tay Dài Ôm Sát,Áo body,L,Đen,2,299000,05/04/2026
HD02032,409dbb70-64f9-445d-b146-33a6ba02b819,Váy Nữ Dự Tiệc Trễ Vai Sang Chảnh,Váy,L,Đỏ,2,690000,05/04/2026
HD02033,d15def0c-3a31-492a-ac97-382525c2218a,Áo Sweater Unisex Trơn Basic,Áo khoác,XL,Nâu,2,320000,22/02/2026
HD02033,ca7585c8-ddbf-4d1d-a666-37a7b963d906,Balo Unisex Thời Trang Chống Nước,Nón,Free Size,Trắng,1,450000,22/02/2026
HD02033,d687bdc0-7bd2-4fb3-b157-ef8d3c1b2135,Quần Jogger Unisex Nỉ Basic,Quần,M,Xám,2,280000,22/02/2026
HD02034,591f87ca-ccec-4d04-af4e-fe941c4ee72e,Giày Sneaker Trắng Unisex Streetwear,Giày,39,Trắng,2,650000,23/03/2025
HD02034,f79701c0-468d-45ca-a063-f2c32fead22e,Áo Polo Nam Basic,Áo thun,L,Xanh Navy,1,279000,23/03/2025
HD02035,0f6632d3-5cf7-42d2-9157-f13f0084a634,Áo Khoác Nam Denim Classic,Áo khoác,M,Xanh,2,550000,28/03/2025
HD02035,bb06c357-8eb3-4ffe-a765-1307de4e19eb,Mũ Len Unisex Mùa Đông Ấm Áp,Nón,Free Size,Xám,1,150000,28/03/2025
HD02036,8211c7e6-49da-422e-8c8e-61bf0288e356,Áo Thun Nam Oversize Cực Chất,Áo thun,XL,Đen,2,220000,31/01/2026
HD02036,b9070ded-f7bb-4ae7-8384-31f433f188c1,Quần Jogger Nam Kaki Túi Hộp,Quần,XL,Đen,1,350000,31/01/2026
HD02036,99f07ede-2b19-4f58-949e-3c20b4da9416,Nón Snapback Unisex Streetwear,Nón,Free Size,Xám,1,220000,31/01/2026
HD02037,d687bdc0-7bd2-4fb3-b157-ef8d3c1b2135,Quần Jogger Unisex Nỉ Basic,Quần,M,Xám,2,280000,30/12/2025
HD02037,d15def0c-3a31-492a-ac97-382525c2218a,Áo Sweater Unisex Trơn Basic,Áo khoác,L,Nâu,1,320000,30/12/2025
HD02037,ca7585c8-ddbf-4d1d-a666-37a7b963d906,Balo Unisex Thời Trang Chống Nước,Nón,Free Size,Trắng,2,450000,30/12/2025
HD02038,d687bdc0-7bd2-4fb3-b157-ef8d3c1b2135,Quần Jogger Unisex Nỉ Basic,Quần,M,Xám,2,280000,22/05/2025
HD02038,d15def0c-3a31-492a-ac97-382525c2218a,Áo Sweater Unisex Trơn Basic,Áo khoác,L,Nâu,2,320000,22/05/2025
HD02039,08f8884f-159a-4ac0-956a-63c1d86d3552,Quần short Nam,Quần,M,Xanh,2,189000,30/05/2025
HD02039,6567b83c-7707-4f60-b9df-577208962783,Blazer Nữ Kẻ Caro Phong Cách Hàn,Blazer,M,Xám,2,850000,30/05/2025
HD02039,80fca8d2-8d12-40fd-aaf6-6c3e0e0d49ea,Cardigan Nữ Len Mỏng,Cardigan,S,Kem,1,399000,30/05/2025
HD02040,99f07ede-2b19-4f58-949e-3c20b4da9416,Nón Snapback Unisex Streetwear,Nón,Free Size,Xám,1,220000,05/12/2025
HD02040,b9070ded-f7bb-4ae7-8384-31f433f188c1,Quần Jogger Nam Kaki Túi Hộp,Quần,XL,Đen,1,350000,05/12/2025
HD02040,8211c7e6-49da-422e-8c8e-61bf0288e356,Áo Thun Nam Oversize Cực Chất,Áo thun,XL,Đen,1,220000,05/12/2025
HD02041,b3d420d4-d451-4c61-bd20-6636b4973e09,Cardigan Nữ Len Dệt Kim Kem,Cardigan,M,Be,2,499000,06/06/2025
HD02041,47321475-4386-4cf5-8b77-af01547cd204,Quần Baggy Nữ Hàn Quốc,Quần,XL,Đen,1,429000,06/06/2025
HD02041,cc14f38d-1c5d-44e4-a577-c2add0a1b47e,Áo Sơ Mi Nữ Linen Kem,Áo sơ mi,S,Be,1,359000,06/06/2025
HD02042,b44f5194-d6f8-497b-b568-738d7d09c9e4,Áo Thun Nữ Croptop Cổ Tim,Áo thun,S,Trắng,2,120000,10/11/2025
HD02042,4e83e6d5-6bb8-4d62-b032-d8ffc5ee62ef,Quần Jeans Nam Ống Đứng Regular,Quần,32,Xanh đậm,2,529000,10/11/2025
HD02042,c9e6150b-fdf6-4a91-8f2c-d8bab75b9f2b,Hoodie Unisex Local Brand Cực Chất,Áo khoác,L,Nâu,2,399000,10/11/2025
HD02042,00cd794a-d248-4ee5-82bc-6f47e4552024,Giày Thể Thao Unisex Chunky,Giày,38,Trắng,1,850000,10/11/2025
HD02042,80fca8d2-8d12-40fd-aaf6-6c3e0e0d49ea,Cardigan Nữ Len Mỏng,Cardigan,L,Kem,1,399000,10/11/2025
HD02043,d687bdc0-7bd2-4fb3-b157-ef8d3c1b2135,Quần Jogger Unisex Nỉ Basic,Quần,L,Xám,1,280000,01/10/2025
HD02043,d15def0c-3a31-492a-ac97-382525c2218a,Áo Sweater Unisex Trơn Basic,Áo khoác,M,Nâu,1,320000,01/10/2025
HD02043,ca7585c8-ddbf-4d1d-a666-37a7b963d906,Balo Unisex Thời Trang Chống Nước,Nón,Free Size,Trắng,2,450000,01/10/2025
HD02044,4ef3b541-6c86-4287-8090-28809b3559fe,Giày Chạy Bộ Nam Running Sport,Giày,42,Đen,2,790000,12/02/2026
HD02044,12c3c23d-b26f-4090-b661-3e330f928a84,Nón Thể Thao Unisex,Nón,Free Size,Trắng,2,160000,12/02/2026
HD02045,12c3c23d-b26f-4090-b661-3e330f928a84,Nón Thể Thao Unisex,Nón,Free Size,Trắng,1,160000,06/03/2026
HD02045,4ef3b541-6c86-4287-8090-28809b3559fe,Giày Chạy Bộ Nam Running Sport,Giày,40,Đen,1,790000,06/03/2026
HD02045,e6f18dbb-acb7-46bb-a116-d6111d7b40f8,Quần Jogger Nam Thể Thao Nỉ,Quần,M,Xám,1,320000,06/03/2026
HD02046,b8a6d3f1-ad5c-4c5b-adf9-7e766ed462a5,Nón Bucket Unisex Vải Kaki Trơn,Nón,Free Size,Đen,2,150000,17/01/2025
HD02046,c9e6150b-fdf6-4a91-8f2c-d8bab75b9f2b,Hoodie Unisex Local Brand Cực Chất,Áo khoác,L,Nâu,1,399000,17/01/2025
HD02046,591f87ca-ccec-4d04-af4e-fe941c4ee72e,Giày Sneaker Trắng Unisex Streetwear,Giày,39,Trắng,2,650000,17/01/2025
HD02046,57d427ce-2cb0-4659-b346-22ed27f9bafa,Quần Baggy Nữ,Quần,M,Đen,2,429000,17/01/2025
HD02047,47321475-4386-4cf5-8b77-af01547cd204,Quần Baggy Nữ Hàn Quốc,Quần,L,Đen,2,429000,14/11/2025
HD02047,b3d420d4-d451-4c61-bd20-6636b4973e09,Cardigan Nữ Len Dệt Kim Kem,Cardigan,L,Be,2,499000,14/11/2025
HD02047,cc14f38d-1c5d-44e4-a577-c2add0a1b47e,Áo Sơ Mi Nữ Linen Kem,Áo sơ mi,S,Be,1,359000,14/11/2025
HD02048,105ad1ba-828c-468d-b1e2-33860aced25e,Giày Tây Nam Oxford Da Bò,Giày,41,Xám,1,1200000,30/04/2026
HD02048,acaeda25-b325-467b-b332-a71ebd9078d8,Áo Khoác Nam Bomber Nhung Tăm,Áo khoác,XL,Đen,1,499000,30/04/2026
HD02049,1d8256e6-c737-4a4c-86b9-b28f0c3112eb,Áo Sơ Mi Nữ Oxford Trắng,Áo sơ mi,M,Trắng,2,329000,25/09/2025
HD02049,2d01e356-ac67-4d6f-83ce-e2c9ad89a55d,Quần Tây Nữ Ống Suông,Quần,L,Đen,2,459000,25/09/2025
HD02050,773638cb-7eea-46c3-8af4-3bce1ecb5dd2,Áo Polo Nam Công Sở Premium,Áo thun,XL,Xanh Navy,2,350000,11/07/2025
HD02050,bf8bb740-6ff2-40aa-b164-ac144119c781,Giày Tây Nam Derby Lịch Lãm,Giày,39,Xám,1,990000,11/07/2025
HD02050,7a707f6c-7a4b-4392-80c8-475eb6eb4bc8,Quần Tây Nam Lịch Lãm Công Sở,Quần,29,Đen,2,489000,11/07/2025
HD02051,93efef1b-4c47-4682-af31-84004a28c573,Nón Snapback Unisex,Nón,Free Size,Xám,1,220000,25/08/2025
HD02051,7a707f6c-7a4b-4392-80c8-475eb6eb4bc8,Quần Tây Nam Lịch Lãm Công Sở,Quần,32,Đen,2,489000,25/08/2025
HD02051,9b3e4d7c-96f1-4236-826e-5f32678a9fc4,Quần Jeans Nam,Quần,29,Xanh nhạt,2,549000,25/08/2025
HD02052,7af62054-cb7c-43d5-8a7a-f6de97b8440d,Blazer Nữ Công Sở Premium,Blazer,M,Trắng,1,820000,13/04/2025
HD02052,1d8256e6-c737-4a4c-86b9-b28f0c3112eb,Áo Sơ Mi Nữ Oxford Trắng,Áo sơ mi,S,Trắng,1,329000,13/04/2025
HD02052,2d01e356-ac67-4d6f-83ce-e2c9ad89a55d,Quần Tây Nữ Ống Suông,Quần,S,Đen,2,459000,13/04/2025
HD02052,92f492fc-802a-4e3f-9110-cedb91786563,Áo Sơ Mi Nữ Công Sở,Áo sơ mi,XL,Xanh,1,299000,13/04/2025
HD02053,b9cffddd-aa22-47ea-b376-34ad81004eed,Blazer Nữ Công Sở,Blazer,M,Trắng,1,820000,12/05/2026
HD02053,d15def0c-3a31-492a-ac97-382525c2218a,Áo Sweater Unisex Trơn Basic,Áo khoác,L,Nâu,1,320000,12/05/2026
HD02053,863bc572-8ddb-47bc-98e0-bff31818a347,Quần Ống Rộng Nữ,Quần,L,Kem,2,399000,12/05/2026
HD02054,ca7585c8-ddbf-4d1d-a666-37a7b963d906,Balo Unisex Thời Trang Chống Nước,Nón,Free Size,Trắng,1,450000,16/03/2026
HD02054,b9070ded-f7bb-4ae7-8384-31f433f188c1,Quần Jogger Nam Kaki Túi Hộp,Quần,L,Đen,2,350000,16/03/2026
HD02054,4ef3b541-6c86-4287-8090-28809b3559fe,Giày Chạy Bộ Nam Running Sport,Giày,42,Đen,1,790000,16/03/2026
HD02055,591f87ca-ccec-4d04-af4e-fe941c4ee72e,Giày Sneaker Trắng Unisex Streetwear,Giày,42,Trắng,2,650000,09/12/2025
HD02055,f79701c0-468d-45ca-a063-f2c32fead22e,Áo Polo Nam Basic,Áo thun,M,Xanh Navy,2,279000,09/12/2025
HD02055,538c2225-906f-42c8-8875-c759a7017d20,Áo Sweater Unisex Cổ Tròn Nỉ,Áo khoác,L,Nâu,1,310000,09/12/2025
HD02056,ca7585c8-ddbf-4d1d-a666-37a7b963d906,Balo Unisex Thời Trang Chống Nước,Nón,Free Size,Trắng,1,450000,08/10/2025
HD02056,d687bdc0-7bd2-4fb3-b157-ef8d3c1b2135,Quần Jogger Unisex Nỉ Basic,Quần,M,Xám,2,280000,08/10/2025
HD02056,d15def0c-3a31-492a-ac97-382525c2218a,Áo Sweater Unisex Trơn Basic,Áo khoác,M,Nâu,1,320000,08/10/2025
HD02057,773638cb-7eea-46c3-8af4-3bce1ecb5dd2,Áo Polo Nam Công Sở Premium,Áo thun,L,Xanh Navy,1,350000,21/09/2025
HD02057,7a707f6c-7a4b-4392-80c8-475eb6eb4bc8,Quần Tây Nam Lịch Lãm Công Sở,Quần,32,Đen,2,489000,21/09/2025
HD02057,e1fb3fad-6974-423e-b5e0-33e5c3f7a559,Áo Khoác Nam Varsity,Áo khoác,L,Đen Trắng,2,639000,21/09/2025
HD02058,c9e6150b-fdf6-4a91-8f2c-d8bab75b9f2b,Hoodie Unisex Local Brand Cực Chất,Áo khoác,L,Nâu,2,399000,08/09/2025
HD02058,b8a6d3f1-ad5c-4c5b-adf9-7e766ed462a5,Nón Bucket Unisex Vải Kaki Trơn,Nón,Free Size,Đen,2,150000,08/09/2025
HD02058,591f87ca-ccec-4d04-af4e-fe941c4ee72e,Giày Sneaker Trắng Unisex Streetwear,Giày,41,Trắng,2,650000,08/09/2025
HD02058,aeefd253-ff9c-45c1-9da7-06ebdf2c502c,Áo Khoác Denim Unisex Form Rộng,Áo khoác,M,Xanh,2,550000,08/09/2025
HD02059,1d9f44d7-0657-47ec-baf9-659b9bfe2f6d,Áo Len Nam Cổ Lọ Ấm Áp,Áo len,XL,Đen,2,520000,15/11/2025
HD02059,0f6632d3-5cf7-42d2-9157-f13f0084a634,Áo Khoác Nam Denim Classic,Áo khoác,XL,Xanh,1,550000,15/11/2025
HD02059,bb06c357-8eb3-4ffe-a765-1307de4e19eb,Mũ Len Unisex Mùa Đông Ấm Áp,Nón,Free Size,Xám,2,150000,15/11/2025
HD02060,e6f18dbb-acb7-46bb-a116-d6111d7b40f8,Quần Jogger Nam Thể Thao Nỉ,Quần,L,Xám,1,320000,02/12/2025
HD02060,12c3c23d-b26f-4090-b661-3e330f928a84,Nón Thể Thao Unisex,Nón,Free Size,Trắng,1,160000,02/12/2025
HD02060,4ef3b541-6c86-4287-8090-28809b3559fe,Giày Chạy Bộ Nam Running Sport,Giày,43,Đen,2,790000,02/12/2025
HD02060,3d8984b4-57a3-4d52-913c-2a11d9222ede,Áo Thun Nam Basic,Áo thun,L,Đen,2,199000,02/12/2025
HD02061,ca7585c8-ddbf-4d1d-a666-37a7b963d906,Balo Unisex Thời Trang Chống Nước,Nón,Free Size,Trắng,2,450000,09/07/2025
HD02061,d15def0c-3a31-492a-ac97-382525c2218a,Áo Sweater Unisex Trơn Basic,Áo khoác,L,Nâu,1,320000,09/07/2025
HD02062,7af62054-cb7c-43d5-8a7a-f6de97b8440d,Blazer Nữ Công Sở Premium,Blazer,L,Trắng,2,820000,30/04/2025
HD02062,2d01e356-ac67-4d6f-83ce-e2c9ad89a55d,Quần Tây Nữ Ống Suông,Quần,S,Đen,1,459000,30/04/2025
HD02062,1d8256e6-c737-4a4c-86b9-b28f0c3112eb,Áo Sơ Mi Nữ Oxford Trắng,Áo sơ mi,L,Trắng,1,329000,30/04/2025
HD02063,565df8e7-d30d-4935-a0a2-bcd5ab5bf4a2,Quần Jeans Nam Slimfit Đen,Quần,29,Đen,2,549000,12/04/2025
HD02063,591f87ca-ccec-4d04-af4e-fe941c4ee72e,Giày Sneaker Trắng Unisex Streetwear,Giày,40,Trắng,2,650000,12/04/2025
HD02063,f79701c0-468d-45ca-a063-f2c32fead22e,Áo Polo Nam Basic,Áo thun,L,Xanh Navy,1,279000,12/04/2025
HD02064,0537aac5-9d37-4ea1-bee3-5ed3851cc79d,Áo Sơ Mi Nam Vải Linen Xanh,Áo sơ mi,M,Xanh,1,340000,03/09/2025
HD02064,740d378a-17ab-4db0-aa7b-961840cb0ad8,Blazer Nữ Premium,Blazer,L,Đen,2,990000,03/09/2025
HD02064,6f18cc28-04f2-411d-8e77-8735933ad66c,Nón Lưỡi Trai Unisex Thêu Chữ,Nón,Free Size,Trắng,1,120000,03/09/2025
HD02065,99f07ede-2b19-4f58-949e-3c20b4da9416,Nón Snapback Unisex Streetwear,Nón,Free Size,Xám,2,220000,18/08/2025
HD02065,b9070ded-f7bb-4ae7-8384-31f433f188c1,Quần Jogger Nam Kaki Túi Hộp,Quần,L,Đen,1,350000,18/08/2025
HD02066,c9e6150b-fdf6-4a91-8f2c-d8bab75b9f2b,Hoodie Unisex Local Brand Cực Chất,Áo khoác,M,Nâu,2,399000,11/10/2025
HD02066,591f87ca-ccec-4d04-af4e-fe941c4ee72e,Giày Sneaker Trắng Unisex Streetwear,Giày,42,Trắng,2,650000,11/10/2025
HD02067,bb06c357-8eb3-4ffe-a765-1307de4e19eb,Mũ Len Unisex Mùa Đông Ấm Áp,Nón,Free Size,Xám,1,150000,01/01/2026
HD02067,1d9f44d7-0657-47ec-baf9-659b9bfe2f6d,Áo Len Nam Cổ Lọ Ấm Áp,Áo len,M,Đen,2,520000,01/01/2026
HD02068,1d8256e6-c737-4a4c-86b9-b28f0c3112eb,Áo Sơ Mi Nữ Oxford Trắng,Áo sơ mi,M,Trắng,2,329000,04/04/2025
HD02068,7af62054-cb7c-43d5-8a7a-f6de97b8440d,Blazer Nữ Công Sở Premium,Blazer,S,Trắng,1,820000,04/04/2025
HD02068,2d01e356-ac67-4d6f-83ce-e2c9ad89a55d,Quần Tây Nữ Ống Suông,Quần,L,Đen,2,459000,04/04/2025
HD02069,bb06c357-8eb3-4ffe-a765-1307de4e19eb,Mũ Len Unisex Mùa Đông Ấm Áp,Nón,Free Size,Xám,2,150000,13/08/2025
HD02069,0f6632d3-5cf7-42d2-9157-f13f0084a634,Áo Khoác Nam Denim Classic,Áo khoác,M,Xanh,1,550000,13/08/2025
HD02069,1d9f44d7-0657-47ec-baf9-659b9bfe2f6d,Áo Len Nam Cổ Lọ Ấm Áp,Áo len,M,Đen,2,520000,13/08/2025
HD02070,591f87ca-ccec-4d04-af4e-fe941c4ee72e,Giày Sneaker Trắng Unisex Streetwear,Giày,38,Trắng,1,650000,12/03/2025
HD02070,c9e6150b-fdf6-4a91-8f2c-d8bab75b9f2b,Hoodie Unisex Local Brand Cực Chất,Áo khoác,M,Nâu,1,399000,12/03/2025
HD02071,d756eba2-7d66-4274-b91e-a18e6827f867,Giày Boot Da Nam Chelsea Lịch Lãm,Giày,41,Xám,1,1100000,01/02/2026
HD02071,b73fb852-1dd9-4829-86c6-c6c6f6ca7b73,Túi Tote Vải Unisex Tiện Lợi,Nón,Free Size,Trắng,1,120000,01/02/2026
HD02072,7af62054-cb7c-43d5-8a7a-f6de97b8440d,Blazer Nữ Công Sở Premium,Blazer,L,Trắng,1,820000,01/04/2025
HD02072,2d01e356-ac67-4d6f-83ce-e2c9ad89a55d,Quần Tây Nữ Ống Suông,Quần,M,Đen,2,459000,01/04/2025
HD02072,1d8256e6-c737-4a4c-86b9-b28f0c3112eb,Áo Sơ Mi Nữ Oxford Trắng,Áo sơ mi,M,Trắng,1,329000,01/04/2025
HD02073,f79701c0-468d-45ca-a063-f2c32fead22e,Áo Polo Nam Basic,Áo thun,L,Xanh Navy,2,279000,22/03/2025
HD02073,591f87ca-ccec-4d04-af4e-fe941c4ee72e,Giày Sneaker Trắng Unisex Streetwear,Giày,39,Trắng,2,650000,22/03/2025
HD02074,99f07ede-2b19-4f58-949e-3c20b4da9416,Nón Snapback Unisex Streetwear,Nón,Free Size,Xám,1,220000,14/12/2025
HD02074,8211c7e6-49da-422e-8c8e-61bf0288e356,Áo Thun Nam Oversize Cực Chất,Áo thun,XL,Đen,2,220000,14/12/2025
HD02075,f79701c0-468d-45ca-a063-f2c32fead22e,Áo Polo Nam Basic,Áo thun,S,Xanh Navy,2,279000,15/06/2025
HD02075,565df8e7-d30d-4935-a0a2-bcd5ab5bf4a2,Quần Jeans Nam Slimfit Đen,Quần,30,Đen,2,549000,15/06/2025
HD02076,206646b2-8c77-4e51-b71d-a942c17cbc4b,Quần Short Unisex Dù Gió,Quần,XL,Xanh,2,150000,26/04/2026
HD02076,75a19ddc-3ed9-45f0-9578-73b1935b5ad4,Áo Thun Unisex Oversize Cotton,Áo thun,S,Xám,1,199000,26/04/2026
HD02076,9456490a-db92-4ace-9320-5e745196fa6b,Áo Thun Polo Unisex Oversize,Áo thun,L,Xanh Navy,1,259000,26/04/2026
HD02076,3040b7d2-2bea-4c81-bd8c-2c17927ad9e2,Quần Culottes Nữ,Quần,S,Be,1,379000,26/04/2026
HD02076,5b589295-6165-44f3-840e-bdf84d3c964e,Áo Body Nữ Giữ Nhiệt Bamboo Cổ Tròn,Áo body,S,Đen,1,329000,26/04/2026
HD02077,409dbb70-64f9-445d-b146-33a6ba02b819,Váy Nữ Dự Tiệc Trễ Vai Sang Chảnh,Váy,L,Đỏ,2,690000,20/11/2025
HD02077,c36ca838-024f-462b-b202-e125f17c3a90,Áo Body Nữ Tay Dài Ôm Sát,Áo body,M,Đen,1,299000,20/11/2025
HD02077,db900625-f6c9-41e1-a4eb-2042fcd9496f,Giày Cao Gót Nữ Đế Nhọn Công Sở,Giày,37,Trắng,1,490000,20/11/2025
HD02077,bf8bb740-6ff2-40aa-b164-ac144119c781,Giày Tây Nam Derby Lịch Lãm,Giày,41,Xám,2,990000,20/11/2025
HD02078,f79701c0-468d-45ca-a063-f2c32fead22e,Áo Polo Nam Basic,Áo thun,XL,Xanh Navy,1,279000,25/01/2025
HD02078,591f87ca-ccec-4d04-af4e-fe941c4ee72e,Giày Sneaker Trắng Unisex Streetwear,Giày,40,Trắng,2,650000,25/01/2025
HD02078,565df8e7-d30d-4935-a0a2-bcd5ab5bf4a2,Quần Jeans Nam Slimfit Đen,Quần,32,Đen,1,549000,25/01/2025
HD02079,b9cffddd-aa22-47ea-b376-34ad81004eed,Blazer Nữ Công Sở,Blazer,L,Trắng,2,820000,07/04/2025
HD02079,b518aad8-1fbb-4d46-bc3c-1e531b3b1a8d,Áo Thun Nam Trơn Cổ Tròn,Áo thun,S,Đen,2,150000,07/04/2025
HD02079,4e83e6d5-6bb8-4d62-b032-d8ffc5ee62ef,Quần Jeans Nam Ống Đứng Regular,Quần,31,Xanh đậm,1,529000,07/04/2025
HD02080,b3d420d4-d451-4c61-bd20-6636b4973e09,Cardigan Nữ Len Dệt Kim Kem,Cardigan,M,Be,1,499000,15/11/2025
HD02080,cc14f38d-1c5d-44e4-a577-c2add0a1b47e,Áo Sơ Mi Nữ Linen Kem,Áo sơ mi,M,Be,2,359000,15/11/2025
HD02080,52d573b6-f538-4651-9496-600f187e26cc,Cardigan Nữ Form Rộng Thêu Hoa,Cardigan,L,Nâu,1,480000,15/11/2025
HD02081,8211c7e6-49da-422e-8c8e-61bf0288e356,Áo Thun Nam Oversize Cực Chất,Áo thun,L,Đen,2,220000,17/10/2025
HD02081,b9070ded-f7bb-4ae7-8384-31f433f188c1,Quần Jogger Nam Kaki Túi Hộp,Quần,M,Đen,2,350000,17/10/2025
HD02082,3519fffb-6ea3-4fe0-947e-6d8b8e470b7a,Váy Nữ Maxi Đi Biển Dịu Dàng,Váy,L,Be,2,550000,05/01/2026
HD02082,fba0cb23-9cc9-40ed-a279-a57f1c6ac794,Áo Khoác Nam Bomber,Áo khoác,L,Đen,1,499000,05/01/2026
HD02083,d687bdc0-7bd2-4fb3-b157-ef8d3c1b2135,Quần Jogger Unisex Nỉ Basic,Quần,L,Xám,2,280000,21/11/2025
HD02083,d15def0c-3a31-492a-ac97-382525c2218a,Áo Sweater Unisex Trơn Basic,Áo khoác,XL,Nâu,1,320000,21/11/2025
HD02084,6d9ff3b3-09bc-4a76-b2f0-891905840fe3,Áo Thun Nữ Form Rộng Giấu Quần,Áo thun,L,Trắng,1,160000,14/05/2026
HD02084,3519fffb-6ea3-4fe0-947e-6d8b8e470b7a,Váy Nữ Maxi Đi Biển Dịu Dàng,Váy,L,Be,2,550000,14/05/2026
HD02084,93c3d112-b724-48cb-bee5-b2dcef7f1d55,Áo Khoác Gió Unisex Thể Thao,Áo khoác,XL,Đen,1,350000,14/05/2026
HD02085,773638cb-7eea-46c3-8af4-3bce1ecb5dd2,Áo Polo Nam Công Sở Premium,Áo thun,XL,Xanh Navy,1,350000,10/01/2026
HD02085,bf8bb740-6ff2-40aa-b164-ac144119c781,Giày Tây Nam Derby Lịch Lãm,Giày,39,Xám,1,990000,10/01/2026
HD02085,7a707f6c-7a4b-4392-80c8-475eb6eb4bc8,Quần Tây Nam Lịch Lãm Công Sở,Quần,33,Đen,2,489000,10/01/2026
HD02086,565df8e7-d30d-4935-a0a2-bcd5ab5bf4a2,Quần Jeans Nam Slimfit Đen,Quần,29,Đen,2,549000,25/03/2025
HD02086,f79701c0-468d-45ca-a063-f2c32fead22e,Áo Polo Nam Basic,Áo thun,S,Xanh Navy,1,279000,25/03/2025
HD02087,db900625-f6c9-41e1-a4eb-2042fcd9496f,Giày Cao Gót Nữ Đế Nhọn Công Sở,Giày,36,Trắng,1,490000,05/05/2025
HD02087,c36ca838-024f-462b-b202-e125f17c3a90,Áo Body Nữ Tay Dài Ôm Sát,Áo body,M,Đen,2,299000,05/05/2025
HD02087,409dbb70-64f9-445d-b146-33a6ba02b819,Váy Nữ Dự Tiệc Trễ Vai Sang Chảnh,Váy,M,Đỏ,1,690000,05/05/2025
HD02087,92f492fc-802a-4e3f-9110-cedb91786563,Áo Sơ Mi Nữ Công Sở,Áo sơ mi,XL,Trắng,1,299000,05/05/2025
HD02088,ca7585c8-ddbf-4d1d-a666-37a7b963d906,Balo Unisex Thời Trang Chống Nước,Nón,Free Size,Trắng,2,450000,29/09/2025
HD02088,d687bdc0-7bd2-4fb3-b157-ef8d3c1b2135,Quần Jogger Unisex Nỉ Basic,Quần,XL,Xám,2,280000,29/09/2025
HD02089,bf8bb740-6ff2-40aa-b164-ac144119c781,Giày Tây Nam Derby Lịch Lãm,Giày,42,Xám,1,990000,26/09/2025
HD02089,773638cb-7eea-46c3-8af4-3bce1ecb5dd2,Áo Polo Nam Công Sở Premium,Áo thun,L,Xanh Navy,1,350000,26/09/2025
HD02090,bb06c357-8eb3-4ffe-a765-1307de4e19eb,Mũ Len Unisex Mùa Đông Ấm Áp,Nón,Free Size,Xám,1,150000,19/01/2026
HD02090,0f6632d3-5cf7-42d2-9157-f13f0084a634,Áo Khoác Nam Denim Classic,Áo khoác,M,Xanh,2,550000,19/01/2026
HD02091,565df8e7-d30d-4935-a0a2-bcd5ab5bf4a2,Quần Jeans Nam Slimfit Đen,Quần,29,Đen,1,549000,09/04/2025
HD02091,f79701c0-468d-45ca-a063-f2c32fead22e,Áo Polo Nam Basic,Áo thun,L,Xanh Navy,1,279000,09/04/2025
HD02092,5b589295-6165-44f3-840e-bdf84d3c964e,Áo Body Nữ Giữ Nhiệt Bamboo Cổ Tròn,Áo body,L,Trắng,1,329000,08/05/2026
HD02092,e7988e60-9056-472a-b914-5ab26da5917c,Quần Jeans Nam Rách Gối Streetwear,Quần,30,Xanh nhạt,2,599000,08/05/2026
HD02093,f79701c0-468d-45ca-a063-f2c32fead22e,Áo Polo Nam Basic,Áo thun,XL,Xanh Navy,1,279000,21/11/2025
HD02093,565df8e7-d30d-4935-a0a2-bcd5ab5bf4a2,Quần Jeans Nam Slimfit Đen,Quần,32,Đen,1,549000,21/11/2025
HD02093,b9070ded-f7bb-4ae7-8384-31f433f188c1,Quần Jogger Nam Kaki Túi Hộp,Quần,XL,Đen,1,350000,21/11/2025
HD02094,c9e6150b-fdf6-4a91-8f2c-d8bab75b9f2b,Hoodie Unisex Local Brand Cực Chất,Áo khoác,L,Nâu,2,399000,24/03/2026
HD02094,b8a6d3f1-ad5c-4c5b-adf9-7e766ed462a5,Nón Bucket Unisex Vải Kaki Trơn,Nón,Free Size,Đen,1,150000,24/03/2026
HD02094,591f87ca-ccec-4d04-af4e-fe941c4ee72e,Giày Sneaker Trắng Unisex Streetwear,Giày,42,Trắng,2,650000,24/03/2026
HD02094,9b3e4d7c-96f1-4236-826e-5f32678a9fc4,Quần Jeans Nam,Quần,28,Xanh nhạt,1,549000,24/03/2026
HD02095,8211c7e6-49da-422e-8c8e-61bf0288e356,Áo Thun Nam Oversize Cực Chất,Áo thun,L,Đen,2,220000,04/02/2026
HD02095,b9070ded-f7bb-4ae7-8384-31f433f188c1,Quần Jogger Nam Kaki Túi Hộp,Quần,M,Đen,2,350000,04/02/2026
HD02095,99f07ede-2b19-4f58-949e-3c20b4da9416,Nón Snapback Unisex Streetwear,Nón,Free Size,Xám,1,220000,04/02/2026
HD02096,bb06c357-8eb3-4ffe-a765-1307de4e19eb,Mũ Len Unisex Mùa Đông Ấm Áp,Nón,Free Size,Xám,1,150000,08/04/2025
HD02096,0f6632d3-5cf7-42d2-9157-f13f0084a634,Áo Khoác Nam Denim Classic,Áo khoác,M,Xanh,2,550000,08/04/2025
HD02097,0f6632d3-5cf7-42d2-9157-f13f0084a634,Áo Khoác Nam Denim Classic,Áo khoác,XL,Xanh,1,550000,21/01/2026
HD02097,bb06c357-8eb3-4ffe-a765-1307de4e19eb,Mũ Len Unisex Mùa Đông Ấm Áp,Nón,Free Size,Xám,1,150000,21/01/2026
HD02098,4ef3b541-6c86-4287-8090-28809b3559fe,Giày Chạy Bộ Nam Running Sport,Giày,42,Đen,1,790000,04/04/2025
HD02098,12c3c23d-b26f-4090-b661-3e330f928a84,Nón Thể Thao Unisex,Nón,Free Size,Trắng,2,160000,04/04/2025
HD02099,c36ca838-024f-462b-b202-e125f17c3a90,Áo Body Nữ Tay Dài Ôm Sát,Áo body,M,Đen,1,299000,22/07/2025
HD02099,409dbb70-64f9-445d-b146-33a6ba02b819,Váy Nữ Dự Tiệc Trễ Vai Sang Chảnh,Váy,M,Đỏ,2,690000,22/07/2025
HD02099,db900625-f6c9-41e1-a4eb-2042fcd9496f,Giày Cao Gót Nữ Đế Nhọn Công Sở,Giày,37,Trắng,1,490000,22/07/2025
HD02100,7af62054-cb7c-43d5-8a7a-f6de97b8440d,Blazer Nữ Công Sở Premium,Blazer,S,Trắng,2,820000,01/05/2025
HD02100,2d01e356-ac67-4d6f-83ce-e2c9ad89a55d,Quần Tây Nữ Ống Suông,Quần,S,Đen,1,459000,01/05/2025
HD02100,61017231-ff80-414c-8355-84b4bfd8f3fb,Áo Sơ Mi Nữ Oxford,Áo sơ mi,M,Trắng,1,329000,01/05/2025
HD02101,591f87ca-ccec-4d04-af4e-fe941c4ee72e,Giày Sneaker Trắng Unisex Streetwear,Giày,40,Trắng,2,650000,27/04/2025
HD02101,565df8e7-d30d-4935-a0a2-bcd5ab5bf4a2,Quần Jeans Nam Slimfit Đen,Quần,31,Đen,2,549000,27/04/2025
HD02101,f79701c0-468d-45ca-a063-f2c32fead22e,Áo Polo Nam Basic,Áo thun,XL,Xanh Navy,2,279000,27/04/2025
HD02102,565df8e7-d30d-4935-a0a2-bcd5ab5bf4a2,Quần Jeans Nam Slimfit Đen,Quần,29,Đen,2,549000,24/01/2025
HD02102,591f87ca-ccec-4d04-af4e-fe941c4ee72e,Giày Sneaker Trắng Unisex Streetwear,Giày,40,Trắng,2,650000,24/01/2025
HD02102,f79701c0-468d-45ca-a063-f2c32fead22e,Áo Polo Nam Basic,Áo thun,M,Xanh Navy,1,279000,24/01/2025
HD02103,1d9f44d7-0657-47ec-baf9-659b9bfe2f6d,Áo Len Nam Cổ Lọ Ấm Áp,Áo len,M,Đen,1,520000,07/01/2026
HD02103,0f6632d3-5cf7-42d2-9157-f13f0084a634,Áo Khoác Nam Denim Classic,Áo khoác,M,Xanh,1,550000,07/01/2026
HD02104,2d01e356-ac67-4d6f-83ce-e2c9ad89a55d,Quần Tây Nữ Ống Suông,Quần,M,Đen,2,459000,11/11/2025
HD02104,1d8256e6-c737-4a4c-86b9-b28f0c3112eb,Áo Sơ Mi Nữ Oxford Trắng,Áo sơ mi,L,Trắng,1,329000,11/11/2025
HD02105,8211c7e6-49da-422e-8c8e-61bf0288e356,Áo Thun Nam Oversize Cực Chất,Áo thun,L,Đen,1,220000,09/02/2025
HD02105,b9070ded-f7bb-4ae7-8384-31f433f188c1,Quần Jogger Nam Kaki Túi Hộp,Quần,M,Đen,1,350000,09/02/2025
HD02105,99f07ede-2b19-4f58-949e-3c20b4da9416,Nón Snapback Unisex Streetwear,Nón,Free Size,Xám,1,220000,09/02/2025
HD02105,42027732-03d0-4a71-a42b-eafc03a8cc71,Áo Khoác Blazer Unisex Form Rộng,Blazer,XL,Xám,1,750000,09/02/2025
HD02106,409dbb70-64f9-445d-b146-33a6ba02b819,Váy Nữ Dự Tiệc Trễ Vai Sang Chảnh,Váy,M,Đỏ,2,690000,14/07/2025
HD02106,1d9f44d7-0657-47ec-baf9-659b9bfe2f6d,Áo Len Nam Cổ Lọ Ấm Áp,Áo len,XL,Đen,2,520000,14/07/2025
HD02106,b9cffddd-aa22-47ea-b376-34ad81004eed,Blazer Nữ Công Sở,Blazer,S,Trắng,2,820000,14/07/2025
HD02106,1246b9f6-1cf6-4a6f-a0c4-8f8e34c3e4e8,Giày Running Sport Unisex,Giày,39,Đen,1,790000,14/07/2025
HD02106,3dbb0578-dc6f-4fc7-b609-b0fec9796c29,Áo Thun Unisex Loang Màu Tiedye,Áo thun,XL,Đen,2,210000,14/07/2025
HD02107,e6f18dbb-acb7-46bb-a116-d6111d7b40f8,Quần Jogger Nam Thể Thao Nỉ,Quần,M,Xám,2,320000,06/04/2026
HD02107,12c3c23d-b26f-4090-b661-3e330f928a84,Nón Thể Thao Unisex,Nón,Free Size,Trắng,1,160000,06/04/2026
HD02108,db900625-f6c9-41e1-a4eb-2042fcd9496f,Giày Cao Gót Nữ Đế Nhọn Công Sở,Giày,38,Trắng,2,490000,12/10/2025
HD02108,c36ca838-024f-462b-b202-e125f17c3a90,Áo Body Nữ Tay Dài Ôm Sát,Áo body,S,Đen,1,299000,12/10/2025
HD02109,1d9f44d7-0657-47ec-baf9-659b9bfe2f6d,Áo Len Nam Cổ Lọ Ấm Áp,Áo len,XL,Đen,1,520000,07/05/2026
HD02109,0f6632d3-5cf7-42d2-9157-f13f0084a634,Áo Khoác Nam Denim Classic,Áo khoác,XL,Xanh,1,550000,07/05/2026
HD02110,47321475-4386-4cf5-8b77-af01547cd204,Quần Baggy Nữ Hàn Quốc,Quần,L,Đen,1,429000,09/04/2026
HD02110,cc14f38d-1c5d-44e4-a577-c2add0a1b47e,Áo Sơ Mi Nữ Linen Kem,Áo sơ mi,L,Be,2,359000,09/04/2026
HD02110,b3d420d4-d451-4c61-bd20-6636b4973e09,Cardigan Nữ Len Dệt Kim Kem,Cardigan,M,Be,2,499000,09/04/2026
HD02111,b8a6d3f1-ad5c-4c5b-adf9-7e766ed462a5,Nón Bucket Unisex Vải Kaki Trơn,Nón,Free Size,Đen,1,150000,02/05/2025
HD02111,c9e6150b-fdf6-4a91-8f2c-d8bab75b9f2b,Hoodie Unisex Local Brand Cực Chất,Áo khoác,L,Nâu,2,399000,02/05/2025
HD02112,12c3c23d-b26f-4090-b661-3e330f928a84,Nón Thể Thao Unisex,Nón,Free Size,Trắng,1,160000,08/02/2026
HD02112,4ef3b541-6c86-4287-8090-28809b3559fe,Giày Chạy Bộ Nam Running Sport,Giày,41,Đen,2,790000,08/02/2026
HD02112,e6f18dbb-acb7-46bb-a116-d6111d7b40f8,Quần Jogger Nam Thể Thao Nỉ,Quần,M,Xám,1,320000,08/02/2026
HD02113,4ef3b541-6c86-4287-8090-28809b3559fe,Giày Chạy Bộ Nam Running Sport,Giày,41,Đen,1,790000,24/01/2026
HD02113,12c3c23d-b26f-4090-b661-3e330f928a84,Nón Thể Thao Unisex,Nón,Free Size,Trắng,2,160000,24/01/2026
HD02113,e6f18dbb-acb7-46bb-a116-d6111d7b40f8,Quần Jogger Nam Thể Thao Nỉ,Quần,XL,Xám,2,320000,24/01/2026
HD02114,c36ca838-024f-462b-b202-e125f17c3a90,Áo Body Nữ Tay Dài Ôm Sát,Áo body,S,Đen,1,299000,13/04/2025
HD02114,db900625-f6c9-41e1-a4eb-2042fcd9496f,Giày Cao Gót Nữ Đế Nhọn Công Sở,Giày,37,Trắng,1,490000,13/04/2025
HD02115,565df8e7-d30d-4935-a0a2-bcd5ab5bf4a2,Quần Jeans Nam Slimfit Đen,Quần,30,Đen,1,549000,16/03/2025
HD02115,591f87ca-ccec-4d04-af4e-fe941c4ee72e,Giày Sneaker Trắng Unisex Streetwear,Giày,39,Trắng,2,650000,16/03/2025
HD02115,f79701c0-468d-45ca-a063-f2c32fead22e,Áo Polo Nam Basic,Áo thun,XL,Xanh Navy,2,279000,16/03/2025
HD02115,0537aac5-9d37-4ea1-bee3-5ed3851cc79d,Áo Sơ Mi Nam Vải Linen Xanh,Áo sơ mi,L,Xanh,1,340000,16/03/2025
HD02116,565df8e7-d30d-4935-a0a2-bcd5ab5bf4a2,Quần Jeans Nam Slimfit Đen,Quần,32,Đen,2,549000,10/07/2025
HD02116,591f87ca-ccec-4d04-af4e-fe941c4ee72e,Giày Sneaker Trắng Unisex Streetwear,Giày,38,Trắng,1,650000,10/07/2025
HD02116,f79701c0-468d-45ca-a063-f2c32fead22e,Áo Polo Nam Basic,Áo thun,S,Xanh Navy,1,279000,10/07/2025
HD02117,7a707f6c-7a4b-4392-80c8-475eb6eb4bc8,Quần Tây Nam Lịch Lãm Công Sở,Quần,31,Đen,1,489000,09/05/2025
HD02117,bf8bb740-6ff2-40aa-b164-ac144119c781,Giày Tây Nam Derby Lịch Lãm,Giày,41,Xám,1,990000,09/05/2025
HD02118,591f87ca-ccec-4d04-af4e-fe941c4ee72e,Giày Sneaker Trắng Unisex Streetwear,Giày,42,Trắng,2,650000,29/05/2025
HD02118,c9e6150b-fdf6-4a91-8f2c-d8bab75b9f2b,Hoodie Unisex Local Brand Cực Chất,Áo khoác,L,Nâu,2,399000,29/05/2025
HD02119,c04e8b6a-b8be-4231-9377-710ae7bb8e46,Áo Body Nữ Croptop,Áo body,M,Đen,1,289000,21/07/2025
HD02119,cc14f38d-1c5d-44e4-a577-c2add0a1b47e,Áo Sơ Mi Nữ Linen Kem,Áo sơ mi,M,Be,1,359000,21/07/2025
HD02119,4e83e6d5-6bb8-4d62-b032-d8ffc5ee62ef,Quần Jeans Nam Ống Đứng Regular,Quần,32,Xanh đậm,2,529000,21/07/2025
HD02119,c1e91e52-aef3-48ee-98d1-ddb905271917,Quần Tây Nữ Công Sở,Quần,S,Đen,1,459000,21/07/2025
HD02119,462e9e6e-f5a5-4689-bca8-aa61f7489a66,Hoodie Unisex Nỉ Bông Có Mũ,Áo khoác,L,Xám,1,380000,21/07/2025
HD02120,1d9f44d7-0657-47ec-baf9-659b9bfe2f6d,Áo Len Nam Cổ Lọ Ấm Áp,Áo len,XL,Đen,1,520000,19/04/2026
HD02120,0f6632d3-5cf7-42d2-9157-f13f0084a634,Áo Khoác Nam Denim Classic,Áo khoác,L,Xanh,2,550000,19/04/2026
HD02121,08f8884f-159a-4ac0-956a-63c1d86d3552,Quần short Nam,Quần,XL,Xanh,1,189000,03/12/2025
HD02121,220243e7-0f72-4253-9861-6ff08f57a586,Áo Len Nam Form Rộng,Áo len,L,Xám,2,559000,03/12/2025
HD02121,d756eba2-7d66-4274-b91e-a18e6827f867,Giày Boot Da Nam Chelsea Lịch Lãm,Giày,40,Xám,2,1100000,03/12/2025
HD02121,d15def0c-3a31-492a-ac97-382525c2218a,Áo Sweater Unisex Trơn Basic,Áo khoác,L,Nâu,2,320000,03/12/2025
HD02122,e6f18dbb-acb7-46bb-a116-d6111d7b40f8,Quần Jogger Nam Thể Thao Nỉ,Quần,M,Xám,1,320000,06/11/2025
HD02122,12c3c23d-b26f-4090-b661-3e330f928a84,Nón Thể Thao Unisex,Nón,Free Size,Trắng,1,160000,06/11/2025
HD02123,12c3c23d-b26f-4090-b661-3e330f928a84,Nón Thể Thao Unisex,Nón,Free Size,Trắng,2,160000,26/03/2026
HD02123,e6f18dbb-acb7-46bb-a116-d6111d7b40f8,Quần Jogger Nam Thể Thao Nỉ,Quần,M,Xám,1,320000,26/03/2026
HD02123,4ef3b541-6c86-4287-8090-28809b3559fe,Giày Chạy Bộ Nam Running Sport,Giày,40,Đen,1,790000,26/03/2026
HD02124,5fe8aacd-2167-47c0-925f-693248a365fe,Giày Slip On Unisex,Giày,41,Đen,1,499000,16/03/2026
HD02124,6e959b97-7e1c-49d4-a62d-1d3bdaa3a97c,Áo Len Nam Hàn Quốc,Áo len,M,Nâu,1,499000,16/03/2026
HD02124,2840661b-b758-4365-9ddb-51837e109ce7,Áo Thun Nam Local Brand,Áo thun,S,Xám,1,199000,16/03/2026
HD02125,1d9f44d7-0657-47ec-baf9-659b9bfe2f6d,Áo Len Nam Cổ Lọ Ấm Áp,Áo len,M,Đen,2,520000,03/12/2025
HD02125,bb06c357-8eb3-4ffe-a765-1307de4e19eb,Mũ Len Unisex Mùa Đông Ấm Áp,Nón,Free Size,Xám,1,150000,03/12/2025
HD02125,0f6632d3-5cf7-42d2-9157-f13f0084a634,Áo Khoác Nam Denim Classic,Áo khoác,L,Xanh,2,550000,03/12/2025
HD02126,c9e6150b-fdf6-4a91-8f2c-d8bab75b9f2b,Hoodie Unisex Local Brand Cực Chất,Áo khoác,M,Nâu,1,399000,03/05/2026
HD02126,b8a6d3f1-ad5c-4c5b-adf9-7e766ed462a5,Nón Bucket Unisex Vải Kaki Trơn,Nón,Free Size,Đen,1,150000,03/05/2026
HD02126,591f87ca-ccec-4d04-af4e-fe941c4ee72e,Giày Sneaker Trắng Unisex Streetwear,Giày,42,Trắng,2,650000,03/05/2026
HD02126,e0f136c6-62be-4f5c-a912-54349bbee80a,Chân Váy Nữ Midi Xếp Ly,Váy,L,Đen,1,320000,03/05/2026
HD02127,591f87ca-ccec-4d04-af4e-fe941c4ee72e,Giày Sneaker Trắng Unisex Streetwear,Giày,40,Trắng,2,650000,03/11/2025
HD02127,565df8e7-d30d-4935-a0a2-bcd5ab5bf4a2,Quần Jeans Nam Slimfit Đen,Quần,31,Đen,1,549000,03/11/2025
HD02128,d15def0c-3a31-492a-ac97-382525c2218a,Áo Sweater Unisex Trơn Basic,Áo khoác,M,Nâu,2,320000,20/01/2025
HD02128,d687bdc0-7bd2-4fb3-b157-ef8d3c1b2135,Quần Jogger Unisex Nỉ Basic,Quần,M,Xám,1,280000,20/01/2025
HD02129,c9e6150b-fdf6-4a91-8f2c-d8bab75b9f2b,Hoodie Unisex Local Brand Cực Chất,Áo khoác,XL,Nâu,2,399000,11/12/2025
HD02129,b8a6d3f1-ad5c-4c5b-adf9-7e766ed462a5,Nón Bucket Unisex Vải Kaki Trơn,Nón,Free Size,Đen,2,150000,11/12/2025
HD02130,1d9f44d7-0657-47ec-baf9-659b9bfe2f6d,Áo Len Nam Cổ Lọ Ấm Áp,Áo len,M,Đen,1,520000,21/10/2025
HD02130,0f6632d3-5cf7-42d2-9157-f13f0084a634,Áo Khoác Nam Denim Classic,Áo khoác,M,Xanh,1,550000,21/10/2025
HD02131,2d01e356-ac67-4d6f-83ce-e2c9ad89a55d,Quần Tây Nữ Ống Suông,Quần,M,Đen,1,459000,12/12/2025
HD02131,7af62054-cb7c-43d5-8a7a-f6de97b8440d,Blazer Nữ Công Sở Premium,Blazer,L,Trắng,2,820000,12/12/2025
HD02132,99f07ede-2b19-4f58-949e-3c20b4da9416,Nón Snapback Unisex Streetwear,Nón,Free Size,Xám,1,220000,30/01/2025
HD02132,b9070ded-f7bb-4ae7-8384-31f433f188c1,Quần Jogger Nam Kaki Túi Hộp,Quần,L,Đen,2,350000,30/01/2025
HD02133,47321475-4386-4cf5-8b77-af01547cd204,Quần Baggy Nữ Hàn Quốc,Quần,M,Đen,2,429000,05/01/2025
HD02133,b3d420d4-d451-4c61-bd20-6636b4973e09,Cardigan Nữ Len Dệt Kim Kem,Cardigan,S,Be,1,499000,05/01/2025
HD02133,cc14f38d-1c5d-44e4-a577-c2add0a1b47e,Áo Sơ Mi Nữ Linen Kem,Áo sơ mi,M,Be,1,359000,05/01/2025
HD02134,b3d420d4-d451-4c61-bd20-6636b4973e09,Cardigan Nữ Len Dệt Kim Kem,Cardigan,S,Be,2,499000,20/11/2025
HD02134,47321475-4386-4cf5-8b77-af01547cd204,Quần Baggy Nữ Hàn Quốc,Quần,S,Đen,2,429000,20/11/2025
HD02134,6567b83c-7707-4f60-b9df-577208962783,Blazer Nữ Kẻ Caro Phong Cách Hàn,Blazer,S,Xám,1,850000,20/11/2025
HD02135,ca7585c8-ddbf-4d1d-a666-37a7b963d906,Balo Unisex Thời Trang Chống Nước,Nón,Free Size,Trắng,1,450000,16/04/2025
HD02135,d15def0c-3a31-492a-ac97-382525c2218a,Áo Sweater Unisex Trơn Basic,Áo khoác,XL,Nâu,1,320000,16/04/2025
HD02136,d15def0c-3a31-492a-ac97-382525c2218a,Áo Sweater Unisex Trơn Basic,Áo khoác,XL,Nâu,1,320000,18/07/2025
HD02136,ca7585c8-ddbf-4d1d-a666-37a7b963d906,Balo Unisex Thời Trang Chống Nước,Nón,Free Size,Trắng,1,450000,18/07/2025
HD02136,d687bdc0-7bd2-4fb3-b157-ef8d3c1b2135,Quần Jogger Unisex Nỉ Basic,Quần,M,Xám,1,280000,18/07/2025
HD02137,42df8548-dbbf-40a4-a6f2-f989e10394fd,Blazer Nữ Hàn Quốc,Blazer,L,Kem,2,790000,25/04/2026
HD02137,41ba1486-c8ed-42ba-8e21-a7baaaf113a7,Quần Short Nữ,Quần,L,Xanh,1,259000,25/04/2026
HD02137,92f492fc-802a-4e3f-9110-cedb91786563,Áo Sơ Mi Nữ Công Sở,Áo sơ mi,M,Trắng,2,299000,25/04/2026
HD02138,bb06c357-8eb3-4ffe-a765-1307de4e19eb,Mũ Len Unisex Mùa Đông Ấm Áp,Nón,Free Size,Xám,2,150000,04/09/2025
HD02138,0f6632d3-5cf7-42d2-9157-f13f0084a634,Áo Khoác Nam Denim Classic,Áo khoác,L,Xanh,1,550000,04/09/2025
HD02139,cc14f38d-1c5d-44e4-a577-c2add0a1b47e,Áo Sơ Mi Nữ Linen Kem,Áo sơ mi,L,Be,2,359000,30/10/2025
HD02139,47321475-4386-4cf5-8b77-af01547cd204,Quần Baggy Nữ Hàn Quốc,Quần,L,Đen,2,429000,30/10/2025
HD02140,33732f38-6563-44e9-a85f-09fcdda0aa6f,Blazer Nữ Dáng Ngắn Thời Thượng,Blazer,S,Be,2,790000,11/11/2025
HD02140,306ab081-eb9c-4df5-8b30-1f55f1daa354,Quần Kaki Nam Short Casual,Quần,M,Đen,1,249000,11/11/2025
HD02140,e7a2f4b5-bf3f-47e0-b981-e6142607b6bc,Giày Chunky Sneaker Unisex,Giày,41,Trắng,1,850000,11/11/2025
HD02140,a7c450bf-193d-4223-b178-523acdd5ce71,Quần Kaki Nam Dáng Suông,Quần,31,Kem,2,389000,11/11/2025
HD02140,c90322dd-72a9-41d6-bbd0-c581d78ab911,Giày Sneaker Trắng Unisex,Giày,39,Trắng,1,650000,11/11/2025
HD02141,591f87ca-ccec-4d04-af4e-fe941c4ee72e,Giày Sneaker Trắng Unisex Streetwear,Giày,40,Trắng,1,650000,22/05/2025
HD02141,565df8e7-d30d-4935-a0a2-bcd5ab5bf4a2,Quần Jeans Nam Slimfit Đen,Quần,29,Đen,2,549000,22/05/2025
HD02141,f79701c0-468d-45ca-a063-f2c32fead22e,Áo Polo Nam Basic,Áo thun,M,Xanh Navy,1,279000,22/05/2025
HD02142,7af62054-cb7c-43d5-8a7a-f6de97b8440d,Blazer Nữ Công Sở Premium,Blazer,S,Trắng,2,820000,18/04/2026
HD02142,1d8256e6-c737-4a4c-86b9-b28f0c3112eb,Áo Sơ Mi Nữ Oxford Trắng,Áo sơ mi,L,Trắng,1,329000,18/04/2026
HD02142,2d01e356-ac67-4d6f-83ce-e2c9ad89a55d,Quần Tây Nữ Ống Suông,Quần,L,Đen,2,459000,18/04/2026
HD02143,1d8256e6-c737-4a4c-86b9-b28f0c3112eb,Áo Sơ Mi Nữ Oxford Trắng,Áo sơ mi,M,Trắng,1,329000,25/12/2025
HD02143,2d01e356-ac67-4d6f-83ce-e2c9ad89a55d,Quần Tây Nữ Ống Suông,Quần,S,Đen,2,459000,25/12/2025
HD02143,7af62054-cb7c-43d5-8a7a-f6de97b8440d,Blazer Nữ Công Sở Premium,Blazer,S,Trắng,2,820000,25/12/2025
HD02144,409dbb70-64f9-445d-b146-33a6ba02b819,Váy Nữ Dự Tiệc Trễ Vai Sang Chảnh,Váy,L,Đỏ,2,690000,23/03/2026
HD02144,db900625-f6c9-41e1-a4eb-2042fcd9496f,Giày Cao Gót Nữ Đế Nhọn Công Sở,Giày,39,Trắng,1,490000,23/03/2026
HD02145,85f5b187-a705-4316-b553-16ca69de626b,Áo len phong cách cho nam,Áo len,L,Navy,2,789000,17/02/2025
HD02145,81735139-02ec-4da6-aa6b-74780cb71167,Áo Sơ Mi Nữ Voan Lụa Công Sở,Áo sơ mi,L,Trắng,2,380000,17/02/2025
HD02145,52f6d247-50fb-43f7-ab47-14cc9380a683,Áo Sơ Mi Nam Cổ Tàu Casual,Áo sơ mi,XL,Nâu,2,299000,17/02/2025
HD02145,95eb8021-2598-4aeb-92e1-99f5e709c28c,Cardigan Nữ Hàn Quốc,Cardigan,L,Đen,2,430000,17/02/2025
HD02146,4ef3b541-6c86-4287-8090-28809b3559fe,Giày Chạy Bộ Nam Running Sport,Giày,41,Đen,1,790000,07/11/2025
HD02146,e6f18dbb-acb7-46bb-a116-d6111d7b40f8,Quần Jogger Nam Thể Thao Nỉ,Quần,L,Xám,1,320000,07/11/2025
HD02146,12c3c23d-b26f-4090-b661-3e330f928a84,Nón Thể Thao Unisex,Nón,Free Size,Trắng,2,160000,07/11/2025
HD02147,7a707f6c-7a4b-4392-80c8-475eb6eb4bc8,Quần Tây Nam Lịch Lãm Công Sở,Quần,30,Đen,1,489000,27/03/2025
HD02147,bf8bb740-6ff2-40aa-b164-ac144119c781,Giày Tây Nam Derby Lịch Lãm,Giày,42,Xám,2,990000,27/03/2025
HD02147,ac85d49f-37a3-47d2-9850-04adc3abecfb,Mắt Kính Unisex Chống Tia UV,Nón,Free Size,Đen,1,290000,27/03/2025
HD02148,1d9f44d7-0657-47ec-baf9-659b9bfe2f6d,Áo Len Nam Cổ Lọ Ấm Áp,Áo len,L,Đen,1,520000,14/04/2025
HD02148,20b29c90-bea4-432c-ac66-0b72cbccdf6a,Áo Sơ Mi Nữ Linen,Áo sơ mi,M,Be,2,359000,14/04/2025
HD02148,3dbb0578-dc6f-4fc7-b609-b0fec9796c29,Áo Thun Unisex Loang Màu Tiedye,Áo thun,XL,Đen,2,210000,14/04/2025
HD02148,7a29452a-b709-4fb1-8dd9-a5d8e53fa194,Váy Nữ Dài,Váy,L,Xanh,1,459000,14/04/2025
HD02148,7cdfc8c2-6d7e-4c07-9981-f669040ff7a9,Áo Khoác Gió Nam Chống Nước,Áo khoác,XL,Đen,1,450000,14/04/2025
HD02149,591f87ca-ccec-4d04-af4e-fe941c4ee72e,Giày Sneaker Trắng Unisex Streetwear,Giày,39,Trắng,1,650000,15/03/2025
HD02149,b8a6d3f1-ad5c-4c5b-adf9-7e766ed462a5,Nón Bucket Unisex Vải Kaki Trơn,Nón,Free Size,Đen,1,150000,15/03/2025
HD02150,cc14f38d-1c5d-44e4-a577-c2add0a1b47e,Áo Sơ Mi Nữ Linen Kem,Áo sơ mi,S,Be,1,359000,27/04/2025
HD02150,e1fb3fad-6974-423e-b5e0-33e5c3f7a559,Áo Khoác Nam Varsity,Áo khoác,L,Đen Trắng,1,639000,27/04/2025
HD02150,206646b2-8c77-4e51-b71d-a942c17cbc4b,Quần Short Unisex Dù Gió,Quần,M,Xanh,2,150000,27/04/2025
HD02150,4bdea4f1-6aa9-4f3d-99e7-1c679695c149,Cardigan Nữ Dệt Kim,Cardigan,L,Be,1,499000,27/04/2025
HD02151,7a707f6c-7a4b-4392-80c8-475eb6eb4bc8,Quần Tây Nam Lịch Lãm Công Sở,Quần,33,Đen,2,489000,27/04/2026
HD02151,42df8548-dbbf-40a4-a6f2-f989e10394fd,Blazer Nữ Hàn Quốc,Blazer,M,Kem,2,790000,27/04/2026
HD02151,fc61ed45-ce98-480f-a519-02961cff9b10,Giày Chạy Bộ Nữ Siêu Nhẹ,Giày,36,Đen,1,750000,27/04/2026
HD02151,3dbb0578-dc6f-4fc7-b609-b0fec9796c29,Áo Thun Unisex Loang Màu Tiedye,Áo thun,M,Đen,2,210000,27/04/2026
HD02151,f905c3e5-b9ef-496a-9516-a5cd2ae75514,Áo Hoodie Unisex Basic,Áo khoác,L,Đen,2,399000,27/04/2026
HD02152,1d9f44d7-0657-47ec-baf9-659b9bfe2f6d,Áo Len Nam Cổ Lọ Ấm Áp,Áo len,M,Đen,1,520000,20/09/2025
HD02152,0f6632d3-5cf7-42d2-9157-f13f0084a634,Áo Khoác Nam Denim Classic,Áo khoác,M,Xanh,2,550000,20/09/2025
HD02152,bb06c357-8eb3-4ffe-a765-1307de4e19eb,Mũ Len Unisex Mùa Đông Ấm Áp,Nón,Free Size,Xám,1,150000,20/09/2025
HD02153,7a707f6c-7a4b-4392-80c8-475eb6eb4bc8,Quần Tây Nam Lịch Lãm Công Sở,Quần,31,Đen,1,489000,23/10/2025
HD02153,773638cb-7eea-46c3-8af4-3bce1ecb5dd2,Áo Polo Nam Công Sở Premium,Áo thun,XXL,Xanh Navy,2,350000,23/10/2025
HD02153,c04e8b6a-b8be-4231-9377-710ae7bb8e46,Áo Body Nữ Croptop,Áo body,M,Đen,1,289000,23/10/2025
HD02154,c36ca838-024f-462b-b202-e125f17c3a90,Áo Body Nữ Tay Dài Ôm Sát,Áo body,S,Đen,1,299000,03/01/2026
HD02154,409dbb70-64f9-445d-b146-33a6ba02b819,Váy Nữ Dự Tiệc Trễ Vai Sang Chảnh,Váy,M,Đỏ,1,690000,03/01/2026
HD02154,db900625-f6c9-41e1-a4eb-2042fcd9496f,Giày Cao Gót Nữ Đế Nhọn Công Sở,Giày,37,Trắng,1,490000,03/01/2026
HD02155,c9e6150b-fdf6-4a91-8f2c-d8bab75b9f2b,Hoodie Unisex Local Brand Cực Chất,Áo khoác,L,Nâu,2,399000,06/03/2026
HD02155,b8a6d3f1-ad5c-4c5b-adf9-7e766ed462a5,Nón Bucket Unisex Vải Kaki Trơn,Nón,Free Size,Đen,1,150000,06/03/2026
HD02156,93c3d112-b724-48cb-bee5-b2dcef7f1d55,Áo Khoác Gió Unisex Thể Thao,Áo khoác,XL,Đen,1,350000,09/01/2025
HD02156,872f179f-f0d5-4bcd-a90e-d10870eac50d,Giày Boot Da Nữ Cổ Cao Cá Tính,Giày,39,Trắng,1,890000,09/01/2025
HD02156,92f492fc-802a-4e3f-9110-cedb91786563,Áo Sơ Mi Nữ Công Sở,Áo sơ mi,L,Xanh,1,299000,09/01/2025
HD02156,23cbc0c9-3f70-46ca-82e3-35767699a754,Giày Slip On Unisex Vải Canvas,Giày,37,Đen,1,399000,09/01/2025
HD02156,fba0cb23-9cc9-40ed-a279-a57f1c6ac794,Áo Khoác Nam Bomber,Áo khoác,L,Đen,1,499000,09/01/2025
HD02157,d15def0c-3a31-492a-ac97-382525c2218a,Áo Sweater Unisex Trơn Basic,Áo khoác,L,Nâu,2,320000,12/02/2026
HD02157,d687bdc0-7bd2-4fb3-b157-ef8d3c1b2135,Quần Jogger Unisex Nỉ Basic,Quần,M,Xám,2,280000,12/02/2026
HD02157,ca7585c8-ddbf-4d1d-a666-37a7b963d906,Balo Unisex Thời Trang Chống Nước,Nón,Free Size,Trắng,2,450000,12/02/2026
HD02158,2d01e356-ac67-4d6f-83ce-e2c9ad89a55d,Quần Tây Nữ Ống Suông,Quần,S,Đen,2,459000,19/03/2025
HD02158,206646b2-8c77-4e51-b71d-a942c17cbc4b,Quần Short Unisex Dù Gió,Quần,M,Xanh,1,150000,19/03/2025
HD02158,08f8884f-159a-4ac0-956a-63c1d86d3552,Quần short Nam,Quần,XL,Xanh,2,189000,19/03/2025
HD02158,538c2225-906f-42c8-8875-c759a7017d20,Áo Sweater Unisex Cổ Tròn Nỉ,Áo khoác,XL,Nâu,2,310000,19/03/2025
HD02159,b9070ded-f7bb-4ae7-8384-31f433f188c1,Quần Jogger Nam Kaki Túi Hộp,Quần,L,Đen,1,350000,24/02/2025
HD02159,8211c7e6-49da-422e-8c8e-61bf0288e356,Áo Thun Nam Oversize Cực Chất,Áo thun,XL,Đen,1,220000,24/02/2025
HD02159,99f07ede-2b19-4f58-949e-3c20b4da9416,Nón Snapback Unisex Streetwear,Nón,Free Size,Xám,1,220000,24/02/2025
HD02160,7af62054-cb7c-43d5-8a7a-f6de97b8440d,Blazer Nữ Công Sở Premium,Blazer,S,Trắng,1,820000,02/08/2025
HD02160,1d8256e6-c737-4a4c-86b9-b28f0c3112eb,Áo Sơ Mi Nữ Oxford Trắng,Áo sơ mi,S,Trắng,2,329000,02/08/2025
HD02160,2d01e356-ac67-4d6f-83ce-e2c9ad89a55d,Quần Tây Nữ Ống Suông,Quần,L,Đen,1,459000,02/08/2025
HD02161,1d9f44d7-0657-47ec-baf9-659b9bfe2f6d,Áo Len Nam Cổ Lọ Ấm Áp,Áo len,L,Đen,2,520000,26/06/2025
HD02161,0f6632d3-5cf7-42d2-9157-f13f0084a634,Áo Khoác Nam Denim Classic,Áo khoác,L,Xanh,2,550000,26/06/2025
HD02161,bb06c357-8eb3-4ffe-a765-1307de4e19eb,Mũ Len Unisex Mùa Đông Ấm Áp,Nón,Free Size,Xám,2,150000,26/06/2025
HD02162,bf8bb740-6ff2-40aa-b164-ac144119c781,Giày Tây Nam Derby Lịch Lãm,Giày,39,Xám,1,990000,01/02/2025
HD02162,773638cb-7eea-46c3-8af4-3bce1ecb5dd2,Áo Polo Nam Công Sở Premium,Áo thun,S,Xanh Navy,1,350000,01/02/2025
HD02163,cc14f38d-1c5d-44e4-a577-c2add0a1b47e,Áo Sơ Mi Nữ Linen Kem,Áo sơ mi,M,Be,2,359000,07/08/2025
HD02163,b3d420d4-d451-4c61-bd20-6636b4973e09,Cardigan Nữ Len Dệt Kim Kem,Cardigan,L,Be,1,499000,07/08/2025
HD02163,47321475-4386-4cf5-8b77-af01547cd204,Quần Baggy Nữ Hàn Quốc,Quần,S,Đen,2,429000,07/08/2025
HD02164,7a1e5705-4b19-42f7-a7ec-504fb2481cc2,Thắt Lưng Da Nam Khóa Tự Động,Nón,Free Size,Đen,1,350000,30/11/2025
HD02164,7cdfc8c2-6d7e-4c07-9981-f669040ff7a9,Áo Khoác Gió Nam Chống Nước,Áo khoác,XL,Đen,2,450000,30/11/2025
HD02164,8211c7e6-49da-422e-8c8e-61bf0288e356,Áo Thun Nam Oversize Cực Chất,Áo thun,M,Đen,2,220000,30/11/2025
HD02164,206646b2-8c77-4e51-b71d-a942c17cbc4b,Quần Short Unisex Dù Gió,Quần,M,Xanh,1,150000,30/11/2025
HD02164,2139d828-a4c0-4f2e-90e4-3cfb3420bf70,Bộ Vest Nam Cao Cấp Sang Trọng,Blazer,L,Đen,1,1500000,30/11/2025
HD02165,bb06c357-8eb3-4ffe-a765-1307de4e19eb,Mũ Len Unisex Mùa Đông Ấm Áp,Nón,Free Size,Xám,1,150000,07/05/2025
HD02165,1d9f44d7-0657-47ec-baf9-659b9bfe2f6d,Áo Len Nam Cổ Lọ Ấm Áp,Áo len,M,Đen,2,520000,07/05/2025
HD02166,d15def0c-3a31-492a-ac97-382525c2218a,Áo Sweater Unisex Trơn Basic,Áo khoác,XL,Nâu,1,320000,14/07/2025
HD02166,d687bdc0-7bd2-4fb3-b157-ef8d3c1b2135,Quần Jogger Unisex Nỉ Basic,Quần,M,Xám,1,280000,14/07/2025
HD02166,ca7585c8-ddbf-4d1d-a666-37a7b963d906,Balo Unisex Thời Trang Chống Nước,Nón,Free Size,Trắng,2,450000,14/07/2025
HD02167,591f87ca-ccec-4d04-af4e-fe941c4ee72e,Giày Sneaker Trắng Unisex Streetwear,Giày,38,Trắng,1,650000,06/05/2026
HD02167,f79701c0-468d-45ca-a063-f2c32fead22e,Áo Polo Nam Basic,Áo thun,L,Xanh Navy,1,279000,06/05/2026
HD02168,d687bdc0-7bd2-4fb3-b157-ef8d3c1b2135,Quần Jogger Unisex Nỉ Basic,Quần,L,Xám,1,280000,05/12/2025
HD02168,ca7585c8-ddbf-4d1d-a666-37a7b963d906,Balo Unisex Thời Trang Chống Nước,Nón,Free Size,Trắng,2,450000,05/12/2025
HD02169,d15def0c-3a31-492a-ac97-382525c2218a,Áo Sweater Unisex Trơn Basic,Áo khoác,L,Nâu,1,320000,14/10/2025
HD02169,ca7585c8-ddbf-4d1d-a666-37a7b963d906,Balo Unisex Thời Trang Chống Nước,Nón,Free Size,Trắng,2,450000,14/10/2025
HD02170,ca7585c8-ddbf-4d1d-a666-37a7b963d906,Balo Unisex Thời Trang Chống Nước,Nón,Free Size,Trắng,2,450000,06/01/2025
HD02170,d15def0c-3a31-492a-ac97-382525c2218a,Áo Sweater Unisex Trơn Basic,Áo khoác,XL,Nâu,2,320000,06/01/2025
HD02171,409dbb70-64f9-445d-b146-33a6ba02b819,Váy Nữ Dự Tiệc Trễ Vai Sang Chảnh,Váy,M,Đỏ,1,690000,23/05/2025
HD02171,c36ca838-024f-462b-b202-e125f17c3a90,Áo Body Nữ Tay Dài Ôm Sát,Áo body,L,Đen,2,299000,23/05/2025
HD02171,db900625-f6c9-41e1-a4eb-2042fcd9496f,Giày Cao Gót Nữ Đế Nhọn Công Sở,Giày,35,Trắng,1,490000,23/05/2025
HD02172,8211c7e6-49da-422e-8c8e-61bf0288e356,Áo Thun Nam Oversize Cực Chất,Áo thun,XL,Đen,2,220000,31/07/2025
HD02172,99f07ede-2b19-4f58-949e-3c20b4da9416,Nón Snapback Unisex Streetwear,Nón,Free Size,Xám,2,220000,31/07/2025
HD02173,565df8e7-d30d-4935-a0a2-bcd5ab5bf4a2,Quần Jeans Nam Slimfit Đen,Quần,30,Đen,2,549000,08/02/2026
HD02173,591f87ca-ccec-4d04-af4e-fe941c4ee72e,Giày Sneaker Trắng Unisex Streetwear,Giày,39,Trắng,2,650000,08/02/2026
HD02173,f79701c0-468d-45ca-a063-f2c32fead22e,Áo Polo Nam Basic,Áo thun,M,Xanh Navy,1,279000,08/02/2026
HD02174,12c3c23d-b26f-4090-b661-3e330f928a84,Nón Thể Thao Unisex,Nón,Free Size,Trắng,1,160000,23/09/2025
HD02174,e6f18dbb-acb7-46bb-a116-d6111d7b40f8,Quần Jogger Nam Thể Thao Nỉ,Quần,M,Xám,1,320000,23/09/2025
HD02174,4ef3b541-6c86-4287-8090-28809b3559fe,Giày Chạy Bộ Nam Running Sport,Giày,41,Đen,2,790000,23/09/2025
HD02175,ca7585c8-ddbf-4d1d-a666-37a7b963d906,Balo Unisex Thời Trang Chống Nước,Nón,Free Size,Trắng,1,450000,11/02/2026
HD02175,d15def0c-3a31-492a-ac97-382525c2218a,Áo Sweater Unisex Trơn Basic,Áo khoác,L,Nâu,1,320000,11/02/2026
HD02175,d687bdc0-7bd2-4fb3-b157-ef8d3c1b2135,Quần Jogger Unisex Nỉ Basic,Quần,M,Xám,1,280000,11/02/2026
HD02176,1d9f44d7-0657-47ec-baf9-659b9bfe2f6d,Áo Len Nam Cổ Lọ Ấm Áp,Áo len,XL,Đen,2,520000,24/02/2025
HD02176,bb06c357-8eb3-4ffe-a765-1307de4e19eb,Mũ Len Unisex Mùa Đông Ấm Áp,Nón,Free Size,Xám,2,150000,24/02/2025
HD02176,0f6632d3-5cf7-42d2-9157-f13f0084a634,Áo Khoác Nam Denim Classic,Áo khoác,XL,Xanh,1,550000,24/02/2025
HD02177,591f87ca-ccec-4d04-af4e-fe941c4ee72e,Giày Sneaker Trắng Unisex Streetwear,Giày,40,Trắng,1,650000,02/04/2025
HD02177,565df8e7-d30d-4935-a0a2-bcd5ab5bf4a2,Quần Jeans Nam Slimfit Đen,Quần,30,Đen,2,549000,02/04/2025
HD02177,f79701c0-468d-45ca-a063-f2c32fead22e,Áo Polo Nam Basic,Áo thun,S,Xanh Navy,1,279000,02/04/2025
HD02178,898c5b5f-febc-4b99-837c-f9d94f5e2e07,Váy Nữ Suông Linen Thoải Mái,Váy,M,Xanh,2,420000,17/05/2025
HD02178,42df8548-dbbf-40a4-a6f2-f989e10394fd,Blazer Nữ Hàn Quốc,Blazer,M,Kem,2,790000,17/05/2025
HD02179,1d9f44d7-0657-47ec-baf9-659b9bfe2f6d,Áo Len Nam Cổ Lọ Ấm Áp,Áo len,XL,Đen,1,520000,27/07/2025
HD02179,0f6632d3-5cf7-42d2-9157-f13f0084a634,Áo Khoác Nam Denim Classic,Áo khoác,M,Xanh,2,550000,27/07/2025
HD02180,740d378a-17ab-4db0-aa7b-961840cb0ad8,Blazer Nữ Premium,Blazer,XL,Đen,1,990000,08/06/2025
HD02180,cc14f38d-1c5d-44e4-a577-c2add0a1b47e,Áo Sơ Mi Nữ Linen Kem,Áo sơ mi,L,Be,2,359000,08/06/2025
HD02181,c9e6150b-fdf6-4a91-8f2c-d8bab75b9f2b,Hoodie Unisex Local Brand Cực Chất,Áo khoác,L,Nâu,2,399000,26/01/2025
HD02181,b8a6d3f1-ad5c-4c5b-adf9-7e766ed462a5,Nón Bucket Unisex Vải Kaki Trơn,Nón,Free Size,Đen,1,150000,26/01/2025
HD02182,1d8256e6-c737-4a4c-86b9-b28f0c3112eb,Áo Sơ Mi Nữ Oxford Trắng,Áo sơ mi,L,Trắng,2,329000,01/02/2025
HD02182,2d01e356-ac67-4d6f-83ce-e2c9ad89a55d,Quần Tây Nữ Ống Suông,Quần,M,Đen,2,459000,01/02/2025
HD02183,1d9f44d7-0657-47ec-baf9-659b9bfe2f6d,Áo Len Nam Cổ Lọ Ấm Áp,Áo len,M,Đen,2,520000,16/11/2025
HD02183,bb06c357-8eb3-4ffe-a765-1307de4e19eb,Mũ Len Unisex Mùa Đông Ấm Áp,Nón,Free Size,Xám,2,150000,16/11/2025
HD02183,0f6632d3-5cf7-42d2-9157-f13f0084a634,Áo Khoác Nam Denim Classic,Áo khoác,XL,Xanh,1,550000,16/11/2025
HD02183,dc8af6b0-89d3-409a-98db-fb01be893d15,Giày Sneaker Da Lộn Unisex,Giày,41,Trắng,1,720000,16/11/2025
HD02184,7af62054-cb7c-43d5-8a7a-f6de97b8440d,Blazer Nữ Công Sở Premium,Blazer,S,Trắng,2,820000,02/11/2025
HD02184,2d01e356-ac67-4d6f-83ce-e2c9ad89a55d,Quần Tây Nữ Ống Suông,Quần,S,Đen,2,459000,02/11/2025
HD02185,1d9f44d7-0657-47ec-baf9-659b9bfe2f6d,Áo Len Nam Cổ Lọ Ấm Áp,Áo len,L,Đen,2,520000,17/09/2025
HD02185,0f6632d3-5cf7-42d2-9157-f13f0084a634,Áo Khoác Nam Denim Classic,Áo khoác,M,Xanh,1,550000,17/09/2025
HD02186,b9070ded-f7bb-4ae7-8384-31f433f188c1,Quần Jogger Nam Kaki Túi Hộp,Quần,L,Đen,2,350000,05/03/2025
HD02186,46605dff-a9ed-41df-a46a-88d80a783e20,Nón Lưỡi Trai Cao Cấp Unisex,Nón,Free Size,Navy,2,250000,05/03/2025
HD02186,2aad4182-f5b2-4e66-a70b-32fe3626ae38,Nón Bucket Basic Unisex,Nón,Free Size,Đen,2,180000,05/03/2025
HD02187,b3d420d4-d451-4c61-bd20-6636b4973e09,Cardigan Nữ Len Dệt Kim Kem,Cardigan,M,Be,1,499000,12/05/2026
HD02187,cc14f38d-1c5d-44e4-a577-c2add0a1b47e,Áo Sơ Mi Nữ Linen Kem,Áo sơ mi,M,Be,2,359000,12/05/2026
HD02188,f79701c0-468d-45ca-a063-f2c32fead22e,Áo Polo Nam Basic,Áo thun,L,Xanh Navy,1,279000,07/04/2026
HD02188,591f87ca-ccec-4d04-af4e-fe941c4ee72e,Giày Sneaker Trắng Unisex Streetwear,Giày,38,Trắng,2,650000,07/04/2026
HD02188,565df8e7-d30d-4935-a0a2-bcd5ab5bf4a2,Quần Jeans Nam Slimfit Đen,Quần,29,Đen,1,549000,07/04/2026
HD02189,f79701c0-468d-45ca-a063-f2c32fead22e,Áo Polo Nam Basic,Áo thun,S,Xanh Navy,1,279000,16/09/2025
HD02189,4b45ae2f-6d60-448a-85ad-61b9796446ed,Áo Thun Tay Lỡ Unisex Form Rộng,Áo thun,M,Trắng,2,199000,16/09/2025
HD02190,c36ca838-024f-462b-b202-e125f17c3a90,Áo Body Nữ Tay Dài Ôm Sát,Áo body,L,Đen,2,299000,20/02/2025
HD02190,db900625-f6c9-41e1-a4eb-2042fcd9496f,Giày Cao Gót Nữ Đế Nhọn Công Sở,Giày,38,Trắng,2,490000,20/02/2025
HD02190,409dbb70-64f9-445d-b146-33a6ba02b819,Váy Nữ Dự Tiệc Trễ Vai Sang Chảnh,Váy,M,Đỏ,2,690000,20/02/2025
HD02191,12c3c23d-b26f-4090-b661-3e330f928a84,Nón Thể Thao Unisex,Nón,Free Size,Trắng,1,160000,17/04/2026
HD02191,e6f18dbb-acb7-46bb-a116-d6111d7b40f8,Quần Jogger Nam Thể Thao Nỉ,Quần,M,Xám,2,320000,17/04/2026
HD02191,4ef3b541-6c86-4287-8090-28809b3559fe,Giày Chạy Bộ Nam Running Sport,Giày,41,Đen,1,790000,17/04/2026
HD02192,c9e6150b-fdf6-4a91-8f2c-d8bab75b9f2b,Hoodie Unisex Local Brand Cực Chất,Áo khoác,M,Nâu,2,399000,25/04/2026
HD02192,591f87ca-ccec-4d04-af4e-fe941c4ee72e,Giày Sneaker Trắng Unisex Streetwear,Giày,39,Trắng,2,650000,25/04/2026
HD02192,b8a6d3f1-ad5c-4c5b-adf9-7e766ed462a5,Nón Bucket Unisex Vải Kaki Trơn,Nón,Free Size,Đen,1,150000,25/04/2026
HD02192,1246b9f6-1cf6-4a6f-a0c4-8f8e34c3e4e8,Giày Running Sport Unisex,Giày,41,Đen,1,790000,25/04/2026
HD02193,8211c7e6-49da-422e-8c8e-61bf0288e356,Áo Thun Nam Oversize Cực Chất,Áo thun,L,Đen,2,220000,16/11/2025
HD02193,6217de90-58f8-4c3f-99e7-59c09b50f42d,Áo Khoác Nam Denim,Áo khoác,XL,Xanh,2,559000,16/11/2025
HD02194,773638cb-7eea-46c3-8af4-3bce1ecb5dd2,Áo Polo Nam Công Sở Premium,Áo thun,L,Xanh Navy,2,350000,07/03/2026
HD02194,7a707f6c-7a4b-4392-80c8-475eb6eb4bc8,Quần Tây Nam Lịch Lãm Công Sở,Quần,32,Đen,2,489000,07/03/2026
HD02194,bf8bb740-6ff2-40aa-b164-ac144119c781,Giày Tây Nam Derby Lịch Lãm,Giày,40,Xám,1,990000,07/03/2026
HD02195,409dbb70-64f9-445d-b146-33a6ba02b819,Váy Nữ Dự Tiệc Trễ Vai Sang Chảnh,Váy,M,Đỏ,2,690000,21/11/2025
HD02195,c36ca838-024f-462b-b202-e125f17c3a90,Áo Body Nữ Tay Dài Ôm Sát,Áo body,S,Đen,1,299000,21/11/2025
HD02196,b9070ded-f7bb-4ae7-8384-31f433f188c1,Quần Jogger Nam Kaki Túi Hộp,Quần,M,Đen,2,350000,02/11/2025
HD02196,99f07ede-2b19-4f58-949e-3c20b4da9416,Nón Snapback Unisex Streetwear,Nón,Free Size,Xám,2,220000,02/11/2025
HD02197,ca7585c8-ddbf-4d1d-a666-37a7b963d906,Balo Unisex Thời Trang Chống Nước,Nón,Free Size,Trắng,1,450000,11/11/2025
HD02197,d687bdc0-7bd2-4fb3-b157-ef8d3c1b2135,Quần Jogger Unisex Nỉ Basic,Quần,L,Xám,1,280000,11/11/2025
HD02197,863bc572-8ddb-47bc-98e0-bff31818a347,Quần Ống Rộng Nữ,Quần,S,Kem,1,399000,11/11/2025
HD02198,49f47c17-2a4e-45e3-8c86-564e0b68bf44,Chân Váy Nữ Chữ A Da Lộn,Váy,M,Be,2,299000,01/02/2026
HD02198,872f179f-f0d5-4bcd-a90e-d10870eac50d,Giày Boot Da Nữ Cổ Cao Cá Tính,Giày,38,Trắng,2,890000,01/02/2026
HD02198,f60ed1b2-8aed-4bf4-9047-bcdb95f84623,Áo Sơ Mi Nữ Công Sở,Áo sơ mi,S,Trắng,1,279000,01/02/2026
HD02198,c9e6150b-fdf6-4a91-8f2c-d8bab75b9f2b,Hoodie Unisex Local Brand Cực Chất,Áo khoác,M,Nâu,2,399000,01/02/2026
HD02199,0f6632d3-5cf7-42d2-9157-f13f0084a634,Áo Khoác Nam Denim Classic,Áo khoác,M,Xanh,1,550000,08/05/2025
HD02199,bb06c357-8eb3-4ffe-a765-1307de4e19eb,Mũ Len Unisex Mùa Đông Ấm Áp,Nón,Free Size,Xám,2,150000,08/05/2025
HD02200,565df8e7-d30d-4935-a0a2-bcd5ab5bf4a2,Quần Jeans Nam Slimfit Đen,Quần,29,Đen,2,549000,20/12/2025
HD02200,f79701c0-468d-45ca-a063-f2c32fead22e,Áo Polo Nam Basic,Áo thun,L,Xanh Navy,2,279000,20/12/2025
HD02200,ca7585c8-ddbf-4d1d-a666-37a7b963d906,Balo Unisex Thời Trang Chống Nước,Nón,Free Size,Trắng,1,450000,20/12/2025
HD02201,bb06c357-8eb3-4ffe-a765-1307de4e19eb,Mũ Len Unisex Mùa Đông Ấm Áp,Nón,Free Size,Xám,1,150000,19/07/2025
HD02201,1d9f44d7-0657-47ec-baf9-659b9bfe2f6d,Áo Len Nam Cổ Lọ Ấm Áp,Áo len,L,Đen,1,520000,19/07/2025
HD02202,8211c7e6-49da-422e-8c8e-61bf0288e356,Áo Thun Nam Oversize Cực Chất,Áo thun,XL,Đen,1,220000,26/06/2025
HD02202,b9070ded-f7bb-4ae7-8384-31f433f188c1,Quần Jogger Nam Kaki Túi Hộp,Quần,L,Đen,1,350000,26/06/2025
HD02202,99f07ede-2b19-4f58-949e-3c20b4da9416,Nón Snapback Unisex Streetwear,Nón,Free Size,Xám,2,220000,26/06/2025
HD02203,b3d420d4-d451-4c61-bd20-6636b4973e09,Cardigan Nữ Len Dệt Kim Kem,Cardigan,S,Be,2,499000,02/04/2026
HD02203,47321475-4386-4cf5-8b77-af01547cd204,Quần Baggy Nữ Hàn Quốc,Quần,M,Đen,1,429000,02/04/2026
HD02203,cc14f38d-1c5d-44e4-a577-c2add0a1b47e,Áo Sơ Mi Nữ Linen Kem,Áo sơ mi,M,Be,2,359000,02/04/2026
HD02203,3ffeadc2-56cb-4267-a02b-00fc51a7a1b2,Áo Khoác Bomber Unisex Da Lộn,Áo khoác,M,Đen,2,599000,02/04/2026
HD02204,ca7585c8-ddbf-4d1d-a666-37a7b963d906,Balo Unisex Thời Trang Chống Nước,Nón,Free Size,Trắng,1,450000,05/01/2025
HD02204,d15def0c-3a31-492a-ac97-382525c2218a,Áo Sweater Unisex Trơn Basic,Áo khoác,M,Nâu,1,320000,05/01/2025
HD02205,591f87ca-ccec-4d04-af4e-fe941c4ee72e,Giày Sneaker Trắng Unisex Streetwear,Giày,39,Trắng,1,650000,04/11/2025
HD02205,565df8e7-d30d-4935-a0a2-bcd5ab5bf4a2,Quần Jeans Nam Slimfit Đen,Quần,30,Đen,1,549000,04/11/2025
HD02205,f79701c0-468d-45ca-a063-f2c32fead22e,Áo Polo Nam Basic,Áo thun,XL,Xanh Navy,1,279000,04/11/2025
HD02206,47321475-4386-4cf5-8b77-af01547cd204,Quần Baggy Nữ Hàn Quốc,Quần,XL,Đen,1,429000,19/12/2025
HD02206,cc14f38d-1c5d-44e4-a577-c2add0a1b47e,Áo Sơ Mi Nữ Linen Kem,Áo sơ mi,S,Be,2,359000,19/12/2025
HD02207,2d01e356-ac67-4d6f-83ce-e2c9ad89a55d,Quần Tây Nữ Ống Suông,Quần,S,Đen,2,459000,21/07/2025
HD02207,7af62054-cb7c-43d5-8a7a-f6de97b8440d,Blazer Nữ Công Sở Premium,Blazer,M,Trắng,1,820000,21/07/2025
HD02208,591f87ca-ccec-4d04-af4e-fe941c4ee72e,Giày Sneaker Trắng Unisex Streetwear,Giày,38,Trắng,2,650000,05/02/2025
HD02208,565df8e7-d30d-4935-a0a2-bcd5ab5bf4a2,Quần Jeans Nam Slimfit Đen,Quần,32,Đen,1,549000,05/02/2025
HD02208,f79701c0-468d-45ca-a063-f2c32fead22e,Áo Polo Nam Basic,Áo thun,M,Xanh Navy,1,279000,05/02/2025
HD02209,591f87ca-ccec-4d04-af4e-fe941c4ee72e,Giày Sneaker Trắng Unisex Streetwear,Giày,40,Trắng,2,650000,20/04/2025
HD02209,f79701c0-468d-45ca-a063-f2c32fead22e,Áo Polo Nam Basic,Áo thun,S,Xanh Navy,2,279000,20/04/2025
HD02210,7af62054-cb7c-43d5-8a7a-f6de97b8440d,Blazer Nữ Công Sở Premium,Blazer,S,Trắng,2,820000,15/04/2026
HD02210,2d01e356-ac67-4d6f-83ce-e2c9ad89a55d,Quần Tây Nữ Ống Suông,Quần,L,Đen,2,459000,15/04/2026
HD02210,1d8256e6-c737-4a4c-86b9-b28f0c3112eb,Áo Sơ Mi Nữ Oxford Trắng,Áo sơ mi,S,Trắng,2,329000,15/04/2026
HD02211,0f6632d3-5cf7-42d2-9157-f13f0084a634,Áo Khoác Nam Denim Classic,Áo khoác,XL,Xanh,1,550000,22/01/2026
HD02211,bb06c357-8eb3-4ffe-a765-1307de4e19eb,Mũ Len Unisex Mùa Đông Ấm Áp,Nón,Free Size,Xám,1,150000,22/01/2026
HD02212,47321475-4386-4cf5-8b77-af01547cd204,Quần Baggy Nữ Hàn Quốc,Quần,XL,Đen,1,429000,12/09/2025
HD02212,b3d420d4-d451-4c61-bd20-6636b4973e09,Cardigan Nữ Len Dệt Kim Kem,Cardigan,S,Be,2,499000,12/09/2025
HD02212,d756eba2-7d66-4274-b91e-a18e6827f867,Giày Boot Da Nam Chelsea Lịch Lãm,Giày,42,Xám,2,1100000,12/09/2025
HD02213,8211c7e6-49da-422e-8c8e-61bf0288e356,Áo Thun Nam Oversize Cực Chất,Áo thun,L,Đen,2,220000,16/04/2025
HD02213,b9070ded-f7bb-4ae7-8384-31f433f188c1,Quần Jogger Nam Kaki Túi Hộp,Quần,XL,Đen,2,350000,16/04/2025
HD02213,99f07ede-2b19-4f58-949e-3c20b4da9416,Nón Snapback Unisex Streetwear,Nón,Free Size,Xám,1,220000,16/04/2025
HD02214,773638cb-7eea-46c3-8af4-3bce1ecb5dd2,Áo Polo Nam Công Sở Premium,Áo thun,S,Xanh Navy,2,350000,06/06/2025
HD02214,7a707f6c-7a4b-4392-80c8-475eb6eb4bc8,Quần Tây Nam Lịch Lãm Công Sở,Quần,29,Đen,2,489000,06/06/2025
HD02215,bb06c357-8eb3-4ffe-a765-1307de4e19eb,Mũ Len Unisex Mùa Đông Ấm Áp,Nón,Free Size,Xám,1,150000,26/10/2025
HD02215,1d9f44d7-0657-47ec-baf9-659b9bfe2f6d,Áo Len Nam Cổ Lọ Ấm Áp,Áo len,XL,Đen,2,520000,26/10/2025
HD02215,0f6632d3-5cf7-42d2-9157-f13f0084a634,Áo Khoác Nam Denim Classic,Áo khoác,L,Xanh,1,550000,26/10/2025
HD02216,565df8e7-d30d-4935-a0a2-bcd5ab5bf4a2,Quần Jeans Nam Slimfit Đen,Quần,31,Đen,2,549000,09/08/2025
HD02216,f79701c0-468d-45ca-a063-f2c32fead22e,Áo Polo Nam Basic,Áo thun,M,Xanh Navy,2,279000,09/08/2025
HD02216,591f87ca-ccec-4d04-af4e-fe941c4ee72e,Giày Sneaker Trắng Unisex Streetwear,Giày,41,Trắng,2,650000,09/08/2025
HD02216,773638cb-7eea-46c3-8af4-3bce1ecb5dd2,Áo Polo Nam Công Sở Premium,Áo thun,S,Xanh Navy,1,350000,09/08/2025
HD02217,591f87ca-ccec-4d04-af4e-fe941c4ee72e,Giày Sneaker Trắng Unisex Streetwear,Giày,39,Trắng,2,650000,24/01/2026
HD02217,f79701c0-468d-45ca-a063-f2c32fead22e,Áo Polo Nam Basic,Áo thun,S,Xanh Navy,1,279000,24/01/2026
HD02217,565df8e7-d30d-4935-a0a2-bcd5ab5bf4a2,Quần Jeans Nam Slimfit Đen,Quần,30,Đen,1,549000,24/01/2026
HD02218,47321475-4386-4cf5-8b77-af01547cd204,Quần Baggy Nữ Hàn Quốc,Quần,L,Đen,2,429000,23/02/2025
HD02218,cc14f38d-1c5d-44e4-a577-c2add0a1b47e,Áo Sơ Mi Nữ Linen Kem,Áo sơ mi,S,Be,1,359000,23/02/2025
HD02218,b3d420d4-d451-4c61-bd20-6636b4973e09,Cardigan Nữ Len Dệt Kim Kem,Cardigan,M,Be,1,499000,23/02/2025
HD02219,c36ca838-024f-462b-b202-e125f17c3a90,Áo Body Nữ Tay Dài Ôm Sát,Áo body,L,Đen,1,299000,08/06/2025
HD02219,409dbb70-64f9-445d-b146-33a6ba02b819,Váy Nữ Dự Tiệc Trễ Vai Sang Chảnh,Váy,M,Đỏ,2,690000,08/06/2025
HD02220,b3d420d4-d451-4c61-bd20-6636b4973e09,Cardigan Nữ Len Dệt Kim Kem,Cardigan,S,Be,1,499000,23/01/2025
HD02220,cc14f38d-1c5d-44e4-a577-c2add0a1b47e,Áo Sơ Mi Nữ Linen Kem,Áo sơ mi,S,Be,1,359000,23/01/2025
HD02221,b3d420d4-d451-4c61-bd20-6636b4973e09,Cardigan Nữ Len Dệt Kim Kem,Cardigan,S,Be,1,499000,09/12/2025
HD02221,47321475-4386-4cf5-8b77-af01547cd204,Quần Baggy Nữ Hàn Quốc,Quần,L,Đen,1,429000,09/12/2025
HD02221,cc14f38d-1c5d-44e4-a577-c2add0a1b47e,Áo Sơ Mi Nữ Linen Kem,Áo sơ mi,S,Be,2,359000,09/12/2025
HD02222,409dbb70-64f9-445d-b146-33a6ba02b819,Váy Nữ Dự Tiệc Trễ Vai Sang Chảnh,Váy,S,Đỏ,2,690000,24/07/2025
HD02222,c36ca838-024f-462b-b202-e125f17c3a90,Áo Body Nữ Tay Dài Ôm Sát,Áo body,L,Đen,2,299000,24/07/2025
HD02222,db900625-f6c9-41e1-a4eb-2042fcd9496f,Giày Cao Gót Nữ Đế Nhọn Công Sở,Giày,38,Trắng,1,490000,24/07/2025
HD02223,0f6632d3-5cf7-42d2-9157-f13f0084a634,Áo Khoác Nam Denim Classic,Áo khoác,M,Xanh,1,550000,08/11/2025
HD02223,bb06c357-8eb3-4ffe-a765-1307de4e19eb,Mũ Len Unisex Mùa Đông Ấm Áp,Nón,Free Size,Xám,2,150000,08/11/2025
HD02224,898c5b5f-febc-4b99-837c-f9d94f5e2e07,Váy Nữ Suông Linen Thoải Mái,Váy,S,Xanh,1,420000,28/01/2026
HD02224,2139d828-a4c0-4f2e-90e4-3cfb3420bf70,Bộ Vest Nam Cao Cấp Sang Trọng,Blazer,L,Đen,2,1500000,28/01/2026
HD02224,42df8548-dbbf-40a4-a6f2-f989e10394fd,Blazer Nữ Hàn Quốc,Blazer,L,Kem,1,790000,28/01/2026
HD02224,a9bbcc47-d51e-49fb-aab9-04649744ad76,Áo Thun Nam Cổ Tim Trơn,Áo thun,S,Đen,2,160000,28/01/2026
HD02225,c9abc8f4-c333-4a02-9fdb-0a7346bdc75f,Váy Nữ Hoa Nhí Dáng A,Váy,L,Hồng,2,390000,11/06/2025
HD02225,e7988e60-9056-472a-b914-5ab26da5917c,Quần Jeans Nam Rách Gối Streetwear,Quần,30,Xanh nhạt,1,599000,11/06/2025
HD02225,a7c450bf-193d-4223-b178-523acdd5ce71,Quần Kaki Nam Dáng Suông,Quần,29,Kem,2,389000,11/06/2025
HD02225,bb06c357-8eb3-4ffe-a765-1307de4e19eb,Mũ Len Unisex Mùa Đông Ấm Áp,Nón,Free Size,Xám,2,150000,11/06/2025
HD02226,57d427ce-2cb0-4659-b346-22ed27f9bafa,Quần Baggy Nữ,Quần,S,Đen,2,429000,27/09/2025
HD02226,599c0d70-ee05-4d99-a987-47c5d24f9546,Áo Sweater Unisex In Hình Cá Tính,Áo khoác,L,Xám,2,350000,27/09/2025
HD02227,b3d420d4-d451-4c61-bd20-6636b4973e09,Cardigan Nữ Len Dệt Kim Kem,Cardigan,L,Be,1,499000,01/04/2026
HD02227,47321475-4386-4cf5-8b77-af01547cd204,Quần Baggy Nữ Hàn Quốc,Quần,S,Đen,2,429000,01/04/2026
HD02228,e0f136c6-62be-4f5c-a912-54349bbee80a,Chân Váy Nữ Midi Xếp Ly,Váy,S,Đen,1,320000,13/10/2025
HD02228,cda0d51d-8c0e-423b-a4de-8d22cec903bf,Thắt Lưng Da Nữ Khóa Tròn Cổ Điển,Nón,Free Size,Trắng,2,250000,13/10/2025
HD02228,ca7585c8-ddbf-4d1d-a666-37a7b963d906,Balo Unisex Thời Trang Chống Nước,Nón,Free Size,Trắng,2,450000,13/10/2025
HD02228,f05e6db1-a12e-426c-aa6d-d5e504740533,Áo Body Nữ Tay Dài,Áo body,L,Đen,2,299000,13/10/2025
HD02228,72b9161e-e55b-4802-a1c7-d7f33e5ccb0d,Quần Jogger Nam,Quần,M,Đen,1,320000,13/10/2025
HD02229,b3d420d4-d451-4c61-bd20-6636b4973e09,Cardigan Nữ Len Dệt Kim Kem,Cardigan,M,Be,1,499000,09/04/2025
HD02229,47321475-4386-4cf5-8b77-af01547cd204,Quần Baggy Nữ Hàn Quốc,Quần,XL,Đen,1,429000,09/04/2025
HD02229,cc14f38d-1c5d-44e4-a577-c2add0a1b47e,Áo Sơ Mi Nữ Linen Kem,Áo sơ mi,S,Be,1,359000,09/04/2025
HD02230,591f87ca-ccec-4d04-af4e-fe941c4ee72e,Giày Sneaker Trắng Unisex Streetwear,Giày,41,Trắng,1,650000,25/03/2026
HD02230,c9e6150b-fdf6-4a91-8f2c-d8bab75b9f2b,Hoodie Unisex Local Brand Cực Chất,Áo khoác,L,Nâu,1,399000,25/03/2026
HD02230,b8a6d3f1-ad5c-4c5b-adf9-7e766ed462a5,Nón Bucket Unisex Vải Kaki Trơn,Nón,Free Size,Đen,1,150000,25/03/2026
HD02230,46605dff-a9ed-41df-a46a-88d80a783e20,Nón Lưỡi Trai Cao Cấp Unisex,Nón,Free Size,Navy,1,250000,25/03/2026
HD02231,e6f18dbb-acb7-46bb-a116-d6111d7b40f8,Quần Jogger Nam Thể Thao Nỉ,Quần,XL,Xám,2,320000,02/04/2025
HD02231,4ef3b541-6c86-4287-8090-28809b3559fe,Giày Chạy Bộ Nam Running Sport,Giày,43,Đen,2,790000,02/04/2025
HD02231,12c3c23d-b26f-4090-b661-3e330f928a84,Nón Thể Thao Unisex,Nón,Free Size,Trắng,1,160000,02/04/2025
HD02232,7af62054-cb7c-43d5-8a7a-f6de97b8440d,Blazer Nữ Công Sở Premium,Blazer,M,Trắng,1,820000,08/03/2026
HD02232,2d01e356-ac67-4d6f-83ce-e2c9ad89a55d,Quần Tây Nữ Ống Suông,Quần,M,Đen,2,459000,08/03/2026
HD02233,d687bdc0-7bd2-4fb3-b157-ef8d3c1b2135,Quần Jogger Unisex Nỉ Basic,Quần,XL,Xám,1,280000,15/05/2025
HD02233,d15def0c-3a31-492a-ac97-382525c2218a,Áo Sweater Unisex Trơn Basic,Áo khoác,XL,Nâu,1,320000,15/05/2025
HD02234,d15def0c-3a31-492a-ac97-382525c2218a,Áo Sweater Unisex Trơn Basic,Áo khoác,XL,Nâu,2,320000,06/12/2025
HD02234,d687bdc0-7bd2-4fb3-b157-ef8d3c1b2135,Quần Jogger Unisex Nỉ Basic,Quần,M,Xám,1,280000,06/12/2025
HD02234,872f179f-f0d5-4bcd-a90e-d10870eac50d,Giày Boot Da Nữ Cổ Cao Cá Tính,Giày,39,Trắng,1,890000,06/12/2025
HD02235,0f6632d3-5cf7-42d2-9157-f13f0084a634,Áo Khoác Nam Denim Classic,Áo khoác,L,Xanh,2,550000,09/07/2025
HD02235,bb06c357-8eb3-4ffe-a765-1307de4e19eb,Mũ Len Unisex Mùa Đông Ấm Áp,Nón,Free Size,Xám,1,150000,09/07/2025
HD02235,1d9f44d7-0657-47ec-baf9-659b9bfe2f6d,Áo Len Nam Cổ Lọ Ấm Áp,Áo len,M,Đen,1,520000,09/07/2025
HD02236,7a707f6c-7a4b-4392-80c8-475eb6eb4bc8,Quần Tây Nam Lịch Lãm Công Sở,Quần,29,Đen,2,489000,11/01/2026
HD02236,773638cb-7eea-46c3-8af4-3bce1ecb5dd2,Áo Polo Nam Công Sở Premium,Áo thun,XL,Xanh Navy,1,350000,11/01/2026
HD02236,bf8bb740-6ff2-40aa-b164-ac144119c781,Giày Tây Nam Derby Lịch Lãm,Giày,42,Xám,1,990000,11/01/2026
HD02237,1d8256e6-c737-4a4c-86b9-b28f0c3112eb,Áo Sơ Mi Nữ Oxford Trắng,Áo sơ mi,M,Trắng,2,329000,13/08/2025
HD02237,2d01e356-ac67-4d6f-83ce-e2c9ad89a55d,Quần Tây Nữ Ống Suông,Quần,M,Đen,2,459000,13/08/2025
HD02237,7af62054-cb7c-43d5-8a7a-f6de97b8440d,Blazer Nữ Công Sở Premium,Blazer,L,Trắng,1,820000,13/08/2025
HD02238,e6f18dbb-acb7-46bb-a116-d6111d7b40f8,Quần Jogger Nam Thể Thao Nỉ,Quần,M,Xám,2,320000,12/02/2025
HD02238,12c3c23d-b26f-4090-b661-3e330f928a84,Nón Thể Thao Unisex,Nón,Free Size,Trắng,1,160000,12/02/2025
HD02238,4ef3b541-6c86-4287-8090-28809b3559fe,Giày Chạy Bộ Nam Running Sport,Giày,43,Đen,1,790000,12/02/2025
HD02238,46605dff-a9ed-41df-a46a-88d80a783e20,Nón Lưỡi Trai Cao Cấp Unisex,Nón,Free Size,Navy,1,250000,12/02/2025
HD02239,5a9e4c10-4d85-4ae9-99d0-4ecdbc69964b,Áo Thun Unisex In Chữ Streetwear,Áo thun,L,Đen,2,189000,27/12/2025
HD02239,1d9f44d7-0657-47ec-baf9-659b9bfe2f6d,Áo Len Nam Cổ Lọ Ấm Áp,Áo len,L,Đen,2,520000,27/12/2025
HD02239,538c2225-906f-42c8-8875-c759a7017d20,Áo Sweater Unisex Cổ Tròn Nỉ,Áo khoác,XL,Nâu,2,310000,27/12/2025
HD02239,7a707f6c-7a4b-4392-80c8-475eb6eb4bc8,Quần Tây Nam Lịch Lãm Công Sở,Quần,29,Đen,1,489000,27/12/2025
HD02239,6d9ff3b3-09bc-4a76-b2f0-891905840fe3,Áo Thun Nữ Form Rộng Giấu Quần,Áo thun,M,Trắng,1,160000,27/12/2025
HD02240,7a707f6c-7a4b-4392-80c8-475eb6eb4bc8,Quần Tây Nam Lịch Lãm Công Sở,Quần,31,Đen,2,489000,25/11/2025
HD02240,bf8bb740-6ff2-40aa-b164-ac144119c781,Giày Tây Nam Derby Lịch Lãm,Giày,41,Xám,2,990000,25/11/2025
HD02241,47321475-4386-4cf5-8b77-af01547cd204,Quần Baggy Nữ Hàn Quốc,Quần,XL,Đen,1,429000,20/06/2025
HD02241,cc14f38d-1c5d-44e4-a577-c2add0a1b47e,Áo Sơ Mi Nữ Linen Kem,Áo sơ mi,S,Be,2,359000,20/06/2025
HD02241,b3d420d4-d451-4c61-bd20-6636b4973e09,Cardigan Nữ Len Dệt Kim Kem,Cardigan,M,Be,1,499000,20/06/2025
HD02242,12c3c23d-b26f-4090-b661-3e330f928a84,Nón Thể Thao Unisex,Nón,Free Size,Trắng,2,160000,04/01/2025
HD02242,e6f18dbb-acb7-46bb-a116-d6111d7b40f8,Quần Jogger Nam Thể Thao Nỉ,Quần,M,Xám,1,320000,04/01/2025
HD02243,740d378a-17ab-4db0-aa7b-961840cb0ad8,Blazer Nữ Premium,Blazer,M,Đen,2,990000,25/05/2025
HD02243,ac85d49f-37a3-47d2-9850-04adc3abecfb,Mắt Kính Unisex Chống Tia UV,Nón,Free Size,Đen,2,290000,25/05/2025
HD02243,1d8256e6-c737-4a4c-86b9-b28f0c3112eb,Áo Sơ Mi Nữ Oxford Trắng,Áo sơ mi,S,Trắng,2,329000,25/05/2025
HD02244,1d8256e6-c737-4a4c-86b9-b28f0c3112eb,Áo Sơ Mi Nữ Oxford Trắng,Áo sơ mi,M,Trắng,2,329000,27/09/2025
HD02244,7af62054-cb7c-43d5-8a7a-f6de97b8440d,Blazer Nữ Công Sở Premium,Blazer,M,Trắng,1,820000,27/09/2025
HD02244,2d01e356-ac67-4d6f-83ce-e2c9ad89a55d,Quần Tây Nữ Ống Suông,Quần,S,Đen,1,459000,27/09/2025
HD02245,773638cb-7eea-46c3-8af4-3bce1ecb5dd2,Áo Polo Nam Công Sở Premium,Áo thun,M,Xanh Navy,2,350000,11/03/2026
HD02245,7a707f6c-7a4b-4392-80c8-475eb6eb4bc8,Quần Tây Nam Lịch Lãm Công Sở,Quần,33,Đen,2,489000,11/03/2026
HD02245,bf8bb740-6ff2-40aa-b164-ac144119c781,Giày Tây Nam Derby Lịch Lãm,Giày,42,Xám,1,990000,11/03/2026
HD02246,c9e6150b-fdf6-4a91-8f2c-d8bab75b9f2b,Hoodie Unisex Local Brand Cực Chất,Áo khoác,L,Nâu,2,399000,03/03/2026
HD02246,591f87ca-ccec-4d04-af4e-fe941c4ee72e,Giày Sneaker Trắng Unisex Streetwear,Giày,39,Trắng,1,650000,03/03/2026
HD02247,c36ca838-024f-462b-b202-e125f17c3a90,Áo Body Nữ Tay Dài Ôm Sát,Áo body,L,Đen,1,299000,01/12/2025
HD02247,409dbb70-64f9-445d-b146-33a6ba02b819,Váy Nữ Dự Tiệc Trễ Vai Sang Chảnh,Váy,M,Đỏ,2,690000,01/12/2025
HD02247,db900625-f6c9-41e1-a4eb-2042fcd9496f,Giày Cao Gót Nữ Đế Nhọn Công Sở,Giày,38,Trắng,2,490000,01/12/2025
HD02248,99f07ede-2b19-4f58-949e-3c20b4da9416,Nón Snapback Unisex Streetwear,Nón,Free Size,Xám,2,220000,30/09/2025
HD02248,8211c7e6-49da-422e-8c8e-61bf0288e356,Áo Thun Nam Oversize Cực Chất,Áo thun,M,Đen,2,220000,30/09/2025
HD02248,b9070ded-f7bb-4ae7-8384-31f433f188c1,Quần Jogger Nam Kaki Túi Hộp,Quần,M,Đen,1,350000,30/09/2025
HD02249,4bdea4f1-6aa9-4f3d-99e7-1c679695c149,Cardigan Nữ Dệt Kim,Cardigan,L,Be,1,499000,11/04/2026
HD02249,cda0d51d-8c0e-423b-a4de-8d22cec903bf,Thắt Lưng Da Nữ Khóa Tròn Cổ Điển,Nón,Free Size,Trắng,2,250000,11/04/2026
HD02249,201e6224-a601-46ee-bead-63759fec2f51,Áo Len Nam Cổ Tròn Cashmere,Áo len,S,Xám,1,650000,11/04/2026
HD02250,1d9f44d7-0657-47ec-baf9-659b9bfe2f6d,Áo Len Nam Cổ Lọ Ấm Áp,Áo len,L,Đen,2,520000,14/07/2025
HD02250,bb06c357-8eb3-4ffe-a765-1307de4e19eb,Mũ Len Unisex Mùa Đông Ấm Áp,Nón,Free Size,Xám,1,150000,14/07/2025
HD02251,1d8256e6-c737-4a4c-86b9-b28f0c3112eb,Áo Sơ Mi Nữ Oxford Trắng,Áo sơ mi,S,Trắng,2,329000,29/12/2025
HD02251,7af62054-cb7c-43d5-8a7a-f6de97b8440d,Blazer Nữ Công Sở Premium,Blazer,S,Trắng,1,820000,29/12/2025
HD02252,565df8e7-d30d-4935-a0a2-bcd5ab5bf4a2,Quần Jeans Nam Slimfit Đen,Quần,29,Đen,2,549000,03/01/2026
HD02252,f79701c0-468d-45ca-a063-f2c32fead22e,Áo Polo Nam Basic,Áo thun,XL,Xanh Navy,1,279000,03/01/2026
HD02252,591f87ca-ccec-4d04-af4e-fe941c4ee72e,Giày Sneaker Trắng Unisex Streetwear,Giày,40,Trắng,2,650000,03/01/2026
HD02253,12c3c23d-b26f-4090-b661-3e330f928a84,Nón Thể Thao Unisex,Nón,Free Size,Trắng,1,160000,13/02/2025
HD02253,4ef3b541-6c86-4287-8090-28809b3559fe,Giày Chạy Bộ Nam Running Sport,Giày,41,Đen,2,790000,13/02/2025
HD02253,e6f18dbb-acb7-46bb-a116-d6111d7b40f8,Quần Jogger Nam Thể Thao Nỉ,Quần,L,Xám,1,320000,13/02/2025
HD02254,db900625-f6c9-41e1-a4eb-2042fcd9496f,Giày Cao Gót Nữ Đế Nhọn Công Sở,Giày,38,Trắng,1,490000,20/02/2026
HD02254,409dbb70-64f9-445d-b146-33a6ba02b819,Váy Nữ Dự Tiệc Trễ Vai Sang Chảnh,Váy,L,Đỏ,2,690000,20/02/2026
HD02255,e668318e-62fd-4730-9829-e614a2db7729,Blazer Nữ Form Rộng,Blazer,L,Xám,2,850000,20/09/2025
HD02255,c9e6150b-fdf6-4a91-8f2c-d8bab75b9f2b,Hoodie Unisex Local Brand Cực Chất,Áo khoác,L,Nâu,1,399000,20/09/2025
HD02255,42027732-03d0-4a71-a42b-eafc03a8cc71,Áo Khoác Blazer Unisex Form Rộng,Blazer,XL,Xám,2,750000,20/09/2025
HD02255,6d9ff3b3-09bc-4a76-b2f0-891905840fe3,Áo Thun Nữ Form Rộng Giấu Quần,Áo thun,L,Trắng,2,160000,20/09/2025
HD02255,fc61ed45-ce98-480f-a519-02961cff9b10,Giày Chạy Bộ Nữ Siêu Nhẹ,Giày,38,Đen,1,750000,20/09/2025
HD02256,bf8bb740-6ff2-40aa-b164-ac144119c781,Giày Tây Nam Derby Lịch Lãm,Giày,39,Xám,2,990000,28/02/2025
HD02256,773638cb-7eea-46c3-8af4-3bce1ecb5dd2,Áo Polo Nam Công Sở Premium,Áo thun,XL,Xanh Navy,2,350000,28/02/2025
HD02257,cda0d51d-8c0e-423b-a4de-8d22cec903bf,Thắt Lưng Da Nữ Khóa Tròn Cổ Điển,Nón,Free Size,Trắng,2,250000,22/11/2025
HD02257,105ad1ba-828c-468d-b1e2-33860aced25e,Giày Tây Nam Oxford Da Bò,Giày,42,Xám,1,1200000,22/11/2025
HD02257,c1e91e52-aef3-48ee-98d1-ddb905271917,Quần Tây Nữ Công Sở,Quần,S,Đen,2,459000,22/11/2025
HD02257,42027732-03d0-4a71-a42b-eafc03a8cc71,Áo Khoác Blazer Unisex Form Rộng,Blazer,M,Xám,2,750000,22/11/2025
HD02258,8211c7e6-49da-422e-8c8e-61bf0288e356,Áo Thun Nam Oversize Cực Chất,Áo thun,L,Đen,2,220000,07/01/2026
HD02258,99f07ede-2b19-4f58-949e-3c20b4da9416,Nón Snapback Unisex Streetwear,Nón,Free Size,Xám,2,220000,07/01/2026
HD02258,b9070ded-f7bb-4ae7-8384-31f433f188c1,Quần Jogger Nam Kaki Túi Hộp,Quần,XL,Đen,2,350000,07/01/2026
HD02259,591f87ca-ccec-4d04-af4e-fe941c4ee72e,Giày Sneaker Trắng Unisex Streetwear,Giày,38,Trắng,1,650000,02/04/2026
HD02259,b8a6d3f1-ad5c-4c5b-adf9-7e766ed462a5,Nón Bucket Unisex Vải Kaki Trơn,Nón,Free Size,Đen,1,150000,02/04/2026
HD02259,c9e6150b-fdf6-4a91-8f2c-d8bab75b9f2b,Hoodie Unisex Local Brand Cực Chất,Áo khoác,L,Nâu,2,399000,02/04/2026
HD02259,4ef3b541-6c86-4287-8090-28809b3559fe,Giày Chạy Bộ Nam Running Sport,Giày,41,Đen,2,790000,02/04/2026
HD02260,c36ca838-024f-462b-b202-e125f17c3a90,Áo Body Nữ Tay Dài Ôm Sát,Áo body,M,Đen,2,299000,09/02/2025
HD02260,db900625-f6c9-41e1-a4eb-2042fcd9496f,Giày Cao Gót Nữ Đế Nhọn Công Sở,Giày,36,Trắng,1,490000,09/02/2025
HD02261,8211c7e6-49da-422e-8c8e-61bf0288e356,Áo Thun Nam Oversize Cực Chất,Áo thun,L,Đen,2,220000,12/10/2025
HD02261,b9070ded-f7bb-4ae7-8384-31f433f188c1,Quần Jogger Nam Kaki Túi Hộp,Quần,M,Đen,1,350000,12/10/2025
HD02262,e9b18016-ac13-4aa7-8e3b-9df31db133d7,Váy Tennis Nữ,Váy,S,Trắng,2,280000,18/06/2025
HD02262,3dbb0578-dc6f-4fc7-b609-b0fec9796c29,Áo Thun Unisex Loang Màu Tiedye,Áo thun,M,Đen,1,210000,18/06/2025
HD02262,52d573b6-f538-4651-9496-600f187e26cc,Cardigan Nữ Form Rộng Thêu Hoa,Cardigan,L,Nâu,2,480000,18/06/2025
HD02263,b8a6d3f1-ad5c-4c5b-adf9-7e766ed462a5,Nón Bucket Unisex Vải Kaki Trơn,Nón,Free Size,Đen,1,150000,30/07/2025
HD02263,c9e6150b-fdf6-4a91-8f2c-d8bab75b9f2b,Hoodie Unisex Local Brand Cực Chất,Áo khoác,L,Nâu,1,399000,30/07/2025
HD02264,6217de90-58f8-4c3f-99e7-59c09b50f42d,Áo Khoác Nam Denim,Áo khoác,XL,Xanh,2,559000,23/01/2026
HD02264,90594d6e-3ae8-44bc-be8b-4d8d5d4c89fe,Cardigan Nữ Basic,Cardigan,L,Trắng,2,379000,23/01/2026
HD02264,20ecab60-6f47-43a3-b5a2-8c73d262ff50,Váy Nữ Dự Tiệc Cao Cấp,Váy,M,Đen,2,690000,23/01/2026
HD02265,99f07ede-2b19-4f58-949e-3c20b4da9416,Nón Snapback Unisex Streetwear,Nón,Free Size,Xám,1,220000,06/12/2025
HD02265,b9070ded-f7bb-4ae7-8384-31f433f188c1,Quần Jogger Nam Kaki Túi Hộp,Quần,XL,Đen,1,350000,06/12/2025
HD02265,462e9e6e-f5a5-4689-bca8-aa61f7489a66,Hoodie Unisex Nỉ Bông Có Mũ,Áo khoác,XL,Xám,1,380000,06/12/2025
HD02266,409dbb70-64f9-445d-b146-33a6ba02b819,Váy Nữ Dự Tiệc Trễ Vai Sang Chảnh,Váy,L,Đỏ,1,690000,13/07/2025
HD02266,db900625-f6c9-41e1-a4eb-2042fcd9496f,Giày Cao Gót Nữ Đế Nhọn Công Sở,Giày,37,Trắng,2,490000,13/07/2025
HD02266,c36ca838-024f-462b-b202-e125f17c3a90,Áo Body Nữ Tay Dài Ôm Sát,Áo body,M,Đen,2,299000,13/07/2025
HD02267,92f492fc-802a-4e3f-9110-cedb91786563,Áo Sơ Mi Nữ Công Sở,Áo sơ mi,XL,Trắng,1,299000,05/12/2025
HD02267,c356d946-1d0c-4868-a400-11e664e1c6c1,Áo Thun Nam Cotton Organic,Áo thun,XL,Xám,2,190000,05/12/2025
HD02267,105ad1ba-828c-468d-b1e2-33860aced25e,Giày Tây Nam Oxford Da Bò,Giày,40,Xám,2,1200000,05/12/2025
HD02267,9b3e4d7c-96f1-4236-826e-5f32678a9fc4,Quần Jeans Nam,Quần,32,Đen,2,549000,05/12/2025
HD02267,43d6febf-f863-4841-9ca6-94f3edbcb83a,Giày Búp Bê Nữ Da Mềm Mại,Giày,38,Trắng,2,350000,05/12/2025
HD02268,c1e91e52-aef3-48ee-98d1-ddb905271917,Quần Tây Nữ Công Sở,Quần,M,Đen,2,459000,27/06/2025
HD02268,7af62054-cb7c-43d5-8a7a-f6de97b8440d,Blazer Nữ Công Sở Premium,Blazer,S,Trắng,1,820000,27/06/2025
HD02268,b9070ded-f7bb-4ae7-8384-31f433f188c1,Quần Jogger Nam Kaki Túi Hộp,Quần,XL,Đen,2,350000,27/06/2025
HD02268,41ba1486-c8ed-42ba-8e21-a7baaaf113a7,Quần Short Nữ,Quần,L,Xanh,1,259000,27/06/2025
HD02269,863bc572-8ddb-47bc-98e0-bff31818a347,Quần Ống Rộng Nữ,Quần,M,Kem,2,399000,21/04/2026
HD02269,14aa5a7e-58a7-4ee6-91dc-3b3841539483,Áo Thun Nam Graphic Print,Áo thun,M,Đen,2,259000,21/04/2026
HD02270,7a707f6c-7a4b-4392-80c8-475eb6eb4bc8,Quần Tây Nam Lịch Lãm Công Sở,Quần,32,Đen,1,489000,10/01/2026
HD02270,773638cb-7eea-46c3-8af4-3bce1ecb5dd2,Áo Polo Nam Công Sở Premium,Áo thun,M,Xanh Navy,1,350000,10/01/2026
HD02271,cc14f38d-1c5d-44e4-a577-c2add0a1b47e,Áo Sơ Mi Nữ Linen Kem,Áo sơ mi,M,Be,1,359000,10/07/2025
HD02271,b3d420d4-d451-4c61-bd20-6636b4973e09,Cardigan Nữ Len Dệt Kim Kem,Cardigan,L,Be,1,499000,10/07/2025
HD02271,47321475-4386-4cf5-8b77-af01547cd204,Quần Baggy Nữ Hàn Quốc,Quần,S,Đen,2,429000,10/07/2025
HD02272,b8a6d3f1-ad5c-4c5b-adf9-7e766ed462a5,Nón Bucket Unisex Vải Kaki Trơn,Nón,Free Size,Đen,1,150000,04/04/2026
HD02272,591f87ca-ccec-4d04-af4e-fe941c4ee72e,Giày Sneaker Trắng Unisex Streetwear,Giày,38,Trắng,1,650000,04/04/2026
HD02272,c9e6150b-fdf6-4a91-8f2c-d8bab75b9f2b,Hoodie Unisex Local Brand Cực Chất,Áo khoác,L,Nâu,2,399000,04/04/2026
HD02273,b3d420d4-d451-4c61-bd20-6636b4973e09,Cardigan Nữ Len Dệt Kim Kem,Cardigan,L,Be,2,499000,28/04/2026
HD02273,cc14f38d-1c5d-44e4-a577-c2add0a1b47e,Áo Sơ Mi Nữ Linen Kem,Áo sơ mi,S,Be,1,359000,28/04/2026
HD02273,47321475-4386-4cf5-8b77-af01547cd204,Quần Baggy Nữ Hàn Quốc,Quần,XL,Đen,1,429000,28/04/2026
HD02274,f05e6db1-a12e-426c-aa6d-d5e504740533,Áo Body Nữ Tay Dài,Áo body,M,Đen,2,299000,11/02/2026
HD02274,6f18cc28-04f2-411d-8e77-8735933ad66c,Nón Lưỡi Trai Unisex Thêu Chữ,Nón,Free Size,Trắng,1,120000,11/02/2026
HD02274,1571231f-22cc-4ac1-94b1-c01fcb332ed7,Túi Bao Tử Unisex Chống Nước,Nón,Free Size,Navy,2,220000,11/02/2026
HD02274,872f179f-f0d5-4bcd-a90e-d10870eac50d,Giày Boot Da Nữ Cổ Cao Cá Tính,Giày,38,Trắng,1,890000,11/02/2026
HD02274,599c0d70-ee05-4d99-a987-47c5d24f9546,Áo Sweater Unisex In Hình Cá Tính,Áo khoác,XL,Xám,1,350000,11/02/2026
HD02275,e09cd3a3-73e0-468b-b718-07db41b1465d,Váy Nữ Hoa Vintage,Váy,L,Hồng,1,450000,18/02/2026
HD02275,f79701c0-468d-45ca-a063-f2c32fead22e,Áo Polo Nam Basic,Áo thun,S,Xanh Navy,1,279000,18/02/2026
HD02275,020a480f-a235-4103-9eaf-f34d0cff36ed,Quần Jeans Nữ Skinny,Quần,M,Xanh,1,489000,18/02/2026
HD02275,90594d6e-3ae8-44bc-be8b-4d8d5d4c89fe,Cardigan Nữ Basic,Cardigan,M,Trắng,2,379000,18/02/2026
HD02275,20ecab60-6f47-43a3-b5a2-8c73d262ff50,Váy Nữ Dự Tiệc Cao Cấp,Váy,L,Đỏ,1,690000,18/02/2026
HD02276,47321475-4386-4cf5-8b77-af01547cd204,Quần Baggy Nữ Hàn Quốc,Quần,XL,Đen,1,429000,01/05/2026
HD02276,cc14f38d-1c5d-44e4-a577-c2add0a1b47e,Áo Sơ Mi Nữ Linen Kem,Áo sơ mi,S,Be,2,359000,01/05/2026
HD02277,3d8984b4-57a3-4d52-913c-2a11d9222ede,Áo Thun Nam Basic,Áo thun,XL,Trắng,2,199000,30/01/2025
HD02277,56edf28b-737a-4e1d-8e76-51796deff112,Nón Lưỡi Trai Unisex Basic Đen,Nón,Free Size,Đen,1,99000,30/01/2025
HD02277,5a9e4c10-4d85-4ae9-99d0-4ecdbc69964b,Áo Thun Unisex In Chữ Streetwear,Áo thun,XL,Đen,1,189000,30/01/2025
HD02277,bca6a5e3-a504-49ff-8fe8-bf5c131d57e5,Áo Sơ Mi Nam Kẻ Sọc Công Sở,Áo sơ mi,L,Xanh,1,330000,30/01/2025
HD02278,4ef3b541-6c86-4287-8090-28809b3559fe,Giày Chạy Bộ Nam Running Sport,Giày,40,Đen,2,790000,07/03/2025
HD02278,12c3c23d-b26f-4090-b661-3e330f928a84,Nón Thể Thao Unisex,Nón,Free Size,Trắng,1,160000,07/03/2025
HD02279,1d8256e6-c737-4a4c-86b9-b28f0c3112eb,Áo Sơ Mi Nữ Oxford Trắng,Áo sơ mi,M,Trắng,1,329000,11/08/2025
HD02279,2d01e356-ac67-4d6f-83ce-e2c9ad89a55d,Quần Tây Nữ Ống Suông,Quần,S,Đen,1,459000,11/08/2025
HD02279,7af62054-cb7c-43d5-8a7a-f6de97b8440d,Blazer Nữ Công Sở Premium,Blazer,L,Trắng,2,820000,11/08/2025
HD02280,7af62054-cb7c-43d5-8a7a-f6de97b8440d,Blazer Nữ Công Sở Premium,Blazer,M,Trắng,1,820000,23/12/2025
HD02280,2d01e356-ac67-4d6f-83ce-e2c9ad89a55d,Quần Tây Nữ Ống Suông,Quần,M,Đen,1,459000,23/12/2025
HD02280,1d8256e6-c737-4a4c-86b9-b28f0c3112eb,Áo Sơ Mi Nữ Oxford Trắng,Áo sơ mi,L,Trắng,1,329000,23/12/2025
HD02281,e1fb3fad-6974-423e-b5e0-33e5c3f7a559,Áo Khoác Nam Varsity,Áo khoác,M,Đen Trắng,2,639000,27/07/2025
HD02281,49f47c17-2a4e-45e3-8c86-564e0b68bf44,Chân Váy Nữ Chữ A Da Lộn,Váy,L,Be,2,299000,27/07/2025
HD02281,1571231f-22cc-4ac1-94b1-c01fcb332ed7,Túi Bao Tử Unisex Chống Nước,Nón,Free Size,Navy,1,220000,27/07/2025
HD02281,dc8af6b0-89d3-409a-98db-fb01be893d15,Giày Sneaker Da Lộn Unisex,Giày,42,Trắng,2,720000,27/07/2025
HD02282,773638cb-7eea-46c3-8af4-3bce1ecb5dd2,Áo Polo Nam Công Sở Premium,Áo thun,L,Xanh Navy,1,350000,23/08/2025
HD02282,7a707f6c-7a4b-4392-80c8-475eb6eb4bc8,Quần Tây Nam Lịch Lãm Công Sở,Quần,29,Đen,1,489000,23/08/2025
HD02282,bf8bb740-6ff2-40aa-b164-ac144119c781,Giày Tây Nam Derby Lịch Lãm,Giày,42,Xám,1,990000,23/08/2025
HD02283,47321475-4386-4cf5-8b77-af01547cd204,Quần Baggy Nữ Hàn Quốc,Quần,L,Đen,2,429000,21/04/2026
HD02283,b3d420d4-d451-4c61-bd20-6636b4973e09,Cardigan Nữ Len Dệt Kim Kem,Cardigan,L,Be,1,499000,21/04/2026
HD02283,cc14f38d-1c5d-44e4-a577-c2add0a1b47e,Áo Sơ Mi Nữ Linen Kem,Áo sơ mi,L,Be,1,359000,21/04/2026
HD02283,b9070ded-f7bb-4ae7-8384-31f433f188c1,Quần Jogger Nam Kaki Túi Hộp,Quần,XL,Đen,1,350000,21/04/2026
HD02284,591f87ca-ccec-4d04-af4e-fe941c4ee72e,Giày Sneaker Trắng Unisex Streetwear,Giày,39,Trắng,2,650000,26/01/2025
HD02284,f79701c0-468d-45ca-a063-f2c32fead22e,Áo Polo Nam Basic,Áo thun,L,Xanh Navy,1,279000,26/01/2025
HD02284,565df8e7-d30d-4935-a0a2-bcd5ab5bf4a2,Quần Jeans Nam Slimfit Đen,Quần,31,Đen,2,549000,26/01/2025
HD02285,1d8256e6-c737-4a4c-86b9-b28f0c3112eb,Áo Sơ Mi Nữ Oxford Trắng,Áo sơ mi,L,Trắng,2,329000,14/04/2026
HD02285,7af62054-cb7c-43d5-8a7a-f6de97b8440d,Blazer Nữ Công Sở Premium,Blazer,L,Trắng,1,820000,14/04/2026
HD02286,591f87ca-ccec-4d04-af4e-fe941c4ee72e,Giày Sneaker Trắng Unisex Streetwear,Giày,42,Trắng,2,650000,12/03/2025
HD02286,565df8e7-d30d-4935-a0a2-bcd5ab5bf4a2,Quần Jeans Nam Slimfit Đen,Quần,30,Đen,2,549000,12/03/2025
HD02286,f79701c0-468d-45ca-a063-f2c32fead22e,Áo Polo Nam Basic,Áo thun,M,Xanh Navy,1,279000,12/03/2025
HD02286,2aad4182-f5b2-4e66-a70b-32fe3626ae38,Nón Bucket Basic Unisex,Nón,Free Size,Đen,1,180000,12/03/2025
HD02287,c9e6150b-fdf6-4a91-8f2c-d8bab75b9f2b,Hoodie Unisex Local Brand Cực Chất,Áo khoác,XL,Nâu,1,399000,13/02/2026
HD02287,591f87ca-ccec-4d04-af4e-fe941c4ee72e,Giày Sneaker Trắng Unisex Streetwear,Giày,42,Trắng,1,650000,13/02/2026
HD02287,72b9161e-e55b-4802-a1c7-d7f33e5ccb0d,Quần Jogger Nam,Quần,M,Xám,1,320000,13/02/2026
HD02288,3dbb0578-dc6f-4fc7-b609-b0fec9796c29,Áo Thun Unisex Loang Màu Tiedye,Áo thun,XL,Đen,1,210000,20/07/2025
HD02288,0d2d0b09-60dc-474a-a0d4-d49689e230b8,Quần Jeans Nữ Ống Rộng Culottes,Quần,M,Kem,2,529000,20/07/2025
HD02289,bb06c357-8eb3-4ffe-a765-1307de4e19eb,Mũ Len Unisex Mùa Đông Ấm Áp,Nón,Free Size,Xám,2,150000,11/02/2026
HD02289,1d9f44d7-0657-47ec-baf9-659b9bfe2f6d,Áo Len Nam Cổ Lọ Ấm Áp,Áo len,XL,Đen,1,520000,11/02/2026
HD02289,7a707f6c-7a4b-4392-80c8-475eb6eb4bc8,Quần Tây Nam Lịch Lãm Công Sở,Quần,31,Đen,2,489000,11/02/2026
HD02290,99f07ede-2b19-4f58-949e-3c20b4da9416,Nón Snapback Unisex Streetwear,Nón,Free Size,Xám,1,220000,24/10/2025
HD02290,8211c7e6-49da-422e-8c8e-61bf0288e356,Áo Thun Nam Oversize Cực Chất,Áo thun,M,Đen,2,220000,24/10/2025
HD02290,b9070ded-f7bb-4ae7-8384-31f433f188c1,Quần Jogger Nam Kaki Túi Hộp,Quần,L,Đen,2,350000,24/10/2025
HD02291,b9070ded-f7bb-4ae7-8384-31f433f188c1,Quần Jogger Nam Kaki Túi Hộp,Quần,XL,Đen,1,350000,28/05/2025
HD02291,99f07ede-2b19-4f58-949e-3c20b4da9416,Nón Snapback Unisex Streetwear,Nón,Free Size,Xám,2,220000,28/05/2025
HD02292,e6f18dbb-acb7-46bb-a116-d6111d7b40f8,Quần Jogger Nam Thể Thao Nỉ,Quần,L,Xám,1,320000,01/06/2025
HD02292,4ef3b541-6c86-4287-8090-28809b3559fe,Giày Chạy Bộ Nam Running Sport,Giày,42,Đen,1,790000,01/06/2025
HD02293,d687bdc0-7bd2-4fb3-b157-ef8d3c1b2135,Quần Jogger Unisex Nỉ Basic,Quần,XL,Xám,1,280000,17/02/2025
HD02293,ca7585c8-ddbf-4d1d-a666-37a7b963d906,Balo Unisex Thời Trang Chống Nước,Nón,Free Size,Trắng,1,450000,17/02/2025
HD02293,d15def0c-3a31-492a-ac97-382525c2218a,Áo Sweater Unisex Trơn Basic,Áo khoác,M,Nâu,1,320000,17/02/2025
HD02294,7af62054-cb7c-43d5-8a7a-f6de97b8440d,Blazer Nữ Công Sở Premium,Blazer,L,Trắng,2,820000,23/12/2025
HD02294,2d01e356-ac67-4d6f-83ce-e2c9ad89a55d,Quần Tây Nữ Ống Suông,Quần,S,Đen,1,459000,23/12/2025
HD02295,b8a6d3f1-ad5c-4c5b-adf9-7e766ed462a5,Nón Bucket Unisex Vải Kaki Trơn,Nón,Free Size,Đen,1,150000,27/10/2025
HD02295,591f87ca-ccec-4d04-af4e-fe941c4ee72e,Giày Sneaker Trắng Unisex Streetwear,Giày,39,Trắng,2,650000,27/10/2025
HD02296,2d01e356-ac67-4d6f-83ce-e2c9ad89a55d,Quần Tây Nữ Ống Suông,Quần,S,Đen,2,459000,20/04/2025
HD02296,1d8256e6-c737-4a4c-86b9-b28f0c3112eb,Áo Sơ Mi Nữ Oxford Trắng,Áo sơ mi,S,Trắng,2,329000,20/04/2025
HD02297,db900625-f6c9-41e1-a4eb-2042fcd9496f,Giày Cao Gót Nữ Đế Nhọn Công Sở,Giày,37,Trắng,1,490000,12/05/2026
HD02297,c36ca838-024f-462b-b202-e125f17c3a90,Áo Body Nữ Tay Dài Ôm Sát,Áo body,M,Đen,2,299000,12/05/2026
HD02297,409dbb70-64f9-445d-b146-33a6ba02b819,Váy Nữ Dự Tiệc Trễ Vai Sang Chảnh,Váy,M,Đỏ,1,690000,12/05/2026
HD02298,0f6632d3-5cf7-42d2-9157-f13f0084a634,Áo Khoác Nam Denim Classic,Áo khoác,M,Xanh,2,550000,28/02/2026
HD02298,bb06c357-8eb3-4ffe-a765-1307de4e19eb,Mũ Len Unisex Mùa Đông Ấm Áp,Nón,Free Size,Xám,2,150000,28/02/2026
HD02298,1d9f44d7-0657-47ec-baf9-659b9bfe2f6d,Áo Len Nam Cổ Lọ Ấm Áp,Áo len,L,Đen,1,520000,28/02/2026
HD02299,4ef3b541-6c86-4287-8090-28809b3559fe,Giày Chạy Bộ Nam Running Sport,Giày,41,Đen,1,790000,10/04/2025
HD02299,12c3c23d-b26f-4090-b661-3e330f928a84,Nón Thể Thao Unisex,Nón,Free Size,Trắng,1,160000,10/04/2025
HD02299,e6f18dbb-acb7-46bb-a116-d6111d7b40f8,Quần Jogger Nam Thể Thao Nỉ,Quần,XL,Xám,1,320000,10/04/2025
HD02300,b3d420d4-d451-4c61-bd20-6636b4973e09,Cardigan Nữ Len Dệt Kim Kem,Cardigan,L,Be,1,499000,24/03/2026
HD02300,cc14f38d-1c5d-44e4-a577-c2add0a1b47e,Áo Sơ Mi Nữ Linen Kem,Áo sơ mi,S,Be,2,359000,24/03/2026
HD02300,47321475-4386-4cf5-8b77-af01547cd204,Quần Baggy Nữ Hàn Quốc,Quần,S,Đen,1,429000,24/03/2026
HD02301,1571231f-22cc-4ac1-94b1-c01fcb332ed7,Túi Bao Tử Unisex Chống Nước,Nón,Free Size,Navy,2,220000,25/02/2026
HD02301,57d427ce-2cb0-4659-b346-22ed27f9bafa,Quần Baggy Nữ,Quần,S,Đen,2,429000,25/02/2026
HD02301,863bc572-8ddb-47bc-98e0-bff31818a347,Quần Ống Rộng Nữ,Quần,L,Kem,1,399000,25/02/2026
HD02301,538c2225-906f-42c8-8875-c759a7017d20,Áo Sweater Unisex Cổ Tròn Nỉ,Áo khoác,M,Nâu,1,310000,25/02/2026
HD02302,4ef3b541-6c86-4287-8090-28809b3559fe,Giày Chạy Bộ Nam Running Sport,Giày,42,Đen,2,790000,24/07/2025
HD02302,e6f18dbb-acb7-46bb-a116-d6111d7b40f8,Quần Jogger Nam Thể Thao Nỉ,Quần,XL,Xám,2,320000,24/07/2025
HD02303,8a7e2af6-1dec-44a6-bf40-5c5c403abe8c,Áo Sơ Mi Nam Vải Oxford Trắng,Áo sơ mi,M,Trắng,1,320000,02/02/2026
HD02303,cc14f38d-1c5d-44e4-a577-c2add0a1b47e,Áo Sơ Mi Nữ Linen Kem,Áo sơ mi,M,Be,1,359000,02/02/2026
HD02304,de2469aa-98bb-4048-b2d6-ca06feaff0f9,Ví Da Unisex Đựng Thẻ Tiện Lợi,Nón,Free Size,Navy,2,190000,05/01/2025
HD02304,cda0d51d-8c0e-423b-a4de-8d22cec903bf,Thắt Lưng Da Nữ Khóa Tròn Cổ Điển,Nón,Free Size,Trắng,1,250000,05/01/2025
HD02304,dc8af6b0-89d3-409a-98db-fb01be893d15,Giày Sneaker Da Lộn Unisex,Giày,40,Trắng,2,720000,05/01/2025
HD02304,565df8e7-d30d-4935-a0a2-bcd5ab5bf4a2,Quần Jeans Nam Slimfit Đen,Quần,32,Đen,2,549000,05/01/2025
HD02305,2d01e356-ac67-4d6f-83ce-e2c9ad89a55d,Quần Tây Nữ Ống Suông,Quần,M,Đen,1,459000,06/07/2025
HD02305,1d8256e6-c737-4a4c-86b9-b28f0c3112eb,Áo Sơ Mi Nữ Oxford Trắng,Áo sơ mi,L,Trắng,2,329000,06/07/2025
HD02305,7af62054-cb7c-43d5-8a7a-f6de97b8440d,Blazer Nữ Công Sở Premium,Blazer,L,Trắng,1,820000,06/07/2025
HD02306,409dbb70-64f9-445d-b146-33a6ba02b819,Váy Nữ Dự Tiệc Trễ Vai Sang Chảnh,Váy,S,Đỏ,2,690000,14/04/2026
HD02306,db900625-f6c9-41e1-a4eb-2042fcd9496f,Giày Cao Gót Nữ Đế Nhọn Công Sở,Giày,38,Trắng,2,490000,14/04/2026
HD02307,7a707f6c-7a4b-4392-80c8-475eb6eb4bc8,Quần Tây Nam Lịch Lãm Công Sở,Quần,32,Đen,1,489000,13/05/2025
HD02307,773638cb-7eea-46c3-8af4-3bce1ecb5dd2,Áo Polo Nam Công Sở Premium,Áo thun,XL,Xanh Navy,2,350000,13/05/2025
HD02308,99f07ede-2b19-4f58-949e-3c20b4da9416,Nón Snapback Unisex Streetwear,Nón,Free Size,Xám,2,220000,02/03/2025
HD02308,8211c7e6-49da-422e-8c8e-61bf0288e356,Áo Thun Nam Oversize Cực Chất,Áo thun,L,Đen,2,220000,02/03/2025
HD02308,b9070ded-f7bb-4ae7-8384-31f433f188c1,Quần Jogger Nam Kaki Túi Hộp,Quần,XL,Đen,1,350000,02/03/2025
HD02309,538c2225-906f-42c8-8875-c759a7017d20,Áo Sweater Unisex Cổ Tròn Nỉ,Áo khoác,M,Nâu,2,310000,25/10/2025
HD02309,db900625-f6c9-41e1-a4eb-2042fcd9496f,Giày Cao Gót Nữ Đế Nhọn Công Sở,Giày,37,Trắng,2,490000,25/10/2025
HD02309,863bc572-8ddb-47bc-98e0-bff31818a347,Quần Ống Rộng Nữ,Quần,S,Kem,1,399000,25/10/2025
HD02310,85f5b187-a705-4316-b553-16ca69de626b,Áo len phong cách cho nam,Áo len,S,Đen,2,789000,11/07/2025
HD02310,c1e91e52-aef3-48ee-98d1-ddb905271917,Quần Tây Nữ Công Sở,Quần,M,Đen,2,459000,11/07/2025
HD02310,0f6632d3-5cf7-42d2-9157-f13f0084a634,Áo Khoác Nam Denim Classic,Áo khoác,L,Xanh,1,550000,11/07/2025
HD02310,12c3c23d-b26f-4090-b661-3e330f928a84,Nón Thể Thao Unisex,Nón,Free Size,Trắng,1,160000,11/07/2025
HD02310,56edf28b-737a-4e1d-8e76-51796deff112,Nón Lưỡi Trai Unisex Basic Đen,Nón,Free Size,Đen,2,99000,11/07/2025
HD02311,b3d420d4-d451-4c61-bd20-6636b4973e09,Cardigan Nữ Len Dệt Kim Kem,Cardigan,M,Be,1,499000,18/09/2025
HD02311,cc14f38d-1c5d-44e4-a577-c2add0a1b47e,Áo Sơ Mi Nữ Linen Kem,Áo sơ mi,M,Be,2,359000,18/09/2025
HD02311,47321475-4386-4cf5-8b77-af01547cd204,Quần Baggy Nữ Hàn Quốc,Quần,S,Đen,1,429000,18/09/2025
HD02312,db900625-f6c9-41e1-a4eb-2042fcd9496f,Giày Cao Gót Nữ Đế Nhọn Công Sở,Giày,39,Trắng,1,490000,28/04/2026
HD02312,409dbb70-64f9-445d-b146-33a6ba02b819,Váy Nữ Dự Tiệc Trễ Vai Sang Chảnh,Váy,S,Đỏ,1,690000,28/04/2026
HD02313,12c3c23d-b26f-4090-b661-3e330f928a84,Nón Thể Thao Unisex,Nón,Free Size,Trắng,1,160000,20/08/2025
HD02313,4ef3b541-6c86-4287-8090-28809b3559fe,Giày Chạy Bộ Nam Running Sport,Giày,40,Đen,2,790000,20/08/2025
HD02314,7cdfc8c2-6d7e-4c07-9981-f669040ff7a9,Áo Khoác Gió Nam Chống Nước,Áo khoác,XL,Đen,1,450000,08/09/2025
HD02314,6b452c2a-fe5a-4690-b45c-b4a40e2c0822,Nón Thể Thao Unisex,Nón,Free Size,Trắng,1,190000,08/09/2025
HD02314,6e959b97-7e1c-49d4-a62d-1d3bdaa3a97c,Áo Len Nam Hàn Quốc,Áo len,L,Kem,2,499000,08/09/2025
HD02314,1246b9f6-1cf6-4a6f-a0c4-8f8e34c3e4e8,Giày Running Sport Unisex,Giày,42,Đen,2,790000,08/09/2025
HD02315,b675c96d-da9f-4712-a11c-0596cc052da0,Giày Sneaker Cổ Cao Unisex,Giày,38,Trắng,2,690000,15/01/2025
HD02315,35c4d88a-3b69-47a7-933e-e5bc205c5fd5,Quần Jeans Nữ Skinny Cạp Cao,Quần,S,Xanh,1,489000,15/01/2025
HD02315,61017231-ff80-414c-8355-84b4bfd8f3fb,Áo Sơ Mi Nữ Oxford,Áo sơ mi,M,Trắng,1,329000,15/01/2025
HD02315,33732f38-6563-44e9-a85f-09fcdda0aa6f,Blazer Nữ Dáng Ngắn Thời Thượng,Blazer,M,Be,2,790000,15/01/2025
HD02316,c9e6150b-fdf6-4a91-8f2c-d8bab75b9f2b,Hoodie Unisex Local Brand Cực Chất,Áo khoác,XL,Nâu,1,399000,04/02/2025
HD02316,591f87ca-ccec-4d04-af4e-fe941c4ee72e,Giày Sneaker Trắng Unisex Streetwear,Giày,42,Trắng,2,650000,04/02/2025
HD02317,b3d420d4-d451-4c61-bd20-6636b4973e09,Cardigan Nữ Len Dệt Kim Kem,Cardigan,M,Be,2,499000,03/06/2025
HD02317,47321475-4386-4cf5-8b77-af01547cd204,Quần Baggy Nữ Hàn Quốc,Quần,L,Đen,1,429000,03/06/2025
HD02317,cc14f38d-1c5d-44e4-a577-c2add0a1b47e,Áo Sơ Mi Nữ Linen Kem,Áo sơ mi,M,Be,2,359000,03/06/2025
HD02318,d687bdc0-7bd2-4fb3-b157-ef8d3c1b2135,Quần Jogger Unisex Nỉ Basic,Quần,L,Xám,1,280000,21/04/2025
HD02318,d15def0c-3a31-492a-ac97-382525c2218a,Áo Sweater Unisex Trơn Basic,Áo khoác,L,Nâu,1,320000,21/04/2025
HD02318,ca7585c8-ddbf-4d1d-a666-37a7b963d906,Balo Unisex Thời Trang Chống Nước,Nón,Free Size,Trắng,2,450000,21/04/2025
HD02318,c04e8b6a-b8be-4231-9377-710ae7bb8e46,Áo Body Nữ Croptop,Áo body,M,Đen,2,289000,21/04/2025
HD02319,45cc86fe-2abb-4420-8516-4718ae1f9990,Cardigan Nữ Oversize,Cardigan,L,Nâu,1,459000,28/02/2026
HD02319,206646b2-8c77-4e51-b71d-a942c17cbc4b,Quần Short Unisex Dù Gió,Quần,XL,Xanh,2,150000,28/02/2026
HD02319,105ad1ba-828c-468d-b1e2-33860aced25e,Giày Tây Nam Oxford Da Bò,Giày,40,Xám,1,1200000,28/02/2026
HD02320,2840661b-b758-4365-9ddb-51837e109ce7,Áo Thun Nam Local Brand,Áo thun,L,Xám,2,199000,16/02/2025
HD02320,4b45ae2f-6d60-448a-85ad-61b9796446ed,Áo Thun Tay Lỡ Unisex Form Rộng,Áo thun,XL,Trắng,2,199000,16/02/2025
HD02321,ca7585c8-ddbf-4d1d-a666-37a7b963d906,Balo Unisex Thời Trang Chống Nước,Nón,Free Size,Trắng,2,450000,01/01/2025
HD02321,d15def0c-3a31-492a-ac97-382525c2218a,Áo Sweater Unisex Trơn Basic,Áo khoác,L,Nâu,2,320000,01/01/2025
HD02322,e6f18dbb-acb7-46bb-a116-d6111d7b40f8,Quần Jogger Nam Thể Thao Nỉ,Quần,L,Xám,1,320000,14/06/2025
HD02322,12c3c23d-b26f-4090-b661-3e330f928a84,Nón Thể Thao Unisex,Nón,Free Size,Trắng,1,160000,14/06/2025
HD02323,773638cb-7eea-46c3-8af4-3bce1ecb5dd2,Áo Polo Nam Công Sở Premium,Áo thun,XL,Xanh Navy,2,350000,13/05/2026
HD02323,bf8bb740-6ff2-40aa-b164-ac144119c781,Giày Tây Nam Derby Lịch Lãm,Giày,42,Xám,2,990000,13/05/2026
HD02323,7a707f6c-7a4b-4392-80c8-475eb6eb4bc8,Quần Tây Nam Lịch Lãm Công Sở,Quần,29,Đen,2,489000,13/05/2026
HD02324,1246b9f6-1cf6-4a6f-a0c4-8f8e34c3e4e8,Giày Running Sport Unisex,Giày,40,Đen,1,790000,14/10/2025
HD02324,08f8884f-159a-4ac0-956a-63c1d86d3552,Quần short Nam,Quần,L,Đen,1,189000,14/10/2025
HD02324,5b589295-6165-44f3-840e-bdf84d3c964e,Áo Body Nữ Giữ Nhiệt Bamboo Cổ Tròn,Áo body,S,Đen,1,329000,14/10/2025
HD02324,9b3e4d7c-96f1-4236-826e-5f32678a9fc4,Quần Jeans Nam,Quần,31,Xanh nhạt,1,549000,14/10/2025
HD02324,00cd794a-d248-4ee5-82bc-6f47e4552024,Giày Thể Thao Unisex Chunky,Giày,39,Trắng,2,850000,14/10/2025
HD02325,d15def0c-3a31-492a-ac97-382525c2218a,Áo Sweater Unisex Trơn Basic,Áo khoác,M,Nâu,2,320000,08/04/2025
HD02325,ca7585c8-ddbf-4d1d-a666-37a7b963d906,Balo Unisex Thời Trang Chống Nước,Nón,Free Size,Trắng,1,450000,08/04/2025
HD02325,d687bdc0-7bd2-4fb3-b157-ef8d3c1b2135,Quần Jogger Unisex Nỉ Basic,Quần,XL,Xám,1,280000,08/04/2025
HD02326,1d9f44d7-0657-47ec-baf9-659b9bfe2f6d,Áo Len Nam Cổ Lọ Ấm Áp,Áo len,XL,Đen,1,520000,23/02/2025
HD02326,bb06c357-8eb3-4ffe-a765-1307de4e19eb,Mũ Len Unisex Mùa Đông Ấm Áp,Nón,Free Size,Xám,2,150000,23/02/2025
HD02327,99f07ede-2b19-4f58-949e-3c20b4da9416,Nón Snapback Unisex Streetwear,Nón,Free Size,Xám,1,220000,05/04/2025
HD02327,8211c7e6-49da-422e-8c8e-61bf0288e356,Áo Thun Nam Oversize Cực Chất,Áo thun,M,Đen,2,220000,05/04/2025
HD02327,ca7585c8-ddbf-4d1d-a666-37a7b963d906,Balo Unisex Thời Trang Chống Nước,Nón,Free Size,Trắng,1,450000,05/04/2025
HD02328,538c2225-906f-42c8-8875-c759a7017d20,Áo Sweater Unisex Cổ Tròn Nỉ,Áo khoác,L,Nâu,2,310000,30/10/2025
HD02328,105ad1ba-828c-468d-b1e2-33860aced25e,Giày Tây Nam Oxford Da Bò,Giày,39,Xám,1,1200000,30/10/2025
HD02329,4ef3b541-6c86-4287-8090-28809b3559fe,Giày Chạy Bộ Nam Running Sport,Giày,41,Đen,1,790000,05/01/2026
HD02329,e6f18dbb-acb7-46bb-a116-d6111d7b40f8,Quần Jogger Nam Thể Thao Nỉ,Quần,M,Xám,1,320000,05/01/2026
HD02329,12c3c23d-b26f-4090-b661-3e330f928a84,Nón Thể Thao Unisex,Nón,Free Size,Trắng,2,160000,05/01/2026
HD02329,538c2225-906f-42c8-8875-c759a7017d20,Áo Sweater Unisex Cổ Tròn Nỉ,Áo khoác,L,Nâu,1,310000,05/01/2026
HD02330,1d8256e6-c737-4a4c-86b9-b28f0c3112eb,Áo Sơ Mi Nữ Oxford Trắng,Áo sơ mi,S,Trắng,2,329000,28/11/2025
HD02330,7af62054-cb7c-43d5-8a7a-f6de97b8440d,Blazer Nữ Công Sở Premium,Blazer,L,Trắng,1,820000,28/11/2025
HD02330,2d01e356-ac67-4d6f-83ce-e2c9ad89a55d,Quần Tây Nữ Ống Suông,Quần,M,Đen,2,459000,28/11/2025
HD02331,7af62054-cb7c-43d5-8a7a-f6de97b8440d,Blazer Nữ Công Sở Premium,Blazer,S,Trắng,2,820000,11/01/2026
HD02331,2d01e356-ac67-4d6f-83ce-e2c9ad89a55d,Quần Tây Nữ Ống Suông,Quần,M,Đen,1,459000,11/01/2026
HD02332,b9070ded-f7bb-4ae7-8384-31f433f188c1,Quần Jogger Nam Kaki Túi Hộp,Quần,L,Đen,2,350000,27/06/2025
HD02332,2d01e356-ac67-4d6f-83ce-e2c9ad89a55d,Quần Tây Nữ Ống Suông,Quần,S,Đen,2,459000,27/06/2025
HD02332,cc14f38d-1c5d-44e4-a577-c2add0a1b47e,Áo Sơ Mi Nữ Linen Kem,Áo sơ mi,S,Be,2,359000,27/06/2025
HD02332,3519fffb-6ea3-4fe0-947e-6d8b8e470b7a,Váy Nữ Maxi Đi Biển Dịu Dàng,Váy,S,Be,2,550000,27/06/2025
HD02333,47321475-4386-4cf5-8b77-af01547cd204,Quần Baggy Nữ Hàn Quốc,Quần,XL,Đen,2,429000,08/06/2025
HD02333,b3d420d4-d451-4c61-bd20-6636b4973e09,Cardigan Nữ Len Dệt Kim Kem,Cardigan,L,Be,2,499000,08/06/2025
HD02334,b8a6d3f1-ad5c-4c5b-adf9-7e766ed462a5,Nón Bucket Unisex Vải Kaki Trơn,Nón,Free Size,Đen,1,150000,21/11/2025
HD02334,c9e6150b-fdf6-4a91-8f2c-d8bab75b9f2b,Hoodie Unisex Local Brand Cực Chất,Áo khoác,L,Nâu,2,399000,21/11/2025
HD02335,565df8e7-d30d-4935-a0a2-bcd5ab5bf4a2,Quần Jeans Nam Slimfit Đen,Quần,32,Đen,1,549000,08/01/2026
HD02335,591f87ca-ccec-4d04-af4e-fe941c4ee72e,Giày Sneaker Trắng Unisex Streetwear,Giày,41,Trắng,2,650000,08/01/2026
HD02335,f79701c0-468d-45ca-a063-f2c32fead22e,Áo Polo Nam Basic,Áo thun,L,Xanh Navy,1,279000,08/01/2026
HD02335,6d9ff3b3-09bc-4a76-b2f0-891905840fe3,Áo Thun Nữ Form Rộng Giấu Quần,Áo thun,M,Trắng,2,160000,08/01/2026
HD02336,db900625-f6c9-41e1-a4eb-2042fcd9496f,Giày Cao Gót Nữ Đế Nhọn Công Sở,Giày,37,Trắng,2,490000,02/10/2025
HD02336,409dbb70-64f9-445d-b146-33a6ba02b819,Váy Nữ Dự Tiệc Trễ Vai Sang Chảnh,Váy,L,Đỏ,1,690000,02/10/2025
HD02337,773638cb-7eea-46c3-8af4-3bce1ecb5dd2,Áo Polo Nam Công Sở Premium,Áo thun,XL,Xanh Navy,2,350000,27/02/2026
HD02337,7a707f6c-7a4b-4392-80c8-475eb6eb4bc8,Quần Tây Nam Lịch Lãm Công Sở,Quần,32,Đen,2,489000,27/02/2026
HD02338,d687bdc0-7bd2-4fb3-b157-ef8d3c1b2135,Quần Jogger Unisex Nỉ Basic,Quần,L,Xám,2,280000,13/06/2025
HD02338,ca7585c8-ddbf-4d1d-a666-37a7b963d906,Balo Unisex Thời Trang Chống Nước,Nón,Free Size,Trắng,1,450000,13/06/2025
HD02339,4ef3b541-6c86-4287-8090-28809b3559fe,Giày Chạy Bộ Nam Running Sport,Giày,43,Đen,1,790000,03/03/2026
HD02339,e6f18dbb-acb7-46bb-a116-d6111d7b40f8,Quần Jogger Nam Thể Thao Nỉ,Quần,M,Xám,1,320000,03/03/2026
HD02339,12c3c23d-b26f-4090-b661-3e330f928a84,Nón Thể Thao Unisex,Nón,Free Size,Trắng,1,160000,03/03/2026
HD02340,7af62054-cb7c-43d5-8a7a-f6de97b8440d,Blazer Nữ Công Sở Premium,Blazer,L,Trắng,2,820000,06/02/2025
HD02340,2d01e356-ac67-4d6f-83ce-e2c9ad89a55d,Quần Tây Nữ Ống Suông,Quần,L,Đen,2,459000,06/02/2025
HD02340,1d8256e6-c737-4a4c-86b9-b28f0c3112eb,Áo Sơ Mi Nữ Oxford Trắng,Áo sơ mi,M,Trắng,1,329000,06/02/2025
HD02341,ca7585c8-ddbf-4d1d-a666-37a7b963d906,Balo Unisex Thời Trang Chống Nước,Nón,Free Size,Trắng,1,450000,24/03/2026
HD02341,d15def0c-3a31-492a-ac97-382525c2218a,Áo Sweater Unisex Trơn Basic,Áo khoác,M,Nâu,1,320000,24/03/2026
HD02341,d687bdc0-7bd2-4fb3-b157-ef8d3c1b2135,Quần Jogger Unisex Nỉ Basic,Quần,L,Xám,1,280000,24/03/2026
HD02342,f79701c0-468d-45ca-a063-f2c32fead22e,Áo Polo Nam Basic,Áo thun,S,Xanh Navy,2,279000,30/01/2025
HD02342,565df8e7-d30d-4935-a0a2-bcd5ab5bf4a2,Quần Jeans Nam Slimfit Đen,Quần,31,Đen,2,549000,30/01/2025
HD02342,2d01e356-ac67-4d6f-83ce-e2c9ad89a55d,Quần Tây Nữ Ống Suông,Quần,S,Đen,2,459000,30/01/2025
HD02343,8a7e2af6-1dec-44a6-bf40-5c5c403abe8c,Áo Sơ Mi Nam Vải Oxford Trắng,Áo sơ mi,S,Trắng,1,320000,04/02/2025
HD02343,c04e8b6a-b8be-4231-9377-710ae7bb8e46,Áo Body Nữ Croptop,Áo body,M,Đen,2,289000,04/02/2025
HD02343,b8a6d3f1-ad5c-4c5b-adf9-7e766ed462a5,Nón Bucket Unisex Vải Kaki Trơn,Nón,Free Size,Đen,2,150000,04/02/2025
HD02343,5aee6bb0-ffad-4321-976e-a7a74709d94d,Dép Unisex Quai Ngang Êm Chân,Giày,40,Đen,2,150000,04/02/2025
HD02343,16685b4a-ab63-4a1f-ab9f-b4255995921e,Blazer Nữ Basic,Blazer,S,Be,1,720000,04/02/2025
HD02344,1d8256e6-c737-4a4c-86b9-b28f0c3112eb,Áo Sơ Mi Nữ Oxford Trắng,Áo sơ mi,L,Trắng,1,329000,21/10/2025
HD02344,2d01e356-ac67-4d6f-83ce-e2c9ad89a55d,Quần Tây Nữ Ống Suông,Quần,S,Đen,1,459000,21/10/2025
HD02344,7af62054-cb7c-43d5-8a7a-f6de97b8440d,Blazer Nữ Công Sở Premium,Blazer,S,Trắng,2,820000,21/10/2025
HD02344,0537aac5-9d37-4ea1-bee3-5ed3851cc79d,Áo Sơ Mi Nam Vải Linen Xanh,Áo sơ mi,M,Xanh,1,340000,21/10/2025
HD02345,1d8256e6-c737-4a4c-86b9-b28f0c3112eb,Áo Sơ Mi Nữ Oxford Trắng,Áo sơ mi,L,Trắng,1,329000,12/08/2025
HD02345,7af62054-cb7c-43d5-8a7a-f6de97b8440d,Blazer Nữ Công Sở Premium,Blazer,L,Trắng,2,820000,12/08/2025
HD02345,2d01e356-ac67-4d6f-83ce-e2c9ad89a55d,Quần Tây Nữ Ống Suông,Quần,S,Đen,1,459000,12/08/2025
HD02346,fb99d5a6-90f1-4a0e-931d-e0f87e9f92e9,Áo Body Nữ Basic,Áo body,S,Trắng,2,269000,16/01/2025
HD02346,01a62d8d-11a8-4f0e-95c8-28324f5438b6,Áo Body Nữ Basic Cổ Lọ,Áo body,L,Trắng,2,269000,16/01/2025
HD02346,4bdea4f1-6aa9-4f3d-99e7-1c679695c149,Cardigan Nữ Dệt Kim,Cardigan,M,Be,1,499000,16/01/2025
HD02346,16685b4a-ab63-4a1f-ab9f-b4255995921e,Blazer Nữ Basic,Blazer,L,Be,2,720000,16/01/2025
HD02347,565df8e7-d30d-4935-a0a2-bcd5ab5bf4a2,Quần Jeans Nam Slimfit Đen,Quần,32,Đen,2,549000,16/01/2025
HD02347,538c2225-906f-42c8-8875-c759a7017d20,Áo Sweater Unisex Cổ Tròn Nỉ,Áo khoác,L,Nâu,2,310000,16/01/2025
HD02348,99f07ede-2b19-4f58-949e-3c20b4da9416,Nón Snapback Unisex Streetwear,Nón,Free Size,Xám,1,220000,13/08/2025
HD02348,b9070ded-f7bb-4ae7-8384-31f433f188c1,Quần Jogger Nam Kaki Túi Hộp,Quần,M,Đen,2,350000,13/08/2025
HD02348,8211c7e6-49da-422e-8c8e-61bf0288e356,Áo Thun Nam Oversize Cực Chất,Áo thun,L,Đen,2,220000,13/08/2025
HD02349,99f07ede-2b19-4f58-949e-3c20b4da9416,Nón Snapback Unisex Streetwear,Nón,Free Size,Xám,2,220000,08/01/2026
HD02349,8211c7e6-49da-422e-8c8e-61bf0288e356,Áo Thun Nam Oversize Cực Chất,Áo thun,XL,Đen,1,220000,08/01/2026
HD02350,d687bdc0-7bd2-4fb3-b157-ef8d3c1b2135,Quần Jogger Unisex Nỉ Basic,Quần,M,Xám,1,280000,12/03/2026
HD02350,ca7585c8-ddbf-4d1d-a666-37a7b963d906,Balo Unisex Thời Trang Chống Nước,Nón,Free Size,Trắng,1,450000,12/03/2026
HD02350,d15def0c-3a31-492a-ac97-382525c2218a,Áo Sweater Unisex Trơn Basic,Áo khoác,L,Nâu,2,320000,12/03/2026
HD02351,591f87ca-ccec-4d04-af4e-fe941c4ee72e,Giày Sneaker Trắng Unisex Streetwear,Giày,41,Trắng,1,650000,24/01/2025
HD02351,f79701c0-468d-45ca-a063-f2c32fead22e,Áo Polo Nam Basic,Áo thun,L,Xanh Navy,1,279000,24/01/2025
HD02351,c356d946-1d0c-4868-a400-11e664e1c6c1,Áo Thun Nam Cotton Organic,Áo thun,L,Xám,1,190000,24/01/2025
HD02352,1d8256e6-c737-4a4c-86b9-b28f0c3112eb,Áo Sơ Mi Nữ Oxford Trắng,Áo sơ mi,S,Trắng,1,329000,16/07/2025
HD02352,740d378a-17ab-4db0-aa7b-961840cb0ad8,Blazer Nữ Premium,Blazer,M,Đen,1,990000,16/07/2025
HD02352,bca6a5e3-a504-49ff-8fe8-bf5c131d57e5,Áo Sơ Mi Nam Kẻ Sọc Công Sở,Áo sơ mi,L,Xanh,1,330000,16/07/2025
HD02353,565df8e7-d30d-4935-a0a2-bcd5ab5bf4a2,Quần Jeans Nam Slimfit Đen,Quần,32,Đen,2,549000,08/05/2026
HD02353,591f87ca-ccec-4d04-af4e-fe941c4ee72e,Giày Sneaker Trắng Unisex Streetwear,Giày,42,Trắng,2,650000,08/05/2026
HD02354,90594d6e-3ae8-44bc-be8b-4d8d5d4c89fe,Cardigan Nữ Basic,Cardigan,S,Trắng,2,379000,28/11/2025
HD02354,1654922e-d123-4e17-9ca0-cdae32820ab6,Vớ Unisex Cotton Cổ Cao Sọc,Nón,Free Size,Trắng,1,49000,28/11/2025
HD02354,1d99fb01-0c7c-4f56-86b7-e573663b11e2,Áo Thun Nam Oversize Streetwear,Áo thun,XL,Đen,1,239000,28/11/2025
HD02354,6e959b97-7e1c-49d4-a62d-1d3bdaa3a97c,Áo Len Nam Hàn Quốc,Áo len,L,Nâu,1,499000,28/11/2025
HD02355,4ef3b541-6c86-4287-8090-28809b3559fe,Giày Chạy Bộ Nam Running Sport,Giày,42,Đen,1,790000,11/11/2025
HD02355,12c3c23d-b26f-4090-b661-3e330f928a84,Nón Thể Thao Unisex,Nón,Free Size,Trắng,1,160000,11/11/2025
HD02355,e6f18dbb-acb7-46bb-a116-d6111d7b40f8,Quần Jogger Nam Thể Thao Nỉ,Quần,M,Xám,1,320000,11/11/2025
HD02356,1d8256e6-c737-4a4c-86b9-b28f0c3112eb,Áo Sơ Mi Nữ Oxford Trắng,Áo sơ mi,S,Trắng,1,329000,20/05/2025
HD02356,2d01e356-ac67-4d6f-83ce-e2c9ad89a55d,Quần Tây Nữ Ống Suông,Quần,L,Đen,2,459000,20/05/2025
HD02356,7af62054-cb7c-43d5-8a7a-f6de97b8440d,Blazer Nữ Công Sở Premium,Blazer,M,Trắng,2,820000,20/05/2025
HD02357,b8a6d3f1-ad5c-4c5b-adf9-7e766ed462a5,Nón Bucket Unisex Vải Kaki Trơn,Nón,Free Size,Đen,1,150000,04/02/2026
HD02357,591f87ca-ccec-4d04-af4e-fe941c4ee72e,Giày Sneaker Trắng Unisex Streetwear,Giày,40,Trắng,2,650000,04/02/2026
HD02357,c9e6150b-fdf6-4a91-8f2c-d8bab75b9f2b,Hoodie Unisex Local Brand Cực Chất,Áo khoác,M,Nâu,2,399000,04/02/2026
HD02358,47321475-4386-4cf5-8b77-af01547cd204,Quần Baggy Nữ Hàn Quốc,Quần,S,Đen,2,429000,22/01/2025
HD02358,b3d420d4-d451-4c61-bd20-6636b4973e09,Cardigan Nữ Len Dệt Kim Kem,Cardigan,S,Be,1,499000,22/01/2025
HD02359,6b452c2a-fe5a-4690-b45c-b4a40e2c0822,Nón Thể Thao Unisex,Nón,Free Size,Trắng,1,190000,27/12/2025
HD02359,93efef1b-4c47-4682-af31-84004a28c573,Nón Snapback Unisex,Nón,Free Size,Xám,1,220000,27/12/2025
HD02359,acaeda25-b325-467b-b332-a71ebd9078d8,Áo Khoác Nam Bomber Nhung Tăm,Áo khoác,M,Đen,1,499000,27/12/2025
HD02359,306ab081-eb9c-4df5-8b30-1f55f1daa354,Quần Kaki Nam Short Casual,Quần,L,Đen,1,249000,27/12/2025
HD02359,2139d828-a4c0-4f2e-90e4-3cfb3420bf70,Bộ Vest Nam Cao Cấp Sang Trọng,Blazer,L,Đen,1,1500000,27/12/2025
HD02360,591f87ca-ccec-4d04-af4e-fe941c4ee72e,Giày Sneaker Trắng Unisex Streetwear,Giày,39,Trắng,2,650000,16/06/2025
HD02360,c9e6150b-fdf6-4a91-8f2c-d8bab75b9f2b,Hoodie Unisex Local Brand Cực Chất,Áo khoác,XL,Nâu,1,399000,16/06/2025
HD02360,b8a6d3f1-ad5c-4c5b-adf9-7e766ed462a5,Nón Bucket Unisex Vải Kaki Trơn,Nón,Free Size,Đen,2,150000,16/06/2025
HD02361,ca7585c8-ddbf-4d1d-a666-37a7b963d906,Balo Unisex Thời Trang Chống Nước,Nón,Free Size,Trắng,1,450000,20/04/2025
HD02361,538c2225-906f-42c8-8875-c759a7017d20,Áo Sweater Unisex Cổ Tròn Nỉ,Áo khoác,M,Nâu,1,310000,20/04/2025
HD02361,d756eba2-7d66-4274-b91e-a18e6827f867,Giày Boot Da Nam Chelsea Lịch Lãm,Giày,42,Xám,2,1100000,20/04/2025
HD02362,1d8256e6-c737-4a4c-86b9-b28f0c3112eb,Áo Sơ Mi Nữ Oxford Trắng,Áo sơ mi,M,Trắng,1,329000,11/05/2026
HD02362,cda0d51d-8c0e-423b-a4de-8d22cec903bf,Thắt Lưng Da Nữ Khóa Tròn Cổ Điển,Nón,Free Size,Trắng,2,250000,11/05/2026
HD02363,e6f18dbb-acb7-46bb-a116-d6111d7b40f8,Quần Jogger Nam Thể Thao Nỉ,Quần,M,Xám,2,320000,03/02/2025
HD02363,4ef3b541-6c86-4287-8090-28809b3559fe,Giày Chạy Bộ Nam Running Sport,Giày,43,Đen,1,790000,03/02/2025
HD02364,b9070ded-f7bb-4ae7-8384-31f433f188c1,Quần Jogger Nam Kaki Túi Hộp,Quần,XL,Đen,2,350000,21/08/2025
HD02364,99f07ede-2b19-4f58-949e-3c20b4da9416,Nón Snapback Unisex Streetwear,Nón,Free Size,Xám,2,220000,21/08/2025
HD02364,8211c7e6-49da-422e-8c8e-61bf0288e356,Áo Thun Nam Oversize Cực Chất,Áo thun,L,Đen,1,220000,21/08/2025
HD02365,ac85d49f-37a3-47d2-9850-04adc3abecfb,Mắt Kính Unisex Chống Tia UV,Nón,Free Size,Đen,1,290000,13/10/2025
HD02365,2aad4182-f5b2-4e66-a70b-32fe3626ae38,Nón Bucket Basic Unisex,Nón,Free Size,Đen,2,180000,13/10/2025
HD02365,b44f5194-d6f8-497b-b568-738d7d09c9e4,Áo Thun Nữ Croptop Cổ Tim,Áo thun,S,Trắng,1,120000,13/10/2025
HD02365,773638cb-7eea-46c3-8af4-3bce1ecb5dd2,Áo Polo Nam Công Sở Premium,Áo thun,M,Xanh Navy,1,350000,13/10/2025
HD02366,20ecab60-6f47-43a3-b5a2-8c73d262ff50,Váy Nữ Dự Tiệc Cao Cấp,Váy,L,Đỏ,1,690000,18/01/2026
HD02366,5aee6bb0-ffad-4321-976e-a7a74709d94d,Dép Unisex Quai Ngang Êm Chân,Giày,38,Đen,1,150000,18/01/2026
HD02366,538c2225-906f-42c8-8875-c759a7017d20,Áo Sweater Unisex Cổ Tròn Nỉ,Áo khoác,L,Nâu,1,310000,18/01/2026
HD02367,bf8bb740-6ff2-40aa-b164-ac144119c781,Giày Tây Nam Derby Lịch Lãm,Giày,39,Xám,2,990000,27/10/2025
HD02367,773638cb-7eea-46c3-8af4-3bce1ecb5dd2,Áo Polo Nam Công Sở Premium,Áo thun,XXL,Xanh Navy,1,350000,27/10/2025
HD02367,7a707f6c-7a4b-4392-80c8-475eb6eb4bc8,Quần Tây Nam Lịch Lãm Công Sở,Quần,29,Đen,1,489000,27/10/2025
HD02367,b3d420d4-d451-4c61-bd20-6636b4973e09,Cardigan Nữ Len Dệt Kim Kem,Cardigan,M,Be,1,499000,27/10/2025
HD02368,c36ca838-024f-462b-b202-e125f17c3a90,Áo Body Nữ Tay Dài Ôm Sát,Áo body,M,Đen,2,299000,23/03/2025
HD02368,409dbb70-64f9-445d-b146-33a6ba02b819,Váy Nữ Dự Tiệc Trễ Vai Sang Chảnh,Váy,S,Đỏ,1,690000,23/03/2025
HD02369,4ef3b541-6c86-4287-8090-28809b3559fe,Giày Chạy Bộ Nam Running Sport,Giày,43,Đen,1,790000,08/04/2026
HD02369,e6f18dbb-acb7-46bb-a116-d6111d7b40f8,Quần Jogger Nam Thể Thao Nỉ,Quần,M,Xám,1,320000,08/04/2026
HD02369,12c3c23d-b26f-4090-b661-3e330f928a84,Nón Thể Thao Unisex,Nón,Free Size,Trắng,2,160000,08/04/2026
HD02369,c90322dd-72a9-41d6-bbd0-c581d78ab911,Giày Sneaker Trắng Unisex,Giày,40,Trắng,1,650000,08/04/2026
HD02370,c9e6150b-fdf6-4a91-8f2c-d8bab75b9f2b,Hoodie Unisex Local Brand Cực Chất,Áo khoác,XL,Nâu,2,399000,08/04/2025
HD02370,b8a6d3f1-ad5c-4c5b-adf9-7e766ed462a5,Nón Bucket Unisex Vải Kaki Trơn,Nón,Free Size,Đen,1,150000,08/04/2025
HD02370,3d8984b4-57a3-4d52-913c-2a11d9222ede,Áo Thun Nam Basic,Áo thun,L,Trắng,2,199000,08/04/2025
HD02371,591f87ca-ccec-4d04-af4e-fe941c4ee72e,Giày Sneaker Trắng Unisex Streetwear,Giày,39,Trắng,1,650000,22/01/2025
HD02371,c9e6150b-fdf6-4a91-8f2c-d8bab75b9f2b,Hoodie Unisex Local Brand Cực Chất,Áo khoác,M,Nâu,2,399000,22/01/2025
HD02372,bb06c357-8eb3-4ffe-a765-1307de4e19eb,Mũ Len Unisex Mùa Đông Ấm Áp,Nón,Free Size,Xám,2,150000,10/01/2025
HD02372,0f6632d3-5cf7-42d2-9157-f13f0084a634,Áo Khoác Nam Denim Classic,Áo khoác,L,Xanh,2,550000,10/01/2025
HD02372,1d9f44d7-0657-47ec-baf9-659b9bfe2f6d,Áo Len Nam Cổ Lọ Ấm Áp,Áo len,M,Đen,2,520000,10/01/2025
HD02373,bb06c357-8eb3-4ffe-a765-1307de4e19eb,Mũ Len Unisex Mùa Đông Ấm Áp,Nón,Free Size,Xám,1,150000,28/03/2026
HD02373,0f6632d3-5cf7-42d2-9157-f13f0084a634,Áo Khoác Nam Denim Classic,Áo khoác,M,Xanh,2,550000,28/03/2026
HD02374,47321475-4386-4cf5-8b77-af01547cd204,Quần Baggy Nữ Hàn Quốc,Quần,L,Đen,1,429000,13/03/2026
HD02374,cc14f38d-1c5d-44e4-a577-c2add0a1b47e,Áo Sơ Mi Nữ Linen Kem,Áo sơ mi,M,Be,1,359000,13/03/2026
HD02375,f79701c0-468d-45ca-a063-f2c32fead22e,Áo Polo Nam Basic,Áo thun,L,Xanh Navy,2,279000,13/09/2025
HD02375,565df8e7-d30d-4935-a0a2-bcd5ab5bf4a2,Quần Jeans Nam Slimfit Đen,Quần,32,Đen,2,549000,13/09/2025
HD02375,591f87ca-ccec-4d04-af4e-fe941c4ee72e,Giày Sneaker Trắng Unisex Streetwear,Giày,38,Trắng,2,650000,13/09/2025
HD02376,bf8bb740-6ff2-40aa-b164-ac144119c781,Giày Tây Nam Derby Lịch Lãm,Giày,42,Xám,1,990000,30/03/2025
HD02376,773638cb-7eea-46c3-8af4-3bce1ecb5dd2,Áo Polo Nam Công Sở Premium,Áo thun,XXL,Xanh Navy,1,350000,30/03/2025
HD02377,12c3c23d-b26f-4090-b661-3e330f928a84,Nón Thể Thao Unisex,Nón,Free Size,Trắng,1,160000,24/01/2025
HD02377,e6f18dbb-acb7-46bb-a116-d6111d7b40f8,Quần Jogger Nam Thể Thao Nỉ,Quần,L,Xám,2,320000,24/01/2025
HD02377,bb06c357-8eb3-4ffe-a765-1307de4e19eb,Mũ Len Unisex Mùa Đông Ấm Áp,Nón,Free Size,Xám,2,150000,24/01/2025
HD02378,99f07ede-2b19-4f58-949e-3c20b4da9416,Nón Snapback Unisex Streetwear,Nón,Free Size,Xám,2,220000,24/04/2025
HD02378,b9070ded-f7bb-4ae7-8384-31f433f188c1,Quần Jogger Nam Kaki Túi Hộp,Quần,XL,Đen,1,350000,24/04/2025
HD02379,2d01e356-ac67-4d6f-83ce-e2c9ad89a55d,Quần Tây Nữ Ống Suông,Quần,L,Đen,1,459000,20/02/2026
HD02379,7af62054-cb7c-43d5-8a7a-f6de97b8440d,Blazer Nữ Công Sở Premium,Blazer,L,Trắng,1,820000,20/02/2026
HD02380,47321475-4386-4cf5-8b77-af01547cd204,Quần Baggy Nữ Hàn Quốc,Quần,L,Đen,2,429000,19/01/2025
HD02380,cc14f38d-1c5d-44e4-a577-c2add0a1b47e,Áo Sơ Mi Nữ Linen Kem,Áo sơ mi,L,Be,2,359000,19/01/2025
HD02380,b3d420d4-d451-4c61-bd20-6636b4973e09,Cardigan Nữ Len Dệt Kim Kem,Cardigan,M,Be,1,499000,19/01/2025
HD02380,2aad4182-f5b2-4e66-a70b-32fe3626ae38,Nón Bucket Basic Unisex,Nón,Free Size,Đen,2,180000,19/01/2025
HD02381,99f07ede-2b19-4f58-949e-3c20b4da9416,Nón Snapback Unisex Streetwear,Nón,Free Size,Xám,1,220000,25/11/2025
HD02381,b9070ded-f7bb-4ae7-8384-31f433f188c1,Quần Jogger Nam Kaki Túi Hộp,Quần,L,Đen,1,350000,25/11/2025
HD02381,8211c7e6-49da-422e-8c8e-61bf0288e356,Áo Thun Nam Oversize Cực Chất,Áo thun,XL,Đen,2,220000,25/11/2025
HD02382,306ab081-eb9c-4df5-8b30-1f55f1daa354,Quần Kaki Nam Short Casual,Quần,M,Đen,1,249000,02/11/2025
HD02382,872f179f-f0d5-4bcd-a90e-d10870eac50d,Giày Boot Da Nữ Cổ Cao Cá Tính,Giày,36,Trắng,1,890000,02/11/2025
HD02382,db900625-f6c9-41e1-a4eb-2042fcd9496f,Giày Cao Gót Nữ Đế Nhọn Công Sở,Giày,39,Trắng,2,490000,02/11/2025
HD02383,b9070ded-f7bb-4ae7-8384-31f433f188c1,Quần Jogger Nam Kaki Túi Hộp,Quần,XL,Đen,2,350000,05/05/2026
HD02383,99f07ede-2b19-4f58-949e-3c20b4da9416,Nón Snapback Unisex Streetwear,Nón,Free Size,Xám,1,220000,05/05/2026
HD02383,8211c7e6-49da-422e-8c8e-61bf0288e356,Áo Thun Nam Oversize Cực Chất,Áo thun,L,Đen,1,220000,05/05/2026
HD02384,773638cb-7eea-46c3-8af4-3bce1ecb5dd2,Áo Polo Nam Công Sở Premium,Áo thun,M,Xanh Navy,1,350000,13/07/2025
HD02384,7a707f6c-7a4b-4392-80c8-475eb6eb4bc8,Quần Tây Nam Lịch Lãm Công Sở,Quần,29,Đen,1,489000,13/07/2025
HD02384,bf8bb740-6ff2-40aa-b164-ac144119c781,Giày Tây Nam Derby Lịch Lãm,Giày,40,Xám,1,990000,13/07/2025
HD02384,710b70de-e346-422e-b35a-a3ce277dacb8,Áo Sơ Mi Nữ Cổ Đức Cách Điệu,Áo sơ mi,L,Trắng,2,310000,13/07/2025
HD02385,bf8bb740-6ff2-40aa-b164-ac144119c781,Giày Tây Nam Derby Lịch Lãm,Giày,39,Xám,1,990000,24/09/2025
HD02385,773638cb-7eea-46c3-8af4-3bce1ecb5dd2,Áo Polo Nam Công Sở Premium,Áo thun,XXL,Xanh Navy,2,350000,24/09/2025
HD02385,7a707f6c-7a4b-4392-80c8-475eb6eb4bc8,Quần Tây Nam Lịch Lãm Công Sở,Quần,33,Đen,2,489000,24/09/2025
HD02385,6b452c2a-fe5a-4690-b45c-b4a40e2c0822,Nón Thể Thao Unisex,Nón,Free Size,Trắng,2,190000,24/09/2025
HD02386,7af62054-cb7c-43d5-8a7a-f6de97b8440d,Blazer Nữ Công Sở Premium,Blazer,M,Trắng,1,820000,26/10/2025
HD02386,1d8256e6-c737-4a4c-86b9-b28f0c3112eb,Áo Sơ Mi Nữ Oxford Trắng,Áo sơ mi,M,Trắng,2,329000,26/10/2025
HD02387,1d9f44d7-0657-47ec-baf9-659b9bfe2f6d,Áo Len Nam Cổ Lọ Ấm Áp,Áo len,M,Đen,2,520000,15/05/2026
HD02387,bb06c357-8eb3-4ffe-a765-1307de4e19eb,Mũ Len Unisex Mùa Đông Ấm Áp,Nón,Free Size,Xám,1,150000,15/05/2026
HD02387,20ecab60-6f47-43a3-b5a2-8c73d262ff50,Váy Nữ Dự Tiệc Cao Cấp,Váy,M,Đen,1,690000,15/05/2026
HD02388,99f07ede-2b19-4f58-949e-3c20b4da9416,Nón Snapback Unisex Streetwear,Nón,Free Size,Xám,2,220000,29/05/2025
HD02388,8211c7e6-49da-422e-8c8e-61bf0288e356,Áo Thun Nam Oversize Cực Chất,Áo thun,XL,Đen,2,220000,29/05/2025
HD02389,bca6a5e3-a504-49ff-8fe8-bf5c131d57e5,Áo Sơ Mi Nam Kẻ Sọc Công Sở,Áo sơ mi,S,Xanh,2,330000,25/01/2025
HD02389,1d9f44d7-0657-47ec-baf9-659b9bfe2f6d,Áo Len Nam Cổ Lọ Ấm Áp,Áo len,L,Đen,2,520000,25/01/2025
HD02389,08f8884f-159a-4ac0-956a-63c1d86d3552,Quần short Nam,Quần,XL,Đen,2,189000,25/01/2025
HD02390,e6f18dbb-acb7-46bb-a116-d6111d7b40f8,Quần Jogger Nam Thể Thao Nỉ,Quần,XL,Xám,1,320000,22/02/2025
HD02390,12c3c23d-b26f-4090-b661-3e330f928a84,Nón Thể Thao Unisex,Nón,Free Size,Trắng,2,160000,22/02/2025
HD02390,4ef3b541-6c86-4287-8090-28809b3559fe,Giày Chạy Bộ Nam Running Sport,Giày,40,Đen,2,790000,22/02/2025
HD02391,b8a6d3f1-ad5c-4c5b-adf9-7e766ed462a5,Nón Bucket Unisex Vải Kaki Trơn,Nón,Free Size,Đen,1,150000,15/01/2026
HD02391,591f87ca-ccec-4d04-af4e-fe941c4ee72e,Giày Sneaker Trắng Unisex Streetwear,Giày,39,Trắng,2,650000,15/01/2026
HD02392,99f07ede-2b19-4f58-949e-3c20b4da9416,Nón Snapback Unisex Streetwear,Nón,Free Size,Xám,2,220000,18/08/2025
HD02392,f715e6cf-f139-40fc-9411-eb5a1391b6a3,Quần Short Unisex Nỉ Thể Thao,Quần,XL,Đen,1,189000,18/08/2025
HD02392,3040b7d2-2bea-4c81-bd8c-2c17927ad9e2,Quần Culottes Nữ,Quần,M,Be,1,379000,18/08/2025
HD02392,e9b18016-ac13-4aa7-8e3b-9df31db133d7,Váy Tennis Nữ,Váy,M,Trắng,2,280000,18/08/2025
HD02393,b9070ded-f7bb-4ae7-8384-31f433f188c1,Quần Jogger Nam Kaki Túi Hộp,Quần,XL,Đen,2,350000,31/01/2025
HD02393,99f07ede-2b19-4f58-949e-3c20b4da9416,Nón Snapback Unisex Streetwear,Nón,Free Size,Xám,2,220000,31/01/2025
HD02393,8211c7e6-49da-422e-8c8e-61bf0288e356,Áo Thun Nam Oversize Cực Chất,Áo thun,XL,Đen,2,220000,31/01/2025
HD02394,f79701c0-468d-45ca-a063-f2c32fead22e,Áo Polo Nam Basic,Áo thun,S,Xanh Navy,1,279000,20/04/2026
HD02394,591f87ca-ccec-4d04-af4e-fe941c4ee72e,Giày Sneaker Trắng Unisex Streetwear,Giày,39,Trắng,1,650000,20/04/2026
HD02395,b8a6d3f1-ad5c-4c5b-adf9-7e766ed462a5,Nón Bucket Unisex Vải Kaki Trơn,Nón,Free Size,Đen,2,150000,31/01/2025
HD02395,c9e6150b-fdf6-4a91-8f2c-d8bab75b9f2b,Hoodie Unisex Local Brand Cực Chất,Áo khoác,XL,Nâu,1,399000,31/01/2025
HD02395,f79701c0-468d-45ca-a063-f2c32fead22e,Áo Polo Nam Basic,Áo thun,XL,Xanh Navy,1,279000,31/01/2025
HD02396,201e6224-a601-46ee-bead-63759fec2f51,Áo Len Nam Cổ Tròn Cashmere,Áo len,S,Xám,2,650000,07/05/2025
HD02396,e1fb3fad-6974-423e-b5e0-33e5c3f7a559,Áo Khoác Nam Varsity,Áo khoác,XL,Đen Trắng,1,639000,07/05/2025
HD02396,cc14f38d-1c5d-44e4-a577-c2add0a1b47e,Áo Sơ Mi Nữ Linen Kem,Áo sơ mi,M,Be,2,359000,07/05/2025
HD02396,80fca8d2-8d12-40fd-aaf6-6c3e0e0d49ea,Cardigan Nữ Len Mỏng,Cardigan,M,Xám,2,399000,07/05/2025
HD02396,99f07ede-2b19-4f58-949e-3c20b4da9416,Nón Snapback Unisex Streetwear,Nón,Free Size,Xám,1,220000,07/05/2025
HD02397,4ef3b541-6c86-4287-8090-28809b3559fe,Giày Chạy Bộ Nam Running Sport,Giày,41,Đen,1,790000,26/03/2025
HD02397,d15def0c-3a31-492a-ac97-382525c2218a,Áo Sweater Unisex Trơn Basic,Áo khoác,XL,Nâu,2,320000,26/03/2025
HD02397,599c0d70-ee05-4d99-a987-47c5d24f9546,Áo Sweater Unisex In Hình Cá Tính,Áo khoác,L,Xám,1,350000,26/03/2025
HD02398,4ef3b541-6c86-4287-8090-28809b3559fe,Giày Chạy Bộ Nam Running Sport,Giày,43,Đen,1,790000,28/04/2025
HD02398,12c3c23d-b26f-4090-b661-3e330f928a84,Nón Thể Thao Unisex,Nón,Free Size,Trắng,1,160000,28/04/2025
HD02399,bca6a5e3-a504-49ff-8fe8-bf5c131d57e5,Áo Sơ Mi Nam Kẻ Sọc Công Sở,Áo sơ mi,XL,Xanh,2,330000,20/03/2026
HD02399,99f07ede-2b19-4f58-949e-3c20b4da9416,Nón Snapback Unisex Streetwear,Nón,Free Size,Xám,2,220000,20/03/2026
HD02399,668c0c46-b451-49fb-a269-45e518a0a645,Quần Jeans Nam Slimfit,Quần,32,Xanh đậm,1,549000,20/03/2026
HD02399,105ad1ba-828c-468d-b1e2-33860aced25e,Giày Tây Nam Oxford Da Bò,Giày,42,Xám,1,1200000,20/03/2026
HD02399,1654922e-d123-4e17-9ca0-cdae32820ab6,Vớ Unisex Cotton Cổ Cao Sọc,Nón,Free Size,Trắng,1,49000,20/03/2026
HD02400,d15def0c-3a31-492a-ac97-382525c2218a,Áo Sweater Unisex Trơn Basic,Áo khoác,M,Nâu,1,320000,30/07/2025
HD02400,ca7585c8-ddbf-4d1d-a666-37a7b963d906,Balo Unisex Thời Trang Chống Nước,Nón,Free Size,Trắng,2,450000,30/07/2025
HD02400,d687bdc0-7bd2-4fb3-b157-ef8d3c1b2135,Quần Jogger Unisex Nỉ Basic,Quần,XL,Xám,1,280000,30/07/2025
HD02401,b9070ded-f7bb-4ae7-8384-31f433f188c1,Quần Jogger Nam Kaki Túi Hộp,Quần,L,Đen,2,350000,18/04/2026
HD02401,8211c7e6-49da-422e-8c8e-61bf0288e356,Áo Thun Nam Oversize Cực Chất,Áo thun,XL,Đen,2,220000,18/04/2026
HD02401,99f07ede-2b19-4f58-949e-3c20b4da9416,Nón Snapback Unisex Streetwear,Nón,Free Size,Xám,1,220000,18/04/2026
HD02402,d15def0c-3a31-492a-ac97-382525c2218a,Áo Sweater Unisex Trơn Basic,Áo khoác,M,Nâu,2,320000,21/06/2025
HD02402,d687bdc0-7bd2-4fb3-b157-ef8d3c1b2135,Quần Jogger Unisex Nỉ Basic,Quần,XL,Xám,2,280000,21/06/2025
HD02402,ca7585c8-ddbf-4d1d-a666-37a7b963d906,Balo Unisex Thời Trang Chống Nước,Nón,Free Size,Trắng,2,450000,21/06/2025
HD02403,bb06c357-8eb3-4ffe-a765-1307de4e19eb,Mũ Len Unisex Mùa Đông Ấm Áp,Nón,Free Size,Xám,2,150000,30/09/2025
HD02403,0f6632d3-5cf7-42d2-9157-f13f0084a634,Áo Khoác Nam Denim Classic,Áo khoác,M,Xanh,1,550000,30/09/2025
HD02403,1d9f44d7-0657-47ec-baf9-659b9bfe2f6d,Áo Len Nam Cổ Lọ Ấm Áp,Áo len,XL,Đen,1,520000,30/09/2025
HD02404,80fca8d2-8d12-40fd-aaf6-6c3e0e0d49ea,Cardigan Nữ Len Mỏng,Cardigan,L,Xám,2,399000,11/05/2025
HD02404,d230d9ed-71e2-4378-9fb2-15dd13a37357,Áo Hoodie Unisex,Áo khoác,XL,Nâu,1,399000,11/05/2025
HD02404,668c0c46-b451-49fb-a269-45e518a0a645,Quần Jeans Nam Slimfit,Quần,30,Xanh đậm,1,549000,11/05/2025
HD02404,e6f18dbb-acb7-46bb-a116-d6111d7b40f8,Quần Jogger Nam Thể Thao Nỉ,Quần,M,Xám,1,320000,11/05/2025
HD02404,7a1e5705-4b19-42f7-a7ec-504fb2481cc2,Thắt Lưng Da Nam Khóa Tự Động,Nón,Free Size,Đen,1,350000,11/05/2025
HD02405,565df8e7-d30d-4935-a0a2-bcd5ab5bf4a2,Quần Jeans Nam Slimfit Đen,Quần,29,Đen,2,549000,29/03/2026
HD02405,591f87ca-ccec-4d04-af4e-fe941c4ee72e,Giày Sneaker Trắng Unisex Streetwear,Giày,40,Trắng,1,650000,29/03/2026
HD02405,f79701c0-468d-45ca-a063-f2c32fead22e,Áo Polo Nam Basic,Áo thun,S,Xanh Navy,2,279000,29/03/2026
HD02406,591f87ca-ccec-4d04-af4e-fe941c4ee72e,Giày Sneaker Trắng Unisex Streetwear,Giày,40,Trắng,2,650000,03/04/2025
HD02406,f79701c0-468d-45ca-a063-f2c32fead22e,Áo Polo Nam Basic,Áo thun,M,Xanh Navy,2,279000,03/04/2025
HD02407,591f87ca-ccec-4d04-af4e-fe941c4ee72e,Giày Sneaker Trắng Unisex Streetwear,Giày,42,Trắng,2,650000,16/07/2025
HD02407,b8a6d3f1-ad5c-4c5b-adf9-7e766ed462a5,Nón Bucket Unisex Vải Kaki Trơn,Nón,Free Size,Đen,2,150000,16/07/2025
HD02408,c04e8b6a-b8be-4231-9377-710ae7bb8e46,Áo Body Nữ Croptop,Áo body,M,Đen,2,289000,11/04/2026
HD02408,b675c96d-da9f-4712-a11c-0596cc052da0,Giày Sneaker Cổ Cao Unisex,Giày,40,Trắng,2,690000,11/04/2026
HD02408,75a19ddc-3ed9-45f0-9578-73b1935b5ad4,Áo Thun Unisex Oversize Cotton,Áo thun,S,Xám,2,199000,11/04/2026
HD02408,f79701c0-468d-45ca-a063-f2c32fead22e,Áo Polo Nam Basic,Áo thun,XL,Xanh Navy,1,279000,11/04/2026
HD02408,a7c450bf-193d-4223-b178-523acdd5ce71,Quần Kaki Nam Dáng Suông,Quần,30,Kem,2,389000,11/04/2026
HD02409,591f87ca-ccec-4d04-af4e-fe941c4ee72e,Giày Sneaker Trắng Unisex Streetwear,Giày,41,Trắng,1,650000,14/07/2025
HD02409,f79701c0-468d-45ca-a063-f2c32fead22e,Áo Polo Nam Basic,Áo thun,S,Xanh Navy,2,279000,14/07/2025
HD02409,6d9ff3b3-09bc-4a76-b2f0-891905840fe3,Áo Thun Nữ Form Rộng Giấu Quần,Áo thun,L,Trắng,1,160000,14/07/2025
HD02410,0f6632d3-5cf7-42d2-9157-f13f0084a634,Áo Khoác Nam Denim Classic,Áo khoác,M,Xanh,1,550000,13/03/2026
HD02410,1d9f44d7-0657-47ec-baf9-659b9bfe2f6d,Áo Len Nam Cổ Lọ Ấm Áp,Áo len,L,Đen,2,520000,13/03/2026
HD02410,bb06c357-8eb3-4ffe-a765-1307de4e19eb,Mũ Len Unisex Mùa Đông Ấm Áp,Nón,Free Size,Xám,2,150000,13/03/2026
HD02410,3ffeadc2-56cb-4267-a02b-00fc51a7a1b2,Áo Khoác Bomber Unisex Da Lộn,Áo khoác,L,Đen,2,599000,13/03/2026
HD02411,cc14f38d-1c5d-44e4-a577-c2add0a1b47e,Áo Sơ Mi Nữ Linen Kem,Áo sơ mi,L,Be,2,359000,25/11/2025
HD02411,47321475-4386-4cf5-8b77-af01547cd204,Quần Baggy Nữ Hàn Quốc,Quần,L,Đen,1,429000,25/11/2025
HD02411,b3d420d4-d451-4c61-bd20-6636b4973e09,Cardigan Nữ Len Dệt Kim Kem,Cardigan,L,Be,2,499000,25/11/2025
HD02411,5fe8aacd-2167-47c0-925f-693248a365fe,Giày Slip On Unisex,Giày,41,Đen,2,499000,25/11/2025
HD02412,bb06c357-8eb3-4ffe-a765-1307de4e19eb,Mũ Len Unisex Mùa Đông Ấm Áp,Nón,Free Size,Xám,2,150000,13/03/2025
HD02412,0f6632d3-5cf7-42d2-9157-f13f0084a634,Áo Khoác Nam Denim Classic,Áo khoác,L,Xanh,2,550000,13/03/2025
HD02412,d230d9ed-71e2-4378-9fb2-15dd13a37357,Áo Hoodie Unisex,Áo khoác,M,Xanh navy,2,399000,13/03/2025
HD02413,409dbb70-64f9-445d-b146-33a6ba02b819,Váy Nữ Dự Tiệc Trễ Vai Sang Chảnh,Váy,L,Đỏ,1,690000,19/02/2025
HD02413,db900625-f6c9-41e1-a4eb-2042fcd9496f,Giày Cao Gót Nữ Đế Nhọn Công Sở,Giày,35,Trắng,2,490000,19/02/2025
HD02413,c36ca838-024f-462b-b202-e125f17c3a90,Áo Body Nữ Tay Dài Ôm Sát,Áo body,M,Đen,1,299000,19/02/2025
HD02413,0d2d0b09-60dc-474a-a0d4-d49689e230b8,Quần Jeans Nữ Ống Rộng Culottes,Quần,S,Kem,2,529000,19/02/2025
HD02414,c9e6150b-fdf6-4a91-8f2c-d8bab75b9f2b,Hoodie Unisex Local Brand Cực Chất,Áo khoác,L,Nâu,1,399000,09/01/2025
HD02414,591f87ca-ccec-4d04-af4e-fe941c4ee72e,Giày Sneaker Trắng Unisex Streetwear,Giày,41,Trắng,2,650000,09/01/2025
HD02415,2aad4182-f5b2-4e66-a70b-32fe3626ae38,Nón Bucket Basic Unisex,Nón,Free Size,Đen,1,180000,26/11/2025
HD02415,4ef3b541-6c86-4287-8090-28809b3559fe,Giày Chạy Bộ Nam Running Sport,Giày,41,Đen,1,790000,26/11/2025
HD02415,db900625-f6c9-41e1-a4eb-2042fcd9496f,Giày Cao Gót Nữ Đế Nhọn Công Sở,Giày,36,Trắng,2,490000,26/11/2025
HD02415,b44f5194-d6f8-497b-b568-738d7d09c9e4,Áo Thun Nữ Croptop Cổ Tim,Áo thun,S,Trắng,1,120000,26/11/2025
HD02415,1654922e-d123-4e17-9ca0-cdae32820ab6,Vớ Unisex Cotton Cổ Cao Sọc,Nón,Free Size,Trắng,1,49000,26/11/2025
HD02416,12c3c23d-b26f-4090-b661-3e330f928a84,Nón Thể Thao Unisex,Nón,Free Size,Trắng,1,160000,09/04/2026
HD02416,4ef3b541-6c86-4287-8090-28809b3559fe,Giày Chạy Bộ Nam Running Sport,Giày,41,Đen,1,790000,09/04/2026
HD02417,99f07ede-2b19-4f58-949e-3c20b4da9416,Nón Snapback Unisex Streetwear,Nón,Free Size,Xám,2,220000,20/05/2025
HD02417,b9070ded-f7bb-4ae7-8384-31f433f188c1,Quần Jogger Nam Kaki Túi Hộp,Quần,XL,Đen,2,350000,20/05/2025
HD02417,8211c7e6-49da-422e-8c8e-61bf0288e356,Áo Thun Nam Oversize Cực Chất,Áo thun,L,Đen,1,220000,20/05/2025
HD02418,c9e6150b-fdf6-4a91-8f2c-d8bab75b9f2b,Hoodie Unisex Local Brand Cực Chất,Áo khoác,M,Nâu,2,399000,20/02/2025
HD02418,591f87ca-ccec-4d04-af4e-fe941c4ee72e,Giày Sneaker Trắng Unisex Streetwear,Giày,38,Trắng,2,650000,20/02/2025
HD02418,306ab081-eb9c-4df5-8b30-1f55f1daa354,Quần Kaki Nam Short Casual,Quần,L,Đen,2,249000,20/02/2025
HD02419,591f87ca-ccec-4d04-af4e-fe941c4ee72e,Giày Sneaker Trắng Unisex Streetwear,Giày,40,Trắng,2,650000,21/05/2025
HD02419,f79701c0-468d-45ca-a063-f2c32fead22e,Áo Polo Nam Basic,Áo thun,L,Xanh Navy,2,279000,21/05/2025
HD02420,409dbb70-64f9-445d-b146-33a6ba02b819,Váy Nữ Dự Tiệc Trễ Vai Sang Chảnh,Váy,L,Đỏ,2,690000,27/03/2025
HD02420,c36ca838-024f-462b-b202-e125f17c3a90,Áo Body Nữ Tay Dài Ôm Sát,Áo body,L,Đen,2,299000,27/03/2025
HD02421,1d8256e6-c737-4a4c-86b9-b28f0c3112eb,Áo Sơ Mi Nữ Oxford Trắng,Áo sơ mi,M,Trắng,2,329000,29/01/2026
HD02421,7af62054-cb7c-43d5-8a7a-f6de97b8440d,Blazer Nữ Công Sở Premium,Blazer,S,Trắng,1,820000,29/01/2026
HD02421,2d01e356-ac67-4d6f-83ce-e2c9ad89a55d,Quần Tây Nữ Ống Suông,Quần,S,Đen,2,459000,29/01/2026
HD02422,201e6224-a601-46ee-bead-63759fec2f51,Áo Len Nam Cổ Tròn Cashmere,Áo len,S,Xám,1,650000,11/04/2026
HD02422,e0f136c6-62be-4f5c-a912-54349bbee80a,Chân Váy Nữ Midi Xếp Ly,Váy,S,Đen,2,320000,11/04/2026
HD02423,0f6632d3-5cf7-42d2-9157-f13f0084a634,Áo Khoác Nam Denim Classic,Áo khoác,M,Xanh,2,550000,05/01/2025
HD02423,1d9f44d7-0657-47ec-baf9-659b9bfe2f6d,Áo Len Nam Cổ Lọ Ấm Áp,Áo len,XL,Đen,1,520000,05/01/2025
HD02424,35c4d88a-3b69-47a7-933e-e5bc205c5fd5,Quần Jeans Nữ Skinny Cạp Cao,Quần,L,Xanh,1,489000,02/02/2026
HD02424,3d8984b4-57a3-4d52-913c-2a11d9222ede,Áo Thun Nam Basic,Áo thun,S,Đen,1,199000,02/02/2026
HD02424,4b45ae2f-6d60-448a-85ad-61b9796446ed,Áo Thun Tay Lỡ Unisex Form Rộng,Áo thun,XL,Trắng,2,199000,02/02/2026
HD02424,7a707f6c-7a4b-4392-80c8-475eb6eb4bc8,Quần Tây Nam Lịch Lãm Công Sở,Quần,29,Đen,2,489000,02/02/2026
HD02425,d15def0c-3a31-492a-ac97-382525c2218a,Áo Sweater Unisex Trơn Basic,Áo khoác,XL,Nâu,1,320000,26/05/2025
HD02425,ca7585c8-ddbf-4d1d-a666-37a7b963d906,Balo Unisex Thời Trang Chống Nước,Nón,Free Size,Trắng,1,450000,26/05/2025
HD02425,d687bdc0-7bd2-4fb3-b157-ef8d3c1b2135,Quần Jogger Unisex Nỉ Basic,Quần,M,Xám,1,280000,26/05/2025
HD02426,dda95a07-c578-4e4d-a707-ee9fa4ee14cc,Áo Len Nam Dệt Kim,Áo len,XL,Trắng,1,469000,26/05/2025
HD02426,6567b83c-7707-4f60-b9df-577208962783,Blazer Nữ Kẻ Caro Phong Cách Hàn,Blazer,L,Xám,2,850000,26/05/2025
HD02426,e6f18dbb-acb7-46bb-a116-d6111d7b40f8,Quần Jogger Nam Thể Thao Nỉ,Quần,L,Xám,1,320000,26/05/2025
HD02426,cda0d51d-8c0e-423b-a4de-8d22cec903bf,Thắt Lưng Da Nữ Khóa Tròn Cổ Điển,Nón,Free Size,Trắng,1,250000,26/05/2025
HD02427,1d8256e6-c737-4a4c-86b9-b28f0c3112eb,Áo Sơ Mi Nữ Oxford Trắng,Áo sơ mi,S,Trắng,1,329000,30/07/2025
HD02427,2d01e356-ac67-4d6f-83ce-e2c9ad89a55d,Quần Tây Nữ Ống Suông,Quần,M,Đen,2,459000,30/07/2025
HD02428,0f6632d3-5cf7-42d2-9157-f13f0084a634,Áo Khoác Nam Denim Classic,Áo khoác,L,Xanh,2,550000,17/01/2026
HD02428,bb06c357-8eb3-4ffe-a765-1307de4e19eb,Mũ Len Unisex Mùa Đông Ấm Áp,Nón,Free Size,Xám,1,150000,17/01/2026
HD02429,99f07ede-2b19-4f58-949e-3c20b4da9416,Nón Snapback Unisex Streetwear,Nón,Free Size,Xám,2,220000,12/02/2025
HD02429,b9070ded-f7bb-4ae7-8384-31f433f188c1,Quần Jogger Nam Kaki Túi Hộp,Quần,XL,Đen,1,350000,12/02/2025
HD02430,3519fffb-6ea3-4fe0-947e-6d8b8e470b7a,Váy Nữ Maxi Đi Biển Dịu Dàng,Váy,S,Be,1,550000,12/10/2025
HD02430,599c0d70-ee05-4d99-a987-47c5d24f9546,Áo Sweater Unisex In Hình Cá Tính,Áo khoác,M,Xám,2,350000,12/10/2025
HD02430,c90322dd-72a9-41d6-bbd0-c581d78ab911,Giày Sneaker Trắng Unisex,Giày,39,Trắng,1,650000,12/10/2025
HD02430,b3d420d4-d451-4c61-bd20-6636b4973e09,Cardigan Nữ Len Dệt Kim Kem,Cardigan,L,Be,2,499000,12/10/2025
HD02431,b9070ded-f7bb-4ae7-8384-31f433f188c1,Quần Jogger Nam Kaki Túi Hộp,Quần,M,Đen,2,350000,23/12/2025
HD02431,8211c7e6-49da-422e-8c8e-61bf0288e356,Áo Thun Nam Oversize Cực Chất,Áo thun,L,Đen,2,220000,23/12/2025
HD02432,db900625-f6c9-41e1-a4eb-2042fcd9496f,Giày Cao Gót Nữ Đế Nhọn Công Sở,Giày,38,Trắng,2,490000,10/07/2025
HD02432,c36ca838-024f-462b-b202-e125f17c3a90,Áo Body Nữ Tay Dài Ôm Sát,Áo body,M,Đen,2,299000,10/07/2025
HD02433,cc14f38d-1c5d-44e4-a577-c2add0a1b47e,Áo Sơ Mi Nữ Linen Kem,Áo sơ mi,M,Be,1,359000,28/11/2025
HD02433,b3d420d4-d451-4c61-bd20-6636b4973e09,Cardigan Nữ Len Dệt Kim Kem,Cardigan,L,Be,1,499000,28/11/2025
HD02434,7a707f6c-7a4b-4392-80c8-475eb6eb4bc8,Quần Tây Nam Lịch Lãm Công Sở,Quần,29,Đen,2,489000,10/02/2026
HD02434,773638cb-7eea-46c3-8af4-3bce1ecb5dd2,Áo Polo Nam Công Sở Premium,Áo thun,XXL,Xanh Navy,2,350000,10/02/2026
HD02435,d230d9ed-71e2-4378-9fb2-15dd13a37357,Áo Hoodie Unisex,Áo khoác,XL,Nâu,2,399000,23/07/2025
HD02435,00ea76e6-8a78-4510-9aa1-8c8d3f1e0ea4,Áo Body Nữ Cổ Vuông,Áo body,L,Hồng,1,329000,23/07/2025
HD02436,ca7585c8-ddbf-4d1d-a666-37a7b963d906,Balo Unisex Thời Trang Chống Nước,Nón,Free Size,Trắng,2,450000,02/04/2026
HD02436,d15def0c-3a31-492a-ac97-382525c2218a,Áo Sweater Unisex Trơn Basic,Áo khoác,XL,Nâu,2,320000,02/04/2026
HD02437,c9e6150b-fdf6-4a91-8f2c-d8bab75b9f2b,Hoodie Unisex Local Brand Cực Chất,Áo khoác,L,Nâu,2,399000,06/07/2025
HD02437,591f87ca-ccec-4d04-af4e-fe941c4ee72e,Giày Sneaker Trắng Unisex Streetwear,Giày,40,Trắng,2,650000,06/07/2025
HD02437,740d378a-17ab-4db0-aa7b-961840cb0ad8,Blazer Nữ Premium,Blazer,L,Đen,1,990000,06/07/2025
HD02438,b8a6d3f1-ad5c-4c5b-adf9-7e766ed462a5,Nón Bucket Unisex Vải Kaki Trơn,Nón,Free Size,Đen,2,150000,24/04/2025
HD02438,591f87ca-ccec-4d04-af4e-fe941c4ee72e,Giày Sneaker Trắng Unisex Streetwear,Giày,40,Trắng,1,650000,24/04/2025
HD02438,c9e6150b-fdf6-4a91-8f2c-d8bab75b9f2b,Hoodie Unisex Local Brand Cực Chất,Áo khoác,L,Nâu,1,399000,24/04/2025
HD02439,90594d6e-3ae8-44bc-be8b-4d8d5d4c89fe,Cardigan Nữ Basic,Cardigan,L,Trắng,2,379000,27/09/2025
HD02439,80fca8d2-8d12-40fd-aaf6-6c3e0e0d49ea,Cardigan Nữ Len Mỏng,Cardigan,S,Kem,1,399000,27/09/2025
HD02439,e1fb3fad-6974-423e-b5e0-33e5c3f7a559,Áo Khoác Nam Varsity,Áo khoác,M,Đen Trắng,2,639000,27/09/2025
HD02439,45cc86fe-2abb-4420-8516-4718ae1f9990,Cardigan Nữ Oversize,Cardigan,M,Nâu,2,459000,27/09/2025
HD02440,7a707f6c-7a4b-4392-80c8-475eb6eb4bc8,Quần Tây Nam Lịch Lãm Công Sở,Quần,31,Đen,1,489000,21/04/2025
HD02440,773638cb-7eea-46c3-8af4-3bce1ecb5dd2,Áo Polo Nam Công Sở Premium,Áo thun,S,Xanh Navy,1,350000,21/04/2025
HD02441,6f18cc28-04f2-411d-8e77-8735933ad66c,Nón Lưỡi Trai Unisex Thêu Chữ,Nón,Free Size,Trắng,1,120000,05/10/2025
HD02441,6567b83c-7707-4f60-b9df-577208962783,Blazer Nữ Kẻ Caro Phong Cách Hàn,Blazer,S,Xám,1,850000,05/10/2025
HD02441,b9cffddd-aa22-47ea-b376-34ad81004eed,Blazer Nữ Công Sở,Blazer,M,Trắng,2,820000,05/10/2025
HD02441,c1e91e52-aef3-48ee-98d1-ddb905271917,Quần Tây Nữ Công Sở,Quần,M,Đen,2,459000,05/10/2025
HD02442,b9070ded-f7bb-4ae7-8384-31f433f188c1,Quần Jogger Nam Kaki Túi Hộp,Quần,XL,Đen,1,350000,03/01/2025
HD02442,8211c7e6-49da-422e-8c8e-61bf0288e356,Áo Thun Nam Oversize Cực Chất,Áo thun,L,Đen,1,220000,03/01/2025
HD02443,0f6632d3-5cf7-42d2-9157-f13f0084a634,Áo Khoác Nam Denim Classic,Áo khoác,M,Xanh,1,550000,11/04/2025
HD02443,1d9f44d7-0657-47ec-baf9-659b9bfe2f6d,Áo Len Nam Cổ Lọ Ấm Áp,Áo len,M,Đen,1,520000,11/04/2025
HD02443,acaeda25-b325-467b-b332-a71ebd9078d8,Áo Khoác Nam Bomber Nhung Tăm,Áo khoác,L,Đen,1,499000,11/04/2025
HD02444,c9e6150b-fdf6-4a91-8f2c-d8bab75b9f2b,Hoodie Unisex Local Brand Cực Chất,Áo khoác,XL,Nâu,2,399000,31/01/2026
HD02444,b8a6d3f1-ad5c-4c5b-adf9-7e766ed462a5,Nón Bucket Unisex Vải Kaki Trơn,Nón,Free Size,Đen,2,150000,31/01/2026
HD02444,591f87ca-ccec-4d04-af4e-fe941c4ee72e,Giày Sneaker Trắng Unisex Streetwear,Giày,38,Trắng,2,650000,31/01/2026
HD02445,42df8548-dbbf-40a4-a6f2-f989e10394fd,Blazer Nữ Hàn Quốc,Blazer,L,Kem,2,790000,11/01/2025
HD02445,9b3e4d7c-96f1-4236-826e-5f32678a9fc4,Quần Jeans Nam,Quần,32,Xanh đậm,2,549000,11/01/2025
HD02445,f60ed1b2-8aed-4bf4-9047-bcdb95f84623,Áo Sơ Mi Nữ Công Sở,Áo sơ mi,S,Xanh nhạt,1,279000,11/01/2025
HD02445,1d8256e6-c737-4a4c-86b9-b28f0c3112eb,Áo Sơ Mi Nữ Oxford Trắng,Áo sơ mi,M,Trắng,2,329000,11/01/2025
HD02446,773638cb-7eea-46c3-8af4-3bce1ecb5dd2,Áo Polo Nam Công Sở Premium,Áo thun,M,Xanh Navy,1,350000,06/11/2025
HD02446,bf8bb740-6ff2-40aa-b164-ac144119c781,Giày Tây Nam Derby Lịch Lãm,Giày,39,Xám,2,990000,06/11/2025
HD02446,7a707f6c-7a4b-4392-80c8-475eb6eb4bc8,Quần Tây Nam Lịch Lãm Công Sở,Quần,33,Đen,1,489000,06/11/2025
HD02447,61017231-ff80-414c-8355-84b4bfd8f3fb,Áo Sơ Mi Nữ Oxford,Áo sơ mi,XL,Trắng,2,329000,16/08/2025
HD02447,45cc86fe-2abb-4420-8516-4718ae1f9990,Cardigan Nữ Oversize,Cardigan,XL,Nâu,2,459000,16/08/2025
HD02447,b9cffddd-aa22-47ea-b376-34ad81004eed,Blazer Nữ Công Sở,Blazer,S,Trắng,1,820000,16/08/2025
HD02448,b8a6d3f1-ad5c-4c5b-adf9-7e766ed462a5,Nón Bucket Unisex Vải Kaki Trơn,Nón,Free Size,Đen,2,150000,29/03/2025
HD02448,c9e6150b-fdf6-4a91-8f2c-d8bab75b9f2b,Hoodie Unisex Local Brand Cực Chất,Áo khoác,XL,Nâu,1,399000,29/03/2025
HD02449,cc14f38d-1c5d-44e4-a577-c2add0a1b47e,Áo Sơ Mi Nữ Linen Kem,Áo sơ mi,M,Be,1,359000,09/12/2025
HD02449,47321475-4386-4cf5-8b77-af01547cd204,Quần Baggy Nữ Hàn Quốc,Quần,L,Đen,2,429000,09/12/2025
HD02449,0537aac5-9d37-4ea1-bee3-5ed3851cc79d,Áo Sơ Mi Nam Vải Linen Xanh,Áo sơ mi,L,Xanh,1,340000,09/12/2025
HD02450,8ad4ef8e-e76a-4754-9239-64101f13a08e,Quần Short Nữ Jeans Retro,Quần,L,Xanh,2,289000,11/01/2025
HD02450,de2469aa-98bb-4048-b2d6-ca06feaff0f9,Ví Da Unisex Đựng Thẻ Tiện Lợi,Nón,Free Size,Navy,1,190000,11/01/2025
HD02450,86a9c31d-97c5-47fc-b2ce-292729ac16ad,Nón Bucket Unisex Họa Tiết Loang,Nón,Free Size,Đen,2,180000,11/01/2025
HD02451,93c3d112-b724-48cb-bee5-b2dcef7f1d55,Áo Khoác Gió Unisex Thể Thao,Áo khoác,XL,Đen,2,350000,14/12/2025
HD02451,c9abc8f4-c333-4a02-9fdb-0a7346bdc75f,Váy Nữ Hoa Nhí Dáng A,Váy,M,Hồng,2,390000,14/12/2025
HD02451,740d378a-17ab-4db0-aa7b-961840cb0ad8,Blazer Nữ Premium,Blazer,XL,Đen,2,990000,14/12/2025
HD02451,b8a6d3f1-ad5c-4c5b-adf9-7e766ed462a5,Nón Bucket Unisex Vải Kaki Trơn,Nón,Free Size,Đen,1,150000,14/12/2025
HD02452,4ef3b541-6c86-4287-8090-28809b3559fe,Giày Chạy Bộ Nam Running Sport,Giày,43,Đen,2,790000,19/01/2026
HD02452,e6f18dbb-acb7-46bb-a116-d6111d7b40f8,Quần Jogger Nam Thể Thao Nỉ,Quần,XL,Xám,1,320000,19/01/2026
HD02453,cc14f38d-1c5d-44e4-a577-c2add0a1b47e,Áo Sơ Mi Nữ Linen Kem,Áo sơ mi,L,Be,2,359000,16/02/2026
HD02453,b3d420d4-d451-4c61-bd20-6636b4973e09,Cardigan Nữ Len Dệt Kim Kem,Cardigan,L,Be,1,499000,16/02/2026
HD02453,47321475-4386-4cf5-8b77-af01547cd204,Quần Baggy Nữ Hàn Quốc,Quần,S,Đen,1,429000,16/02/2026
HD02454,2d01e356-ac67-4d6f-83ce-e2c9ad89a55d,Quần Tây Nữ Ống Suông,Quần,M,Đen,1,459000,26/08/2025
HD02454,7af62054-cb7c-43d5-8a7a-f6de97b8440d,Blazer Nữ Công Sở Premium,Blazer,L,Trắng,2,820000,26/08/2025
HD02454,1d8256e6-c737-4a4c-86b9-b28f0c3112eb,Áo Sơ Mi Nữ Oxford Trắng,Áo sơ mi,S,Trắng,2,329000,26/08/2025
HD02455,8211c7e6-49da-422e-8c8e-61bf0288e356,Áo Thun Nam Oversize Cực Chất,Áo thun,L,Đen,1,220000,31/03/2025
HD02455,b9070ded-f7bb-4ae7-8384-31f433f188c1,Quần Jogger Nam Kaki Túi Hộp,Quần,L,Đen,2,350000,31/03/2025
HD02455,99f07ede-2b19-4f58-949e-3c20b4da9416,Nón Snapback Unisex Streetwear,Nón,Free Size,Xám,1,220000,31/03/2025
HD02456,565df8e7-d30d-4935-a0a2-bcd5ab5bf4a2,Quần Jeans Nam Slimfit Đen,Quần,30,Đen,1,549000,19/02/2025
HD02456,591f87ca-ccec-4d04-af4e-fe941c4ee72e,Giày Sneaker Trắng Unisex Streetwear,Giày,42,Trắng,2,650000,19/02/2025
HD02456,f79701c0-468d-45ca-a063-f2c32fead22e,Áo Polo Nam Basic,Áo thun,S,Xanh Navy,1,279000,19/02/2025
HD02457,b9070ded-f7bb-4ae7-8384-31f433f188c1,Quần Jogger Nam Kaki Túi Hộp,Quần,L,Đen,2,350000,29/03/2025
HD02457,8211c7e6-49da-422e-8c8e-61bf0288e356,Áo Thun Nam Oversize Cực Chất,Áo thun,L,Đen,1,220000,29/03/2025
HD02457,99f07ede-2b19-4f58-949e-3c20b4da9416,Nón Snapback Unisex Streetwear,Nón,Free Size,Xám,1,220000,29/03/2025
HD02458,b9070ded-f7bb-4ae7-8384-31f433f188c1,Quần Jogger Nam Kaki Túi Hộp,Quần,M,Đen,1,350000,25/06/2025
HD02458,8211c7e6-49da-422e-8c8e-61bf0288e356,Áo Thun Nam Oversize Cực Chất,Áo thun,XL,Đen,2,220000,25/06/2025
HD02458,99f07ede-2b19-4f58-949e-3c20b4da9416,Nón Snapback Unisex Streetwear,Nón,Free Size,Xám,1,220000,25/06/2025
HD02459,591f87ca-ccec-4d04-af4e-fe941c4ee72e,Giày Sneaker Trắng Unisex Streetwear,Giày,41,Trắng,1,650000,29/04/2026
HD02459,f79701c0-468d-45ca-a063-f2c32fead22e,Áo Polo Nam Basic,Áo thun,XL,Xanh Navy,1,279000,29/04/2026
HD02459,2abe7389-f13b-422a-b6f1-a2c95273e319,Sandal Unisex Dây Chéo Học Sinh,Giày,40,Đen,1,250000,29/04/2026
HD02460,7a707f6c-7a4b-4392-80c8-475eb6eb4bc8,Quần Tây Nam Lịch Lãm Công Sở,Quần,33,Đen,2,489000,12/11/2025
HD02460,bf8bb740-6ff2-40aa-b164-ac144119c781,Giày Tây Nam Derby Lịch Lãm,Giày,41,Xám,1,990000,12/11/2025
HD02460,773638cb-7eea-46c3-8af4-3bce1ecb5dd2,Áo Polo Nam Công Sở Premium,Áo thun,M,Xanh Navy,2,350000,12/11/2025
HD02461,fc61ed45-ce98-480f-a519-02961cff9b10,Giày Chạy Bộ Nữ Siêu Nhẹ,Giày,39,Đen,1,750000,15/03/2025
HD02461,43d6febf-f863-4841-9ca6-94f3edbcb83a,Giày Búp Bê Nữ Da Mềm Mại,Giày,36,Trắng,2,350000,15/03/2025
HD02461,e7a2f4b5-bf3f-47e0-b981-e6142607b6bc,Giày Chunky Sneaker Unisex,Giày,40,Trắng,2,850000,15/03/2025
HD02461,0537aac5-9d37-4ea1-bee3-5ed3851cc79d,Áo Sơ Mi Nam Vải Linen Xanh,Áo sơ mi,XL,Xanh,2,340000,15/03/2025
HD02462,ca7585c8-ddbf-4d1d-a666-37a7b963d906,Balo Unisex Thời Trang Chống Nước,Nón,Free Size,Trắng,1,450000,16/11/2025
HD02462,d687bdc0-7bd2-4fb3-b157-ef8d3c1b2135,Quần Jogger Unisex Nỉ Basic,Quần,L,Xám,2,280000,16/11/2025
HD02463,95eb8021-2598-4aeb-92e1-99f5e709c28c,Cardigan Nữ Hàn Quốc,Cardigan,L,Trắng,1,430000,23/04/2026
HD02463,206646b2-8c77-4e51-b71d-a942c17cbc4b,Quần Short Unisex Dù Gió,Quần,L,Xanh,1,150000,23/04/2026
HD02463,1d9f44d7-0657-47ec-baf9-659b9bfe2f6d,Áo Len Nam Cổ Lọ Ấm Áp,Áo len,XL,Đen,2,520000,23/04/2026
HD02463,85f5b187-a705-4316-b553-16ca69de626b,Áo len phong cách cho nam,Áo len,S,Navy,1,789000,23/04/2026
HD02463,f905c3e5-b9ef-496a-9516-a5cd2ae75514,Áo Hoodie Unisex Basic,Áo khoác,XL,Nâu,2,399000,23/04/2026
HD02464,0e0448a2-c2bd-4e80-b627-8787750e4656,Áo Sơ Mi Nam Caro,Áo sơ mi,L,Đỏ,2,299000,26/04/2026
HD02464,47321475-4386-4cf5-8b77-af01547cd204,Quần Baggy Nữ Hàn Quốc,Quần,XL,Đen,2,429000,26/04/2026
HD02464,3ffeadc2-56cb-4267-a02b-00fc51a7a1b2,Áo Khoác Bomber Unisex Da Lộn,Áo khoác,M,Đen,2,599000,26/04/2026
HD02464,3d8984b4-57a3-4d52-913c-2a11d9222ede,Áo Thun Nam Basic,Áo thun,L,Nâu,2,199000,26/04/2026
HD02465,7a707f6c-7a4b-4392-80c8-475eb6eb4bc8,Quần Tây Nam Lịch Lãm Công Sở,Quần,30,Đen,2,489000,09/05/2026
HD02465,773638cb-7eea-46c3-8af4-3bce1ecb5dd2,Áo Polo Nam Công Sở Premium,Áo thun,M,Xanh Navy,2,350000,09/05/2026
HD02466,1d8256e6-c737-4a4c-86b9-b28f0c3112eb,Áo Sơ Mi Nữ Oxford Trắng,Áo sơ mi,L,Trắng,1,329000,06/10/2025
HD02466,7af62054-cb7c-43d5-8a7a-f6de97b8440d,Blazer Nữ Công Sở Premium,Blazer,L,Trắng,1,820000,06/10/2025
HD02467,4ef3b541-6c86-4287-8090-28809b3559fe,Giày Chạy Bộ Nam Running Sport,Giày,40,Đen,2,790000,28/09/2025
HD02467,e6f18dbb-acb7-46bb-a116-d6111d7b40f8,Quần Jogger Nam Thể Thao Nỉ,Quần,XL,Xám,1,320000,28/09/2025
HD02467,12c3c23d-b26f-4090-b661-3e330f928a84,Nón Thể Thao Unisex,Nón,Free Size,Trắng,1,160000,28/09/2025
HD02468,4ef3b541-6c86-4287-8090-28809b3559fe,Giày Chạy Bộ Nam Running Sport,Giày,43,Đen,2,790000,15/01/2026
HD02468,e6f18dbb-acb7-46bb-a116-d6111d7b40f8,Quần Jogger Nam Thể Thao Nỉ,Quần,M,Xám,1,320000,15/01/2026
HD02468,12c3c23d-b26f-4090-b661-3e330f928a84,Nón Thể Thao Unisex,Nón,Free Size,Trắng,1,160000,15/01/2026
HD02469,b8a6d3f1-ad5c-4c5b-adf9-7e766ed462a5,Nón Bucket Unisex Vải Kaki Trơn,Nón,Free Size,Đen,1,150000,24/04/2026
HD02469,591f87ca-ccec-4d04-af4e-fe941c4ee72e,Giày Sneaker Trắng Unisex Streetwear,Giày,41,Trắng,2,650000,24/04/2026
HD02469,c9e6150b-fdf6-4a91-8f2c-d8bab75b9f2b,Hoodie Unisex Local Brand Cực Chất,Áo khoác,L,Nâu,2,399000,24/04/2026
HD02469,dc8af6b0-89d3-409a-98db-fb01be893d15,Giày Sneaker Da Lộn Unisex,Giày,42,Trắng,1,720000,24/04/2026
HD02470,bca6a5e3-a504-49ff-8fe8-bf5c131d57e5,Áo Sơ Mi Nam Kẻ Sọc Công Sở,Áo sơ mi,M,Xanh,2,330000,24/08/2025
HD02470,1571231f-22cc-4ac1-94b1-c01fcb332ed7,Túi Bao Tử Unisex Chống Nước,Nón,Free Size,Navy,1,220000,24/08/2025
HD02470,00cd794a-d248-4ee5-82bc-6f47e4552024,Giày Thể Thao Unisex Chunky,Giày,41,Trắng,1,850000,24/08/2025
HD02470,b9cffddd-aa22-47ea-b376-34ad81004eed,Blazer Nữ Công Sở,Blazer,M,Trắng,2,820000,24/08/2025
HD02471,6f18cc28-04f2-411d-8e77-8735933ad66c,Nón Lưỡi Trai Unisex Thêu Chữ,Nón,Free Size,Trắng,1,120000,19/01/2026
HD02471,e09cd3a3-73e0-468b-b718-07db41b1465d,Váy Nữ Hoa Vintage,Váy,M,Hồng,2,450000,19/01/2026
HD02471,3d8984b4-57a3-4d52-913c-2a11d9222ede,Áo Thun Nam Basic,Áo thun,L,Đen,1,199000,19/01/2026
HD02471,e9b18016-ac13-4aa7-8e3b-9df31db133d7,Váy Tennis Nữ,Váy,S,Trắng,1,280000,19/01/2026
HD02472,0f6632d3-5cf7-42d2-9157-f13f0084a634,Áo Khoác Nam Denim Classic,Áo khoác,L,Xanh,1,550000,28/06/2025
HD02472,bb06c357-8eb3-4ffe-a765-1307de4e19eb,Mũ Len Unisex Mùa Đông Ấm Áp,Nón,Free Size,Xám,1,150000,28/06/2025
HD02472,1d9f44d7-0657-47ec-baf9-659b9bfe2f6d,Áo Len Nam Cổ Lọ Ấm Áp,Áo len,L,Đen,2,520000,28/06/2025
HD02473,7af62054-cb7c-43d5-8a7a-f6de97b8440d,Blazer Nữ Công Sở Premium,Blazer,L,Trắng,1,820000,11/01/2026
HD02473,1d8256e6-c737-4a4c-86b9-b28f0c3112eb,Áo Sơ Mi Nữ Oxford Trắng,Áo sơ mi,S,Trắng,1,329000,11/01/2026
HD02473,b8a6d3f1-ad5c-4c5b-adf9-7e766ed462a5,Nón Bucket Unisex Vải Kaki Trơn,Nón,Free Size,Đen,1,150000,11/01/2026
HD02474,12c3c23d-b26f-4090-b661-3e330f928a84,Nón Thể Thao Unisex,Nón,Free Size,Trắng,2,160000,01/04/2026
HD02474,e6f18dbb-acb7-46bb-a116-d6111d7b40f8,Quần Jogger Nam Thể Thao Nỉ,Quần,M,Xám,1,320000,01/04/2026
HD02474,b9070ded-f7bb-4ae7-8384-31f433f188c1,Quần Jogger Nam Kaki Túi Hộp,Quần,M,Đen,1,350000,01/04/2026
HD02475,1d9f44d7-0657-47ec-baf9-659b9bfe2f6d,Áo Len Nam Cổ Lọ Ấm Áp,Áo len,M,Đen,2,520000,03/08/2025
HD02475,bb06c357-8eb3-4ffe-a765-1307de4e19eb,Mũ Len Unisex Mùa Đông Ấm Áp,Nón,Free Size,Xám,1,150000,03/08/2025
HD02476,4ef3b541-6c86-4287-8090-28809b3559fe,Giày Chạy Bộ Nam Running Sport,Giày,41,Đen,2,790000,03/01/2026
HD02476,e6f18dbb-acb7-46bb-a116-d6111d7b40f8,Quần Jogger Nam Thể Thao Nỉ,Quần,XL,Xám,1,320000,03/01/2026
HD02477,f79701c0-468d-45ca-a063-f2c32fead22e,Áo Polo Nam Basic,Áo thun,L,Xanh Navy,2,279000,24/09/2025
HD02477,591f87ca-ccec-4d04-af4e-fe941c4ee72e,Giày Sneaker Trắng Unisex Streetwear,Giày,41,Trắng,1,650000,24/09/2025
HD02477,565df8e7-d30d-4935-a0a2-bcd5ab5bf4a2,Quần Jeans Nam Slimfit Đen,Quần,31,Đen,1,549000,24/09/2025
HD02478,2d01e356-ac67-4d6f-83ce-e2c9ad89a55d,Quần Tây Nữ Ống Suông,Quần,M,Đen,1,459000,30/09/2025
HD02478,1d8256e6-c737-4a4c-86b9-b28f0c3112eb,Áo Sơ Mi Nữ Oxford Trắng,Áo sơ mi,S,Trắng,2,329000,30/09/2025
HD02479,e668318e-62fd-4730-9829-e614a2db7729,Blazer Nữ Form Rộng,Blazer,XL,Xám,1,850000,29/12/2025
HD02479,31c0b020-668f-4c1e-aa4b-e58b7ea7da0f,Nón Lưỡi Trai Basic Unisex,Nón,FreeSize,Đen,2,120000,29/12/2025
HD02480,bb06c357-8eb3-4ffe-a765-1307de4e19eb,Mũ Len Unisex Mùa Đông Ấm Áp,Nón,Free Size,Xám,2,150000,28/11/2025
HD02480,1d9f44d7-0657-47ec-baf9-659b9bfe2f6d,Áo Len Nam Cổ Lọ Ấm Áp,Áo len,L,Đen,2,520000,28/11/2025
HD02481,626b4040-d17f-4bae-a99a-a9bd43b0140b,Áo Len Nam Cổ Lọ,Áo len,XL,Đen,2,520000,14/01/2025
HD02481,3040b7d2-2bea-4c81-bd8c-2c17927ad9e2,Quần Culottes Nữ,Quần,L,Be,1,379000,14/01/2025
HD02482,aeefd253-ff9c-45c1-9da7-06ebdf2c502c,Áo Khoác Denim Unisex Form Rộng,Áo khoác,M,Xanh,1,550000,11/01/2026
HD02482,f715e6cf-f139-40fc-9411-eb5a1391b6a3,Quần Short Unisex Nỉ Thể Thao,Quần,M,Đen,2,189000,11/01/2026
HD02482,e668318e-62fd-4730-9829-e614a2db7729,Blazer Nữ Form Rộng,Blazer,L,Xám,2,850000,11/01/2026
HD02482,1d9f44d7-0657-47ec-baf9-659b9bfe2f6d,Áo Len Nam Cổ Lọ Ấm Áp,Áo len,M,Đen,1,520000,11/01/2026
HD02483,4ef3b541-6c86-4287-8090-28809b3559fe,Giày Chạy Bộ Nam Running Sport,Giày,40,Đen,1,790000,20/09/2025
HD02483,e6f18dbb-acb7-46bb-a116-d6111d7b40f8,Quần Jogger Nam Thể Thao Nỉ,Quần,XL,Xám,1,320000,20/09/2025
HD02483,12c3c23d-b26f-4090-b661-3e330f928a84,Nón Thể Thao Unisex,Nón,Free Size,Trắng,2,160000,20/09/2025
HD02484,d687bdc0-7bd2-4fb3-b157-ef8d3c1b2135,Quần Jogger Unisex Nỉ Basic,Quần,XL,Xám,1,280000,14/03/2025
HD02484,d15def0c-3a31-492a-ac97-382525c2218a,Áo Sweater Unisex Trơn Basic,Áo khoác,XL,Nâu,1,320000,14/03/2025
HD02484,ca7585c8-ddbf-4d1d-a666-37a7b963d906,Balo Unisex Thời Trang Chống Nước,Nón,Free Size,Trắng,1,450000,14/03/2025
HD02485,7af62054-cb7c-43d5-8a7a-f6de97b8440d,Blazer Nữ Công Sở Premium,Blazer,M,Trắng,2,820000,07/08/2025
HD02485,1d8256e6-c737-4a4c-86b9-b28f0c3112eb,Áo Sơ Mi Nữ Oxford Trắng,Áo sơ mi,S,Trắng,2,329000,07/08/2025
HD02486,7a707f6c-7a4b-4392-80c8-475eb6eb4bc8,Quần Tây Nam Lịch Lãm Công Sở,Quần,32,Đen,1,489000,06/06/2025
HD02486,bf8bb740-6ff2-40aa-b164-ac144119c781,Giày Tây Nam Derby Lịch Lãm,Giày,41,Xám,2,990000,06/06/2025
HD02486,773638cb-7eea-46c3-8af4-3bce1ecb5dd2,Áo Polo Nam Công Sở Premium,Áo thun,L,Xanh Navy,1,350000,06/06/2025
HD02487,47321475-4386-4cf5-8b77-af01547cd204,Quần Baggy Nữ Hàn Quốc,Quần,M,Đen,2,429000,27/04/2025
HD02487,b3d420d4-d451-4c61-bd20-6636b4973e09,Cardigan Nữ Len Dệt Kim Kem,Cardigan,M,Be,2,499000,27/04/2025
HD02487,cc14f38d-1c5d-44e4-a577-c2add0a1b47e,Áo Sơ Mi Nữ Linen Kem,Áo sơ mi,S,Be,2,359000,27/04/2025
HD02488,e6f18dbb-acb7-46bb-a116-d6111d7b40f8,Quần Jogger Nam Thể Thao Nỉ,Quần,XL,Xám,1,320000,06/12/2025
HD02488,4ef3b541-6c86-4287-8090-28809b3559fe,Giày Chạy Bộ Nam Running Sport,Giày,41,Đen,2,790000,06/12/2025
HD02489,591f87ca-ccec-4d04-af4e-fe941c4ee72e,Giày Sneaker Trắng Unisex Streetwear,Giày,41,Trắng,2,650000,26/09/2025
HD02489,b8a6d3f1-ad5c-4c5b-adf9-7e766ed462a5,Nón Bucket Unisex Vải Kaki Trơn,Nón,Free Size,Đen,1,150000,26/09/2025
HD02489,c9e6150b-fdf6-4a91-8f2c-d8bab75b9f2b,Hoodie Unisex Local Brand Cực Chất,Áo khoác,L,Nâu,1,399000,26/09/2025
HD02489,3ffeadc2-56cb-4267-a02b-00fc51a7a1b2,Áo Khoác Bomber Unisex Da Lộn,Áo khoác,XL,Đen,1,599000,26/09/2025
HD02490,773638cb-7eea-46c3-8af4-3bce1ecb5dd2,Áo Polo Nam Công Sở Premium,Áo thun,S,Xanh Navy,2,350000,08/11/2025
HD02490,bf8bb740-6ff2-40aa-b164-ac144119c781,Giày Tây Nam Derby Lịch Lãm,Giày,40,Xám,2,990000,08/11/2025
HD02491,c36ca838-024f-462b-b202-e125f17c3a90,Áo Body Nữ Tay Dài Ôm Sát,Áo body,S,Đen,1,299000,23/03/2026
HD02491,409dbb70-64f9-445d-b146-33a6ba02b819,Váy Nữ Dự Tiệc Trễ Vai Sang Chảnh,Váy,L,Đỏ,2,690000,23/03/2026
HD02491,db900625-f6c9-41e1-a4eb-2042fcd9496f,Giày Cao Gót Nữ Đế Nhọn Công Sở,Giày,36,Trắng,2,490000,23/03/2026
HD02492,b8a6d3f1-ad5c-4c5b-adf9-7e766ed462a5,Nón Bucket Unisex Vải Kaki Trơn,Nón,Free Size,Đen,2,150000,16/02/2025
HD02492,c9e6150b-fdf6-4a91-8f2c-d8bab75b9f2b,Hoodie Unisex Local Brand Cực Chất,Áo khoác,L,Nâu,2,399000,16/02/2025
HD02492,105ad1ba-828c-468d-b1e2-33860aced25e,Giày Tây Nam Oxford Da Bò,Giày,39,Xám,2,1200000,16/02/2025
HD02493,d15def0c-3a31-492a-ac97-382525c2218a,Áo Sweater Unisex Trơn Basic,Áo khoác,XL,Nâu,2,320000,10/05/2025
HD02493,ca7585c8-ddbf-4d1d-a666-37a7b963d906,Balo Unisex Thời Trang Chống Nước,Nón,Free Size,Trắng,2,450000,10/05/2025
HD02493,d687bdc0-7bd2-4fb3-b157-ef8d3c1b2135,Quần Jogger Unisex Nỉ Basic,Quần,L,Xám,1,280000,10/05/2025
HD02493,cc14f38d-1c5d-44e4-a577-c2add0a1b47e,Áo Sơ Mi Nữ Linen Kem,Áo sơ mi,S,Be,1,359000,10/05/2025
HD02494,409dbb70-64f9-445d-b146-33a6ba02b819,Váy Nữ Dự Tiệc Trễ Vai Sang Chảnh,Váy,L,Đỏ,2,690000,22/03/2026
HD02494,c36ca838-024f-462b-b202-e125f17c3a90,Áo Body Nữ Tay Dài Ôm Sát,Áo body,M,Đen,1,299000,22/03/2026
HD02495,409dbb70-64f9-445d-b146-33a6ba02b819,Váy Nữ Dự Tiệc Trễ Vai Sang Chảnh,Váy,L,Đỏ,1,690000,25/08/2025
HD02495,db900625-f6c9-41e1-a4eb-2042fcd9496f,Giày Cao Gót Nữ Đế Nhọn Công Sở,Giày,36,Trắng,2,490000,25/08/2025
HD02496,7af62054-cb7c-43d5-8a7a-f6de97b8440d,Blazer Nữ Công Sở Premium,Blazer,L,Trắng,2,820000,02/06/2025
HD02496,7a1e5705-4b19-42f7-a7ec-504fb2481cc2,Thắt Lưng Da Nam Khóa Tự Động,Nón,Free Size,Đen,1,350000,02/06/2025
HD02496,f79701c0-468d-45ca-a063-f2c32fead22e,Áo Polo Nam Basic,Áo thun,XL,Xanh Navy,2,279000,02/06/2025
HD02496,43d6febf-f863-4841-9ca6-94f3edbcb83a,Giày Búp Bê Nữ Da Mềm Mại,Giày,35,Trắng,2,350000,02/06/2025
HD02497,5fe8aacd-2167-47c0-925f-693248a365fe,Giày Slip On Unisex,Giày,41,Đen,2,499000,04/04/2025
HD02497,93efef1b-4c47-4682-af31-84004a28c573,Nón Snapback Unisex,Nón,Free Size,Xám,2,220000,04/04/2025
HD02497,fbf0bc5c-dbfc-4b4a-9648-0be35b76943f,Quần Jogger Unisex Kaki Túi Hộp,Quần,L,Đen,1,320000,04/04/2025
HD02497,b9070ded-f7bb-4ae7-8384-31f433f188c1,Quần Jogger Nam Kaki Túi Hộp,Quần,M,Đen,2,350000,04/04/2025
HD02498,773638cb-7eea-46c3-8af4-3bce1ecb5dd2,Áo Polo Nam Công Sở Premium,Áo thun,XL,Xanh Navy,1,350000,28/04/2025
HD02498,7a707f6c-7a4b-4392-80c8-475eb6eb4bc8,Quần Tây Nam Lịch Lãm Công Sở,Quần,30,Đen,1,489000,28/04/2025
HD02498,bf8bb740-6ff2-40aa-b164-ac144119c781,Giày Tây Nam Derby Lịch Lãm,Giày,41,Xám,1,990000,28/04/2025
HD02499,bf8bb740-6ff2-40aa-b164-ac144119c781,Giày Tây Nam Derby Lịch Lãm,Giày,39,Xám,2,990000,12/01/2025
HD02499,7a707f6c-7a4b-4392-80c8-475eb6eb4bc8,Quần Tây Nam Lịch Lãm Công Sở,Quần,30,Đen,2,489000,12/01/2025
HD02499,773638cb-7eea-46c3-8af4-3bce1ecb5dd2,Áo Polo Nam Công Sở Premium,Áo thun,XXL,Xanh Navy,1,350000,12/01/2025
HD02500,7a1e5705-4b19-42f7-a7ec-504fb2481cc2,Thắt Lưng Da Nam Khóa Tự Động,Nón,Free Size,Đen,1,350000,28/05/2025
HD02500,5fe8aacd-2167-47c0-925f-693248a365fe,Giày Slip On Unisex,Giày,41,Đen,2,499000,28/05/2025
HD02501,81735139-02ec-4da6-aa6b-74780cb71167,Áo Sơ Mi Nữ Voan Lụa Công Sở,Áo sơ mi,M,Trắng,1,380000,30/01/2025
HD02501,462e9e6e-f5a5-4689-bca8-aa61f7489a66,Hoodie Unisex Nỉ Bông Có Mũ,Áo khoác,XL,Xám,1,380000,30/01/2025
HD02501,3040b7d2-2bea-4c81-bd8c-2c17927ad9e2,Quần Culottes Nữ,Quần,L,Be,2,379000,30/01/2025
HD02501,8211c7e6-49da-422e-8c8e-61bf0288e356,Áo Thun Nam Oversize Cực Chất,Áo thun,L,Đen,1,220000,30/01/2025
HD02502,565df8e7-d30d-4935-a0a2-bcd5ab5bf4a2,Quần Jeans Nam Slimfit Đen,Quần,32,Đen,2,549000,16/02/2025
HD02502,591f87ca-ccec-4d04-af4e-fe941c4ee72e,Giày Sneaker Trắng Unisex Streetwear,Giày,40,Trắng,1,650000,16/02/2025
HD02503,4ef3b541-6c86-4287-8090-28809b3559fe,Giày Chạy Bộ Nam Running Sport,Giày,41,Đen,1,790000,26/03/2025
HD02503,12c3c23d-b26f-4090-b661-3e330f928a84,Nón Thể Thao Unisex,Nón,Free Size,Trắng,1,160000,26/03/2025
HD02503,e6f18dbb-acb7-46bb-a116-d6111d7b40f8,Quần Jogger Nam Thể Thao Nỉ,Quần,M,Xám,2,320000,26/03/2025
HD02504,d230d9ed-71e2-4378-9fb2-15dd13a37357,Áo Hoodie Unisex,Áo khoác,M,Xám,1,399000,01/01/2026
HD02504,2d01e356-ac67-4d6f-83ce-e2c9ad89a55d,Quần Tây Nữ Ống Suông,Quần,L,Đen,1,459000,01/01/2026
HD02504,08f8884f-159a-4ac0-956a-63c1d86d3552,Quần short Nam,Quần,L,Xanh,1,189000,01/01/2026
HD02504,20b29c90-bea4-432c-ac66-0b72cbccdf6a,Áo Sơ Mi Nữ Linen,Áo sơ mi,L,Be,2,359000,01/01/2026
HD02504,591f87ca-ccec-4d04-af4e-fe941c4ee72e,Giày Sneaker Trắng Unisex Streetwear,Giày,42,Trắng,1,650000,01/01/2026
HD02505,7af62054-cb7c-43d5-8a7a-f6de97b8440d,Blazer Nữ Công Sở Premium,Blazer,S,Trắng,2,820000,07/06/2025
HD02505,7a29452a-b709-4fb1-8dd9-a5d8e53fa194,Váy Nữ Dài,Váy,S,Xanh,2,459000,07/06/2025
HD02505,e09cd3a3-73e0-468b-b718-07db41b1465d,Váy Nữ Hoa Vintage,Váy,L,Hồng,1,450000,07/06/2025
HD02505,e7988e60-9056-472a-b914-5ab26da5917c,Quần Jeans Nam Rách Gối Streetwear,Quần,30,Xanh nhạt,2,599000,07/06/2025
HD02505,f05e6db1-a12e-426c-aa6d-d5e504740533,Áo Body Nữ Tay Dài,Áo body,L,Đen,2,299000,07/06/2025
HD02506,5b589295-6165-44f3-840e-bdf84d3c964e,Áo Body Nữ Giữ Nhiệt Bamboo Cổ Tròn,Áo body,L,Trắng,2,329000,27/03/2025
HD02506,bca6a5e3-a504-49ff-8fe8-bf5c131d57e5,Áo Sơ Mi Nam Kẻ Sọc Công Sở,Áo sơ mi,L,Xanh,2,330000,27/03/2025
HD02506,f05e6db1-a12e-426c-aa6d-d5e504740533,Áo Body Nữ Tay Dài,Áo body,L,Đen,2,299000,27/03/2025
HD02506,4bdea4f1-6aa9-4f3d-99e7-1c679695c149,Cardigan Nữ Dệt Kim,Cardigan,M,Be,2,499000,27/03/2025
HD02506,7a707f6c-7a4b-4392-80c8-475eb6eb4bc8,Quần Tây Nam Lịch Lãm Công Sở,Quần,32,Đen,2,489000,27/03/2025
HD02507,ac85d49f-37a3-47d2-9850-04adc3abecfb,Mắt Kính Unisex Chống Tia UV,Nón,Free Size,Đen,1,290000,29/12/2025
HD02507,c36ca838-024f-462b-b202-e125f17c3a90,Áo Body Nữ Tay Dài Ôm Sát,Áo body,S,Đen,2,299000,29/12/2025
HD02507,8a7e2af6-1dec-44a6-bf40-5c5c403abe8c,Áo Sơ Mi Nam Vải Oxford Trắng,Áo sơ mi,L,Trắng,1,320000,29/12/2025
HD02507,99f07ede-2b19-4f58-949e-3c20b4da9416,Nón Snapback Unisex Streetwear,Nón,Free Size,Xám,2,220000,29/12/2025
HD02507,20b29c90-bea4-432c-ac66-0b72cbccdf6a,Áo Sơ Mi Nữ Linen,Áo sơ mi,M,Be,1,359000,29/12/2025
HD02508,1d9f44d7-0657-47ec-baf9-659b9bfe2f6d,Áo Len Nam Cổ Lọ Ấm Áp,Áo len,L,Đen,1,520000,20/12/2025
HD02508,bb06c357-8eb3-4ffe-a765-1307de4e19eb,Mũ Len Unisex Mùa Đông Ấm Áp,Nón,Free Size,Xám,2,150000,20/12/2025
HD02509,99f07ede-2b19-4f58-949e-3c20b4da9416,Nón Snapback Unisex Streetwear,Nón,Free Size,Xám,1,220000,29/10/2025
HD02509,8211c7e6-49da-422e-8c8e-61bf0288e356,Áo Thun Nam Oversize Cực Chất,Áo thun,L,Đen,2,220000,29/10/2025
HD02509,5fe8aacd-2167-47c0-925f-693248a365fe,Giày Slip On Unisex,Giày,39,Đen,1,499000,29/10/2025
HD02510,591f87ca-ccec-4d04-af4e-fe941c4ee72e,Giày Sneaker Trắng Unisex Streetwear,Giày,38,Trắng,1,650000,01/04/2025
HD02510,565df8e7-d30d-4935-a0a2-bcd5ab5bf4a2,Quần Jeans Nam Slimfit Đen,Quần,29,Đen,1,549000,01/04/2025
HD02510,f79701c0-468d-45ca-a063-f2c32fead22e,Áo Polo Nam Basic,Áo thun,M,Xanh Navy,2,279000,01/04/2025
HD02510,c36ca838-024f-462b-b202-e125f17c3a90,Áo Body Nữ Tay Dài Ôm Sát,Áo body,S,Đen,1,299000,01/04/2025
HD02511,b3d420d4-d451-4c61-bd20-6636b4973e09,Cardigan Nữ Len Dệt Kim Kem,Cardigan,M,Be,2,499000,14/03/2026
HD02511,47321475-4386-4cf5-8b77-af01547cd204,Quần Baggy Nữ Hàn Quốc,Quần,S,Đen,2,429000,14/03/2026
HD02511,cc14f38d-1c5d-44e4-a577-c2add0a1b47e,Áo Sơ Mi Nữ Linen Kem,Áo sơ mi,M,Be,1,359000,14/03/2026
HD02512,c36ca838-024f-462b-b202-e125f17c3a90,Áo Body Nữ Tay Dài Ôm Sát,Áo body,M,Đen,2,299000,30/03/2026
HD02512,409dbb70-64f9-445d-b146-33a6ba02b819,Váy Nữ Dự Tiệc Trễ Vai Sang Chảnh,Váy,S,Đỏ,1,690000,30/03/2026
HD02513,1d8256e6-c737-4a4c-86b9-b28f0c3112eb,Áo Sơ Mi Nữ Oxford Trắng,Áo sơ mi,M,Trắng,1,329000,28/03/2025
HD02513,7af62054-cb7c-43d5-8a7a-f6de97b8440d,Blazer Nữ Công Sở Premium,Blazer,S,Trắng,2,820000,28/03/2025
HD02513,2d01e356-ac67-4d6f-83ce-e2c9ad89a55d,Quần Tây Nữ Ống Suông,Quần,S,Đen,1,459000,28/03/2025
HD02514,b9070ded-f7bb-4ae7-8384-31f433f188c1,Quần Jogger Nam Kaki Túi Hộp,Quần,XL,Đen,2,350000,27/12/2025
HD02514,8211c7e6-49da-422e-8c8e-61bf0288e356,Áo Thun Nam Oversize Cực Chất,Áo thun,L,Đen,1,220000,27/12/2025
HD02514,99f07ede-2b19-4f58-949e-3c20b4da9416,Nón Snapback Unisex Streetwear,Nón,Free Size,Xám,1,220000,27/12/2025
HD02515,4ef3b541-6c86-4287-8090-28809b3559fe,Giày Chạy Bộ Nam Running Sport,Giày,41,Đen,2,790000,29/04/2025
HD02515,12c3c23d-b26f-4090-b661-3e330f928a84,Nón Thể Thao Unisex,Nón,Free Size,Trắng,1,160000,29/04/2025
HD02515,e6f18dbb-acb7-46bb-a116-d6111d7b40f8,Quần Jogger Nam Thể Thao Nỉ,Quần,L,Xám,1,320000,29/04/2025
HD02516,d15def0c-3a31-492a-ac97-382525c2218a,Áo Sweater Unisex Trơn Basic,Áo khoác,M,Nâu,2,320000,07/02/2026
HD02516,ca7585c8-ddbf-4d1d-a666-37a7b963d906,Balo Unisex Thời Trang Chống Nước,Nón,Free Size,Trắng,1,450000,07/02/2026
HD02517,d687bdc0-7bd2-4fb3-b157-ef8d3c1b2135,Quần Jogger Unisex Nỉ Basic,Quần,M,Xám,2,280000,04/01/2026
HD02517,ca7585c8-ddbf-4d1d-a666-37a7b963d906,Balo Unisex Thời Trang Chống Nước,Nón,Free Size,Trắng,2,450000,04/01/2026
HD02517,d15def0c-3a31-492a-ac97-382525c2218a,Áo Sweater Unisex Trơn Basic,Áo khoác,L,Nâu,1,320000,04/01/2026
HD02518,e6f18dbb-acb7-46bb-a116-d6111d7b40f8,Quần Jogger Nam Thể Thao Nỉ,Quần,M,Xám,1,320000,06/02/2026
HD02518,12c3c23d-b26f-4090-b661-3e330f928a84,Nón Thể Thao Unisex,Nón,Free Size,Trắng,2,160000,06/02/2026
HD02519,bf8bb740-6ff2-40aa-b164-ac144119c781,Giày Tây Nam Derby Lịch Lãm,Giày,41,Xám,2,990000,15/04/2026
HD02519,773638cb-7eea-46c3-8af4-3bce1ecb5dd2,Áo Polo Nam Công Sở Premium,Áo thun,M,Xanh Navy,1,350000,15/04/2026
HD02520,1d8256e6-c737-4a4c-86b9-b28f0c3112eb,Áo Sơ Mi Nữ Oxford Trắng,Áo sơ mi,M,Trắng,1,329000,22/10/2025
HD02520,2d01e356-ac67-4d6f-83ce-e2c9ad89a55d,Quần Tây Nữ Ống Suông,Quần,M,Đen,1,459000,22/10/2025
HD02520,d687bdc0-7bd2-4fb3-b157-ef8d3c1b2135,Quần Jogger Unisex Nỉ Basic,Quần,XL,Xám,2,280000,22/10/2025
HD02521,2d01e356-ac67-4d6f-83ce-e2c9ad89a55d,Quần Tây Nữ Ống Suông,Quần,S,Đen,2,459000,24/10/2025
HD02521,b73fb852-1dd9-4829-86c6-c6c6f6ca7b73,Túi Tote Vải Unisex Tiện Lợi,Nón,Free Size,Trắng,2,120000,24/10/2025
HD02522,47321475-4386-4cf5-8b77-af01547cd204,Quần Baggy Nữ Hàn Quốc,Quần,M,Đen,2,429000,24/06/2025
HD02522,cc14f38d-1c5d-44e4-a577-c2add0a1b47e,Áo Sơ Mi Nữ Linen Kem,Áo sơ mi,L,Be,2,359000,24/06/2025
HD02522,b3d420d4-d451-4c61-bd20-6636b4973e09,Cardigan Nữ Len Dệt Kim Kem,Cardigan,L,Be,2,499000,24/06/2025
HD02523,47321475-4386-4cf5-8b77-af01547cd204,Quần Baggy Nữ Hàn Quốc,Quần,XL,Đen,2,429000,29/11/2025
HD02523,cc14f38d-1c5d-44e4-a577-c2add0a1b47e,Áo Sơ Mi Nữ Linen Kem,Áo sơ mi,S,Be,2,359000,29/11/2025
HD02523,b3d420d4-d451-4c61-bd20-6636b4973e09,Cardigan Nữ Len Dệt Kim Kem,Cardigan,S,Be,1,499000,29/11/2025
HD02524,2d01e356-ac67-4d6f-83ce-e2c9ad89a55d,Quần Tây Nữ Ống Suông,Quần,S,Đen,1,459000,15/04/2025
HD02524,7af62054-cb7c-43d5-8a7a-f6de97b8440d,Blazer Nữ Công Sở Premium,Blazer,S,Trắng,2,820000,15/04/2025
HD02524,00ea76e6-8a78-4510-9aa1-8c8d3f1e0ea4,Áo Body Nữ Cổ Vuông,Áo body,S,Hồng,2,329000,15/04/2025
HD02525,591f87ca-ccec-4d04-af4e-fe941c4ee72e,Giày Sneaker Trắng Unisex Streetwear,Giày,41,Trắng,2,650000,11/01/2025
HD02525,565df8e7-d30d-4935-a0a2-bcd5ab5bf4a2,Quần Jeans Nam Slimfit Đen,Quần,30,Đen,2,549000,11/01/2025
HD02526,c36ca838-024f-462b-b202-e125f17c3a90,Áo Body Nữ Tay Dài Ôm Sát,Áo body,L,Đen,2,299000,19/07/2025
HD02526,db900625-f6c9-41e1-a4eb-2042fcd9496f,Giày Cao Gót Nữ Đế Nhọn Công Sở,Giày,37,Trắng,1,490000,19/07/2025
HD02526,409dbb70-64f9-445d-b146-33a6ba02b819,Váy Nữ Dự Tiệc Trễ Vai Sang Chảnh,Váy,M,Đỏ,1,690000,19/07/2025
HD02527,4ef3b541-6c86-4287-8090-28809b3559fe,Giày Chạy Bộ Nam Running Sport,Giày,43,Đen,1,790000,02/07/2025
HD02527,e6f18dbb-acb7-46bb-a116-d6111d7b40f8,Quần Jogger Nam Thể Thao Nỉ,Quần,L,Xám,1,320000,02/07/2025
HD02528,bb06c357-8eb3-4ffe-a765-1307de4e19eb,Mũ Len Unisex Mùa Đông Ấm Áp,Nón,Free Size,Xám,2,150000,05/01/2026
HD02528,0f6632d3-5cf7-42d2-9157-f13f0084a634,Áo Khoác Nam Denim Classic,Áo khoác,XL,Xanh,1,550000,05/01/2026
HD02528,1d9f44d7-0657-47ec-baf9-659b9bfe2f6d,Áo Len Nam Cổ Lọ Ấm Áp,Áo len,XL,Đen,1,520000,05/01/2026
HD02529,c9e6150b-fdf6-4a91-8f2c-d8bab75b9f2b,Hoodie Unisex Local Brand Cực Chất,Áo khoác,M,Nâu,2,399000,23/04/2025
HD02529,b8a6d3f1-ad5c-4c5b-adf9-7e766ed462a5,Nón Bucket Unisex Vải Kaki Trơn,Nón,Free Size,Đen,2,150000,23/04/2025
HD02530,201e6224-a601-46ee-bead-63759fec2f51,Áo Len Nam Cổ Tròn Cashmere,Áo len,M,Xám,2,650000,23/04/2026
HD02530,863bc572-8ddb-47bc-98e0-bff31818a347,Quần Ống Rộng Nữ,Quần,S,Kem,2,399000,23/04/2026
HD02530,c9e6150b-fdf6-4a91-8f2c-d8bab75b9f2b,Hoodie Unisex Local Brand Cực Chất,Áo khoác,XL,Nâu,1,399000,23/04/2026
HD02530,7a1e5705-4b19-42f7-a7ec-504fb2481cc2,Thắt Lưng Da Nam Khóa Tự Động,Nón,Free Size,Đen,1,350000,23/04/2026
HD02531,1d8256e6-c737-4a4c-86b9-b28f0c3112eb,Áo Sơ Mi Nữ Oxford Trắng,Áo sơ mi,L,Trắng,1,329000,14/03/2026
HD02531,2d01e356-ac67-4d6f-83ce-e2c9ad89a55d,Quần Tây Nữ Ống Suông,Quần,M,Đen,1,459000,14/03/2026
HD02531,7af62054-cb7c-43d5-8a7a-f6de97b8440d,Blazer Nữ Công Sở Premium,Blazer,S,Trắng,2,820000,14/03/2026
HD02532,b9070ded-f7bb-4ae7-8384-31f433f188c1,Quần Jogger Nam Kaki Túi Hộp,Quần,M,Đen,1,350000,21/07/2025
HD02532,8211c7e6-49da-422e-8c8e-61bf0288e356,Áo Thun Nam Oversize Cực Chất,Áo thun,M,Đen,2,220000,21/07/2025
HD02533,45cc86fe-2abb-4420-8516-4718ae1f9990,Cardigan Nữ Oversize,Cardigan,XL,Nâu,2,459000,06/12/2025
HD02533,75973f59-8a40-4d42-b894-5375a84f3374,Áo Khoác Varsity Unisex Streetwear,Áo khoác,L,Đen Trắng,1,639000,06/12/2025
HD02533,0d2d0b09-60dc-474a-a0d4-d49689e230b8,Quần Jeans Nữ Ống Rộng Culottes,Quần,L,Kem,1,529000,06/12/2025
HD02533,b675c96d-da9f-4712-a11c-0596cc052da0,Giày Sneaker Cổ Cao Unisex,Giày,38,Trắng,2,690000,06/12/2025
HD02534,5a9e4c10-4d85-4ae9-99d0-4ecdbc69964b,Áo Thun Unisex In Chữ Streetwear,Áo thun,M,Đen,2,189000,30/08/2025
HD02534,e6f18dbb-acb7-46bb-a116-d6111d7b40f8,Quần Jogger Nam Thể Thao Nỉ,Quần,M,Xám,2,320000,30/08/2025
HD02534,dda95a07-c578-4e4d-a707-ee9fa4ee14cc,Áo Len Nam Dệt Kim,Áo len,L,Trắng,1,469000,30/08/2025
HD02535,ac85d49f-37a3-47d2-9850-04adc3abecfb,Mắt Kính Unisex Chống Tia UV,Nón,Free Size,Đen,2,290000,29/01/2025
HD02535,bf8bb740-6ff2-40aa-b164-ac144119c781,Giày Tây Nam Derby Lịch Lãm,Giày,39,Xám,1,990000,29/01/2025
HD02535,85f5b187-a705-4316-b553-16ca69de626b,Áo len phong cách cho nam,Áo len,S,Đen,2,789000,29/01/2025
HD02535,538c2225-906f-42c8-8875-c759a7017d20,Áo Sweater Unisex Cổ Tròn Nỉ,Áo khoác,L,Nâu,1,310000,29/01/2025
HD02536,d756eba2-7d66-4274-b91e-a18e6827f867,Giày Boot Da Nam Chelsea Lịch Lãm,Giày,43,Xám,2,1100000,19/01/2025
HD02536,2840661b-b758-4365-9ddb-51837e109ce7,Áo Thun Nam Local Brand,Áo thun,M,Xám,1,199000,19/01/2025
HD02536,93efef1b-4c47-4682-af31-84004a28c573,Nón Snapback Unisex,Nón,Free Size,Xám,1,220000,19/01/2025
HD02536,db900625-f6c9-41e1-a4eb-2042fcd9496f,Giày Cao Gót Nữ Đế Nhọn Công Sở,Giày,38,Trắng,2,490000,19/01/2025
HD02536,7a1e5705-4b19-42f7-a7ec-504fb2481cc2,Thắt Lưng Da Nam Khóa Tự Động,Nón,Free Size,Đen,2,350000,19/01/2025
HD02537,b8a6d3f1-ad5c-4c5b-adf9-7e766ed462a5,Nón Bucket Unisex Vải Kaki Trơn,Nón,Free Size,Đen,1,150000,28/10/2025
HD02537,c9e6150b-fdf6-4a91-8f2c-d8bab75b9f2b,Hoodie Unisex Local Brand Cực Chất,Áo khoác,L,Nâu,1,399000,28/10/2025
HD02538,e6f18dbb-acb7-46bb-a116-d6111d7b40f8,Quần Jogger Nam Thể Thao Nỉ,Quần,XL,Xám,1,320000,26/06/2025
HD02538,12c3c23d-b26f-4090-b661-3e330f928a84,Nón Thể Thao Unisex,Nón,Free Size,Trắng,2,160000,26/06/2025
HD02538,4ef3b541-6c86-4287-8090-28809b3559fe,Giày Chạy Bộ Nam Running Sport,Giày,42,Đen,2,790000,26/06/2025
HD02539,565df8e7-d30d-4935-a0a2-bcd5ab5bf4a2,Quần Jeans Nam Slimfit Đen,Quần,31,Đen,2,549000,17/01/2025
HD02539,591f87ca-ccec-4d04-af4e-fe941c4ee72e,Giày Sneaker Trắng Unisex Streetwear,Giày,40,Trắng,2,650000,17/01/2025
HD02539,7af62054-cb7c-43d5-8a7a-f6de97b8440d,Blazer Nữ Công Sở Premium,Blazer,S,Trắng,1,820000,17/01/2025
HD02540,4ef3b541-6c86-4287-8090-28809b3559fe,Giày Chạy Bộ Nam Running Sport,Giày,42,Đen,1,790000,29/07/2025
HD02540,e6f18dbb-acb7-46bb-a116-d6111d7b40f8,Quần Jogger Nam Thể Thao Nỉ,Quần,M,Xám,2,320000,29/07/2025
HD02540,12c3c23d-b26f-4090-b661-3e330f928a84,Nón Thể Thao Unisex,Nón,Free Size,Trắng,1,160000,29/07/2025
HD02541,e6f18dbb-acb7-46bb-a116-d6111d7b40f8,Quần Jogger Nam Thể Thao Nỉ,Quần,L,Xám,2,320000,04/05/2026
HD02541,668c0c46-b451-49fb-a269-45e518a0a645,Quần Jeans Nam Slimfit,Quần,32,Xanh đậm,2,549000,04/05/2026
HD02541,1d8256e6-c737-4a4c-86b9-b28f0c3112eb,Áo Sơ Mi Nữ Oxford Trắng,Áo sơ mi,M,Trắng,2,329000,04/05/2026
HD02542,db900625-f6c9-41e1-a4eb-2042fcd9496f,Giày Cao Gót Nữ Đế Nhọn Công Sở,Giày,39,Trắng,2,490000,28/01/2025
HD02542,d756eba2-7d66-4274-b91e-a18e6827f867,Giày Boot Da Nam Chelsea Lịch Lãm,Giày,42,Xám,2,1100000,28/01/2025
HD02543,cc14f38d-1c5d-44e4-a577-c2add0a1b47e,Áo Sơ Mi Nữ Linen Kem,Áo sơ mi,L,Be,1,359000,17/10/2025
HD02543,b3d420d4-d451-4c61-bd20-6636b4973e09,Cardigan Nữ Len Dệt Kim Kem,Cardigan,S,Be,2,499000,17/10/2025
HD02544,12c3c23d-b26f-4090-b661-3e330f928a84,Nón Thể Thao Unisex,Nón,Free Size,Trắng,2,160000,27/12/2025
HD02544,e6f18dbb-acb7-46bb-a116-d6111d7b40f8,Quần Jogger Nam Thể Thao Nỉ,Quần,M,Xám,2,320000,27/12/2025
HD02544,4ef3b541-6c86-4287-8090-28809b3559fe,Giày Chạy Bộ Nam Running Sport,Giày,42,Đen,1,790000,27/12/2025
HD02544,626b4040-d17f-4bae-a99a-a9bd43b0140b,Áo Len Nam Cổ Lọ,Áo len,L,Xám,1,520000,27/12/2025
HD02545,d687bdc0-7bd2-4fb3-b157-ef8d3c1b2135,Quần Jogger Unisex Nỉ Basic,Quần,M,Xám,2,280000,03/02/2025
HD02545,d15def0c-3a31-492a-ac97-382525c2218a,Áo Sweater Unisex Trơn Basic,Áo khoác,L,Nâu,2,320000,03/02/2025
HD02546,b8a6d3f1-ad5c-4c5b-adf9-7e766ed462a5,Nón Bucket Unisex Vải Kaki Trơn,Nón,Free Size,Đen,2,150000,08/02/2026
HD02546,c9e6150b-fdf6-4a91-8f2c-d8bab75b9f2b,Hoodie Unisex Local Brand Cực Chất,Áo khoác,L,Nâu,2,399000,08/02/2026
HD02547,e6f18dbb-acb7-46bb-a116-d6111d7b40f8,Quần Jogger Nam Thể Thao Nỉ,Quần,M,Xám,2,320000,28/10/2025
HD02547,4ef3b541-6c86-4287-8090-28809b3559fe,Giày Chạy Bộ Nam Running Sport,Giày,40,Đen,2,790000,28/10/2025
HD02547,12c3c23d-b26f-4090-b661-3e330f928a84,Nón Thể Thao Unisex,Nón,Free Size,Trắng,2,160000,28/10/2025
HD02548,d687bdc0-7bd2-4fb3-b157-ef8d3c1b2135,Quần Jogger Unisex Nỉ Basic,Quần,M,Xám,2,280000,20/04/2026
HD02548,ca7585c8-ddbf-4d1d-a666-37a7b963d906,Balo Unisex Thời Trang Chống Nước,Nón,Free Size,Trắng,1,450000,20/04/2026
HD02549,c9e6150b-fdf6-4a91-8f2c-d8bab75b9f2b,Hoodie Unisex Local Brand Cực Chất,Áo khoác,XL,Nâu,2,399000,22/07/2025
HD02549,b8a6d3f1-ad5c-4c5b-adf9-7e766ed462a5,Nón Bucket Unisex Vải Kaki Trơn,Nón,Free Size,Đen,2,150000,22/07/2025
HD02549,591f87ca-ccec-4d04-af4e-fe941c4ee72e,Giày Sneaker Trắng Unisex Streetwear,Giày,38,Trắng,1,650000,22/07/2025
HD02550,b9cffddd-aa22-47ea-b376-34ad81004eed,Blazer Nữ Công Sở,Blazer,L,Trắng,2,820000,20/11/2025
HD02550,de2469aa-98bb-4048-b2d6-ca06feaff0f9,Ví Da Unisex Đựng Thẻ Tiện Lợi,Nón,Free Size,Navy,1,190000,20/11/2025
HD02550,e7a2f4b5-bf3f-47e0-b981-e6142607b6bc,Giày Chunky Sneaker Unisex,Giày,40,Trắng,2,850000,20/11/2025
HD02550,0e0448a2-c2bd-4e80-b627-8787750e4656,Áo Sơ Mi Nam Caro,Áo sơ mi,M,Đỏ,2,299000,20/11/2025
HD02551,93c3d112-b724-48cb-bee5-b2dcef7f1d55,Áo Khoác Gió Unisex Thể Thao,Áo khoác,XL,Đen,2,350000,13/05/2025
HD02551,e0f136c6-62be-4f5c-a912-54349bbee80a,Chân Váy Nữ Midi Xếp Ly,Váy,S,Đen,1,320000,13/05/2025
HD02552,b9070ded-f7bb-4ae7-8384-31f433f188c1,Quần Jogger Nam Kaki Túi Hộp,Quần,L,Đen,1,350000,20/01/2026
HD02552,99f07ede-2b19-4f58-949e-3c20b4da9416,Nón Snapback Unisex Streetwear,Nón,Free Size,Xám,1,220000,20/01/2026
HD02553,4b45ae2f-6d60-448a-85ad-61b9796446ed,Áo Thun Tay Lỡ Unisex Form Rộng,Áo thun,XL,Trắng,1,199000,09/12/2025
HD02553,fc61ed45-ce98-480f-a519-02961cff9b10,Giày Chạy Bộ Nữ Siêu Nhẹ,Giày,39,Đen,1,750000,09/12/2025
HD02553,2351fa2f-2c97-41ba-bcdd-77f50f0bac7b,Quần Kaki Nam Slimfit,Quần,29,Kem,1,389000,09/12/2025
HD02553,f60ed1b2-8aed-4bf4-9047-bcdb95f84623,Áo Sơ Mi Nữ Công Sở,Áo sơ mi,L,Nâu,1,279000,09/12/2025
HD02553,6f18cc28-04f2-411d-8e77-8735933ad66c,Nón Lưỡi Trai Unisex Thêu Chữ,Nón,Free Size,Trắng,1,120000,09/12/2025
HD02554,c36ca838-024f-462b-b202-e125f17c3a90,Áo Body Nữ Tay Dài Ôm Sát,Áo body,L,Đen,2,299000,08/07/2025
HD02554,409dbb70-64f9-445d-b146-33a6ba02b819,Váy Nữ Dự Tiệc Trễ Vai Sang Chảnh,Váy,S,Đỏ,2,690000,08/07/2025
HD02554,db900625-f6c9-41e1-a4eb-2042fcd9496f,Giày Cao Gót Nữ Đế Nhọn Công Sở,Giày,36,Trắng,1,490000,08/07/2025
HD02555,0f6632d3-5cf7-42d2-9157-f13f0084a634,Áo Khoác Nam Denim Classic,Áo khoác,XL,Xanh,2,550000,12/04/2025
HD02555,1d9f44d7-0657-47ec-baf9-659b9bfe2f6d,Áo Len Nam Cổ Lọ Ấm Áp,Áo len,L,Đen,1,520000,12/04/2025
HD02556,3ef4444d-e48a-41d7-aca5-dff0114fd772,Váy Công Sở Nữ,Váy,L,Đen,2,390000,28/11/2025
HD02556,d756eba2-7d66-4274-b91e-a18e6827f867,Giày Boot Da Nam Chelsea Lịch Lãm,Giày,42,Xám,1,1100000,28/11/2025
HD02557,cc14f38d-1c5d-44e4-a577-c2add0a1b47e,Áo Sơ Mi Nữ Linen Kem,Áo sơ mi,M,Be,1,359000,12/04/2025
HD02557,47321475-4386-4cf5-8b77-af01547cd204,Quần Baggy Nữ Hàn Quốc,Quần,M,Đen,1,429000,12/04/2025
HD02558,565df8e7-d30d-4935-a0a2-bcd5ab5bf4a2,Quần Jeans Nam Slimfit Đen,Quần,32,Đen,1,549000,14/11/2025
HD02558,591f87ca-ccec-4d04-af4e-fe941c4ee72e,Giày Sneaker Trắng Unisex Streetwear,Giày,39,Trắng,2,650000,14/11/2025
HD02559,99f07ede-2b19-4f58-949e-3c20b4da9416,Nón Snapback Unisex Streetwear,Nón,Free Size,Xám,2,220000,01/01/2026
HD02559,b9070ded-f7bb-4ae7-8384-31f433f188c1,Quần Jogger Nam Kaki Túi Hộp,Quần,XL,Đen,1,350000,01/01/2026
HD02559,8211c7e6-49da-422e-8c8e-61bf0288e356,Áo Thun Nam Oversize Cực Chất,Áo thun,XL,Đen,1,220000,01/01/2026
HD02560,565df8e7-d30d-4935-a0a2-bcd5ab5bf4a2,Quần Jeans Nam Slimfit Đen,Quần,30,Đen,1,549000,26/10/2025
HD02560,f79701c0-468d-45ca-a063-f2c32fead22e,Áo Polo Nam Basic,Áo thun,L,Xanh Navy,2,279000,26/10/2025
HD02561,4ef3b541-6c86-4287-8090-28809b3559fe,Giày Chạy Bộ Nam Running Sport,Giày,40,Đen,1,790000,16/02/2025
HD02561,e6f18dbb-acb7-46bb-a116-d6111d7b40f8,Quần Jogger Nam Thể Thao Nỉ,Quần,XL,Xám,2,320000,16/02/2025
HD02561,12c3c23d-b26f-4090-b661-3e330f928a84,Nón Thể Thao Unisex,Nón,Free Size,Trắng,1,160000,16/02/2025
HD02561,01a62d8d-11a8-4f0e-95c8-28324f5438b6,Áo Body Nữ Basic Cổ Lọ,Áo body,L,Trắng,1,269000,16/02/2025
HD02562,31c0b020-668f-4c1e-aa4b-e58b7ea7da0f,Nón Lưỡi Trai Basic Unisex,Nón,FreeSize,Đen,1,120000,11/10/2025
HD02562,4ef3b541-6c86-4287-8090-28809b3559fe,Giày Chạy Bộ Nam Running Sport,Giày,40,Đen,1,790000,11/10/2025
HD02562,e9b18016-ac13-4aa7-8e3b-9df31db133d7,Váy Tennis Nữ,Váy,M,Trắng,2,280000,11/10/2025
HD02563,dda95a07-c578-4e4d-a707-ee9fa4ee14cc,Áo Len Nam Dệt Kim,Áo len,XL,Trắng,2,469000,22/01/2026
HD02563,3ef4444d-e48a-41d7-aca5-dff0114fd772,Váy Công Sở Nữ,Váy,M,Kem,1,390000,22/01/2026
HD02563,d756eba2-7d66-4274-b91e-a18e6827f867,Giày Boot Da Nam Chelsea Lịch Lãm,Giày,40,Xám,1,1100000,22/01/2026
HD02563,2d01e356-ac67-4d6f-83ce-e2c9ad89a55d,Quần Tây Nữ Ống Suông,Quần,L,Đen,1,459000,22/01/2026
HD02563,1d8256e6-c737-4a4c-86b9-b28f0c3112eb,Áo Sơ Mi Nữ Oxford Trắng,Áo sơ mi,M,Trắng,1,329000,22/01/2026
HD02564,565df8e7-d30d-4935-a0a2-bcd5ab5bf4a2,Quần Jeans Nam Slimfit Đen,Quần,31,Đen,1,549000,22/02/2025
HD02564,f79701c0-468d-45ca-a063-f2c32fead22e,Áo Polo Nam Basic,Áo thun,XL,Xanh Navy,1,279000,22/02/2025
HD02564,591f87ca-ccec-4d04-af4e-fe941c4ee72e,Giày Sneaker Trắng Unisex Streetwear,Giày,40,Trắng,2,650000,22/02/2025
HD02565,1d9f44d7-0657-47ec-baf9-659b9bfe2f6d,Áo Len Nam Cổ Lọ Ấm Áp,Áo len,M,Đen,1,520000,14/02/2026
HD02565,bb06c357-8eb3-4ffe-a765-1307de4e19eb,Mũ Len Unisex Mùa Đông Ấm Áp,Nón,Free Size,Xám,2,150000,14/02/2026
HD02566,93c3d112-b724-48cb-bee5-b2dcef7f1d55,Áo Khoác Gió Unisex Thể Thao,Áo khoác,M,Đen,2,350000,26/04/2025
HD02566,1d99fb01-0c7c-4f56-86b7-e573663b11e2,Áo Thun Nam Oversize Streetwear,Áo thun,L,Đen,2,239000,26/04/2025
HD02566,99f07ede-2b19-4f58-949e-3c20b4da9416,Nón Snapback Unisex Streetwear,Nón,Free Size,Xám,2,220000,26/04/2025
HD02567,591f87ca-ccec-4d04-af4e-fe941c4ee72e,Giày Sneaker Trắng Unisex Streetwear,Giày,40,Trắng,2,650000,21/04/2026
HD02567,565df8e7-d30d-4935-a0a2-bcd5ab5bf4a2,Quần Jeans Nam Slimfit Đen,Quần,31,Đen,2,549000,21/04/2026
HD02567,90594d6e-3ae8-44bc-be8b-4d8d5d4c89fe,Cardigan Nữ Basic,Cardigan,S,Trắng,2,379000,21/04/2026
HD02568,8211c7e6-49da-422e-8c8e-61bf0288e356,Áo Thun Nam Oversize Cực Chất,Áo thun,M,Đen,2,220000,02/03/2026
HD02568,b9070ded-f7bb-4ae7-8384-31f433f188c1,Quần Jogger Nam Kaki Túi Hộp,Quần,XL,Đen,2,350000,02/03/2026
HD02569,99f07ede-2b19-4f58-949e-3c20b4da9416,Nón Snapback Unisex Streetwear,Nón,Free Size,Xám,2,220000,08/12/2025
HD02569,8211c7e6-49da-422e-8c8e-61bf0288e356,Áo Thun Nam Oversize Cực Chất,Áo thun,M,Đen,1,220000,08/12/2025
HD02569,b9070ded-f7bb-4ae7-8384-31f433f188c1,Quần Jogger Nam Kaki Túi Hộp,Quần,L,Đen,2,350000,08/12/2025
HD02569,4e83e6d5-6bb8-4d62-b032-d8ffc5ee62ef,Quần Jeans Nam Ống Đứng Regular,Quần,30,Xanh đậm,2,529000,08/12/2025
HD02570,bf8bb740-6ff2-40aa-b164-ac144119c781,Giày Tây Nam Derby Lịch Lãm,Giày,39,Xám,2,990000,09/03/2025
HD02570,773638cb-7eea-46c3-8af4-3bce1ecb5dd2,Áo Polo Nam Công Sở Premium,Áo thun,M,Xanh Navy,2,350000,09/03/2025
HD02570,7a707f6c-7a4b-4392-80c8-475eb6eb4bc8,Quần Tây Nam Lịch Lãm Công Sở,Quần,32,Đen,2,489000,09/03/2025
HD02571,d687bdc0-7bd2-4fb3-b157-ef8d3c1b2135,Quần Jogger Unisex Nỉ Basic,Quần,M,Xám,2,280000,19/04/2026
HD02571,ca7585c8-ddbf-4d1d-a666-37a7b963d906,Balo Unisex Thời Trang Chống Nước,Nón,Free Size,Trắng,2,450000,19/04/2026
HD02572,0e0448a2-c2bd-4e80-b627-8787750e4656,Áo Sơ Mi Nam Caro,Áo sơ mi,M,Đỏ,1,299000,06/11/2025
HD02572,1654922e-d123-4e17-9ca0-cdae32820ab6,Vớ Unisex Cotton Cổ Cao Sọc,Nón,Free Size,Trắng,2,49000,06/11/2025
HD02572,4b45ae2f-6d60-448a-85ad-61b9796446ed,Áo Thun Tay Lỡ Unisex Form Rộng,Áo thun,M,Trắng,1,199000,06/11/2025
HD02572,86a9c31d-97c5-47fc-b2ce-292729ac16ad,Nón Bucket Unisex Họa Tiết Loang,Nón,Free Size,Đen,2,180000,06/11/2025
HD02573,7a1e5705-4b19-42f7-a7ec-504fb2481cc2,Thắt Lưng Da Nam Khóa Tự Động,Nón,Free Size,Đen,2,350000,17/12/2025
HD02573,206646b2-8c77-4e51-b71d-a942c17cbc4b,Quần Short Unisex Dù Gió,Quần,M,Xanh,2,150000,17/12/2025
HD02573,2840661b-b758-4365-9ddb-51837e109ce7,Áo Thun Nam Local Brand,Áo thun,L,Trắng,1,199000,17/12/2025
HD02574,00cd794a-d248-4ee5-82bc-6f47e4552024,Giày Thể Thao Unisex Chunky,Giày,41,Trắng,1,850000,26/09/2025
HD02574,e6f18dbb-acb7-46bb-a116-d6111d7b40f8,Quần Jogger Nam Thể Thao Nỉ,Quần,XL,Xám,2,320000,26/09/2025
HD02575,565df8e7-d30d-4935-a0a2-bcd5ab5bf4a2,Quần Jeans Nam Slimfit Đen,Quần,30,Đen,1,549000,01/01/2026
HD02575,f79701c0-468d-45ca-a063-f2c32fead22e,Áo Polo Nam Basic,Áo thun,M,Xanh Navy,2,279000,01/01/2026
HD02576,d15def0c-3a31-492a-ac97-382525c2218a,Áo Sweater Unisex Trơn Basic,Áo khoác,M,Nâu,1,320000,01/03/2026
HD02576,d687bdc0-7bd2-4fb3-b157-ef8d3c1b2135,Quần Jogger Unisex Nỉ Basic,Quần,M,Xám,1,280000,01/03/2026
HD02576,ca7585c8-ddbf-4d1d-a666-37a7b963d906,Balo Unisex Thời Trang Chống Nước,Nón,Free Size,Trắng,2,450000,01/03/2026
HD02576,3ffeadc2-56cb-4267-a02b-00fc51a7a1b2,Áo Khoác Bomber Unisex Da Lộn,Áo khoác,L,Đen,1,599000,01/03/2026
HD02577,6567b83c-7707-4f60-b9df-577208962783,Blazer Nữ Kẻ Caro Phong Cách Hàn,Blazer,L,Xám,1,850000,03/04/2025
HD02577,52d573b6-f538-4651-9496-600f187e26cc,Cardigan Nữ Form Rộng Thêu Hoa,Cardigan,M,Nâu,2,480000,03/04/2025
HD02577,1654922e-d123-4e17-9ca0-cdae32820ab6,Vớ Unisex Cotton Cổ Cao Sọc,Nón,Free Size,Trắng,1,49000,03/04/2025
HD02578,ca7585c8-ddbf-4d1d-a666-37a7b963d906,Balo Unisex Thời Trang Chống Nước,Nón,Free Size,Trắng,2,450000,09/07/2025
HD02578,d15def0c-3a31-492a-ac97-382525c2218a,Áo Sweater Unisex Trơn Basic,Áo khoác,M,Nâu,1,320000,09/07/2025
HD02578,7af62054-cb7c-43d5-8a7a-f6de97b8440d,Blazer Nữ Công Sở Premium,Blazer,S,Trắng,1,820000,09/07/2025
HD02579,db900625-f6c9-41e1-a4eb-2042fcd9496f,Giày Cao Gót Nữ Đế Nhọn Công Sở,Giày,35,Trắng,2,490000,01/01/2026
HD02579,409dbb70-64f9-445d-b146-33a6ba02b819,Váy Nữ Dự Tiệc Trễ Vai Sang Chảnh,Váy,S,Đỏ,1,690000,01/01/2026
HD02579,c36ca838-024f-462b-b202-e125f17c3a90,Áo Body Nữ Tay Dài Ôm Sát,Áo body,L,Đen,1,299000,01/01/2026
HD02580,2d01e356-ac67-4d6f-83ce-e2c9ad89a55d,Quần Tây Nữ Ống Suông,Quần,L,Đen,2,459000,23/03/2026
HD02580,7af62054-cb7c-43d5-8a7a-f6de97b8440d,Blazer Nữ Công Sở Premium,Blazer,L,Trắng,1,820000,23/03/2026
HD02581,773638cb-7eea-46c3-8af4-3bce1ecb5dd2,Áo Polo Nam Công Sở Premium,Áo thun,M,Xanh Navy,1,350000,25/08/2025
HD02581,462e9e6e-f5a5-4689-bca8-aa61f7489a66,Hoodie Unisex Nỉ Bông Có Mũ,Áo khoác,L,Xám,2,380000,25/08/2025
HD02581,1d99fb01-0c7c-4f56-86b7-e573663b11e2,Áo Thun Nam Oversize Streetwear,Áo thun,L,Đen,1,239000,25/08/2025
HD02581,95eb8021-2598-4aeb-92e1-99f5e709c28c,Cardigan Nữ Hàn Quốc,Cardigan,M,Đen,2,430000,25/08/2025
HD02581,538c2225-906f-42c8-8875-c759a7017d20,Áo Sweater Unisex Cổ Tròn Nỉ,Áo khoác,XL,Nâu,2,310000,25/08/2025
HD02582,d15def0c-3a31-492a-ac97-382525c2218a,Áo Sweater Unisex Trơn Basic,Áo khoác,M,Nâu,2,320000,21/07/2025
HD02582,d687bdc0-7bd2-4fb3-b157-ef8d3c1b2135,Quần Jogger Unisex Nỉ Basic,Quần,XL,Xám,2,280000,21/07/2025
HD02582,773638cb-7eea-46c3-8af4-3bce1ecb5dd2,Áo Polo Nam Công Sở Premium,Áo thun,M,Xanh Navy,1,350000,21/07/2025
HD02583,bb06c357-8eb3-4ffe-a765-1307de4e19eb,Mũ Len Unisex Mùa Đông Ấm Áp,Nón,Free Size,Xám,2,150000,19/01/2025
HD02583,1d9f44d7-0657-47ec-baf9-659b9bfe2f6d,Áo Len Nam Cổ Lọ Ấm Áp,Áo len,XL,Đen,2,520000,19/01/2025
HD02583,0f6632d3-5cf7-42d2-9157-f13f0084a634,Áo Khoác Nam Denim Classic,Áo khoác,L,Xanh,2,550000,19/01/2025
HD02584,565df8e7-d30d-4935-a0a2-bcd5ab5bf4a2,Quần Jeans Nam Slimfit Đen,Quần,29,Đen,1,549000,16/01/2025
HD02584,f79701c0-468d-45ca-a063-f2c32fead22e,Áo Polo Nam Basic,Áo thun,L,Xanh Navy,2,279000,16/01/2025
HD02584,591f87ca-ccec-4d04-af4e-fe941c4ee72e,Giày Sneaker Trắng Unisex Streetwear,Giày,42,Trắng,1,650000,16/01/2025
HD02585,12c3c23d-b26f-4090-b661-3e330f928a84,Nón Thể Thao Unisex,Nón,Free Size,Trắng,2,160000,26/11/2025
HD02585,e6f18dbb-acb7-46bb-a116-d6111d7b40f8,Quần Jogger Nam Thể Thao Nỉ,Quần,XL,Xám,1,320000,26/11/2025
HD02585,4ef3b541-6c86-4287-8090-28809b3559fe,Giày Chạy Bộ Nam Running Sport,Giày,42,Đen,1,790000,26/11/2025
HD02586,7af62054-cb7c-43d5-8a7a-f6de97b8440d,Blazer Nữ Công Sở Premium,Blazer,L,Trắng,2,820000,03/05/2026
HD02586,1d8256e6-c737-4a4c-86b9-b28f0c3112eb,Áo Sơ Mi Nữ Oxford Trắng,Áo sơ mi,M,Trắng,2,329000,03/05/2026
HD02586,2d01e356-ac67-4d6f-83ce-e2c9ad89a55d,Quần Tây Nữ Ống Suông,Quần,M,Đen,1,459000,03/05/2026
HD02587,bb06c357-8eb3-4ffe-a765-1307de4e19eb,Mũ Len Unisex Mùa Đông Ấm Áp,Nón,Free Size,Xám,2,150000,31/03/2025
HD02587,0f6632d3-5cf7-42d2-9157-f13f0084a634,Áo Khoác Nam Denim Classic,Áo khoác,L,Xanh,1,550000,31/03/2025
HD02587,6567b83c-7707-4f60-b9df-577208962783,Blazer Nữ Kẻ Caro Phong Cách Hàn,Blazer,M,Xám,1,850000,31/03/2025
HD02588,ca7585c8-ddbf-4d1d-a666-37a7b963d906,Balo Unisex Thời Trang Chống Nước,Nón,Free Size,Trắng,1,450000,19/04/2025
HD02588,d15def0c-3a31-492a-ac97-382525c2218a,Áo Sweater Unisex Trơn Basic,Áo khoác,L,Nâu,2,320000,19/04/2025
HD02588,d687bdc0-7bd2-4fb3-b157-ef8d3c1b2135,Quần Jogger Unisex Nỉ Basic,Quần,M,Xám,2,280000,19/04/2025
HD02589,7a707f6c-7a4b-4392-80c8-475eb6eb4bc8,Quần Tây Nam Lịch Lãm Công Sở,Quần,31,Đen,2,489000,09/01/2026
HD02589,773638cb-7eea-46c3-8af4-3bce1ecb5dd2,Áo Polo Nam Công Sở Premium,Áo thun,M,Xanh Navy,1,350000,09/01/2026
HD02589,93c3d112-b724-48cb-bee5-b2dcef7f1d55,Áo Khoác Gió Unisex Thể Thao,Áo khoác,L,Đen,2,350000,09/01/2026
HD02590,8211c7e6-49da-422e-8c8e-61bf0288e356,Áo Thun Nam Oversize Cực Chất,Áo thun,XL,Đen,2,220000,23/09/2025
HD02590,b9070ded-f7bb-4ae7-8384-31f433f188c1,Quần Jogger Nam Kaki Túi Hộp,Quần,L,Đen,1,350000,23/09/2025
HD02590,99f07ede-2b19-4f58-949e-3c20b4da9416,Nón Snapback Unisex Streetwear,Nón,Free Size,Xám,2,220000,23/09/2025
HD02590,92f492fc-802a-4e3f-9110-cedb91786563,Áo Sơ Mi Nữ Công Sở,Áo sơ mi,M,Trắng,1,299000,23/09/2025
HD02591,8ad4ef8e-e76a-4754-9239-64101f13a08e,Quần Short Nữ Jeans Retro,Quần,M,Xanh,2,289000,08/01/2026
HD02591,0d2d0b09-60dc-474a-a0d4-d49689e230b8,Quần Jeans Nữ Ống Rộng Culottes,Quần,S,Kem,2,529000,08/01/2026
HD02591,93c3d112-b724-48cb-bee5-b2dcef7f1d55,Áo Khoác Gió Unisex Thể Thao,Áo khoác,M,Đen,2,350000,08/01/2026
HD02591,2d01e356-ac67-4d6f-83ce-e2c9ad89a55d,Quần Tây Nữ Ống Suông,Quần,L,Đen,1,459000,08/01/2026
HD02592,12c3c23d-b26f-4090-b661-3e330f928a84,Nón Thể Thao Unisex,Nón,Free Size,Trắng,2,160000,30/12/2025
HD02592,e6f18dbb-acb7-46bb-a116-d6111d7b40f8,Quần Jogger Nam Thể Thao Nỉ,Quần,M,Xám,1,320000,30/12/2025
HD02593,d687bdc0-7bd2-4fb3-b157-ef8d3c1b2135,Quần Jogger Unisex Nỉ Basic,Quần,M,Xám,1,280000,15/05/2025
HD02593,ca7585c8-ddbf-4d1d-a666-37a7b963d906,Balo Unisex Thời Trang Chống Nước,Nón,Free Size,Trắng,1,450000,15/05/2025
HD02593,d15def0c-3a31-492a-ac97-382525c2218a,Áo Sweater Unisex Trơn Basic,Áo khoác,XL,Nâu,2,320000,15/05/2025
HD02594,9339978c-7737-41bc-b043-029aeb186aac,Áo Polo Nam Basic,Áo thun,M,Xanh Navy,1,279000,09/03/2025
HD02594,90594d6e-3ae8-44bc-be8b-4d8d5d4c89fe,Cardigan Nữ Basic,Cardigan,M,Trắng,2,379000,09/03/2025
HD02594,3519fffb-6ea3-4fe0-947e-6d8b8e470b7a,Váy Nữ Maxi Đi Biển Dịu Dàng,Váy,M,Be,2,550000,09/03/2025
HD02594,33732f38-6563-44e9-a85f-09fcdda0aa6f,Blazer Nữ Dáng Ngắn Thời Thượng,Blazer,M,Be,2,790000,09/03/2025
HD02595,e6f18dbb-acb7-46bb-a116-d6111d7b40f8,Quần Jogger Nam Thể Thao Nỉ,Quần,XL,Xám,1,320000,07/10/2025
HD02595,12c3c23d-b26f-4090-b661-3e330f928a84,Nón Thể Thao Unisex,Nón,Free Size,Trắng,2,160000,07/10/2025
HD02595,4ef3b541-6c86-4287-8090-28809b3559fe,Giày Chạy Bộ Nam Running Sport,Giày,42,Đen,1,790000,07/10/2025
HD02596,47321475-4386-4cf5-8b77-af01547cd204,Quần Baggy Nữ Hàn Quốc,Quần,M,Đen,1,429000,15/04/2026
HD02596,b3d420d4-d451-4c61-bd20-6636b4973e09,Cardigan Nữ Len Dệt Kim Kem,Cardigan,L,Be,2,499000,15/04/2026
HD02597,c9e6150b-fdf6-4a91-8f2c-d8bab75b9f2b,Hoodie Unisex Local Brand Cực Chất,Áo khoác,M,Nâu,1,399000,10/04/2025
HD02597,591f87ca-ccec-4d04-af4e-fe941c4ee72e,Giày Sneaker Trắng Unisex Streetwear,Giày,39,Trắng,1,650000,10/04/2025
HD02598,1d8256e6-c737-4a4c-86b9-b28f0c3112eb,Áo Sơ Mi Nữ Oxford Trắng,Áo sơ mi,M,Trắng,2,329000,26/07/2025
HD02598,7af62054-cb7c-43d5-8a7a-f6de97b8440d,Blazer Nữ Công Sở Premium,Blazer,M,Trắng,2,820000,26/07/2025
HD02598,2840661b-b758-4365-9ddb-51837e109ce7,Áo Thun Nam Local Brand,Áo thun,S,Xám,2,199000,26/07/2025
HD02599,cc14f38d-1c5d-44e4-a577-c2add0a1b47e,Áo Sơ Mi Nữ Linen Kem,Áo sơ mi,L,Be,2,359000,28/01/2025
HD02599,b3d420d4-d451-4c61-bd20-6636b4973e09,Cardigan Nữ Len Dệt Kim Kem,Cardigan,M,Be,2,499000,28/01/2025
HD02599,47321475-4386-4cf5-8b77-af01547cd204,Quần Baggy Nữ Hàn Quốc,Quần,XL,Đen,1,429000,28/01/2025
HD02600,cc14f38d-1c5d-44e4-a577-c2add0a1b47e,Áo Sơ Mi Nữ Linen Kem,Áo sơ mi,S,Be,1,359000,08/10/2025
HD02600,47321475-4386-4cf5-8b77-af01547cd204,Quần Baggy Nữ Hàn Quốc,Quần,L,Đen,1,429000,08/10/2025
HD02600,b3d420d4-d451-4c61-bd20-6636b4973e09,Cardigan Nữ Len Dệt Kim Kem,Cardigan,M,Be,1,499000,08/10/2025
HD02601,538c2225-906f-42c8-8875-c759a7017d20,Áo Sweater Unisex Cổ Tròn Nỉ,Áo khoác,M,Nâu,2,310000,30/07/2025
HD02601,c356d946-1d0c-4868-a400-11e664e1c6c1,Áo Thun Nam Cotton Organic,Áo thun,L,Xám,2,190000,30/07/2025
HD02602,7a1e5705-4b19-42f7-a7ec-504fb2481cc2,Thắt Lưng Da Nam Khóa Tự Động,Nón,Free Size,Đen,2,350000,17/02/2025
HD02602,8a7e2af6-1dec-44a6-bf40-5c5c403abe8c,Áo Sơ Mi Nam Vải Oxford Trắng,Áo sơ mi,M,Trắng,2,320000,17/02/2025
HD02602,e5f19f93-1057-4ec4-880f-a16e5fbcb39c,Váy Tennis Nữ Xếp Ly Trắng,Váy,S,Trắng,1,280000,17/02/2025
HD02602,aeefd253-ff9c-45c1-9da7-06ebdf2c502c,Áo Khoác Denim Unisex Form Rộng,Áo khoác,L,Xanh,1,550000,17/02/2025
HD02603,cc14f38d-1c5d-44e4-a577-c2add0a1b47e,Áo Sơ Mi Nữ Linen Kem,Áo sơ mi,M,Be,2,359000,09/03/2025
HD02603,b3d420d4-d451-4c61-bd20-6636b4973e09,Cardigan Nữ Len Dệt Kim Kem,Cardigan,L,Be,1,499000,09/03/2025
HD02604,409dbb70-64f9-445d-b146-33a6ba02b819,Váy Nữ Dự Tiệc Trễ Vai Sang Chảnh,Váy,M,Đỏ,1,690000,11/03/2026
HD02604,db900625-f6c9-41e1-a4eb-2042fcd9496f,Giày Cao Gót Nữ Đế Nhọn Công Sở,Giày,39,Trắng,2,490000,11/03/2026
HD02605,7a707f6c-7a4b-4392-80c8-475eb6eb4bc8,Quần Tây Nam Lịch Lãm Công Sở,Quần,29,Đen,1,489000,06/11/2025
HD02605,773638cb-7eea-46c3-8af4-3bce1ecb5dd2,Áo Polo Nam Công Sở Premium,Áo thun,S,Xanh Navy,2,350000,06/11/2025
HD02606,4ef3b541-6c86-4287-8090-28809b3559fe,Giày Chạy Bộ Nam Running Sport,Giày,42,Đen,1,790000,25/05/2025
HD02606,12c3c23d-b26f-4090-b661-3e330f928a84,Nón Thể Thao Unisex,Nón,Free Size,Trắng,2,160000,25/05/2025
HD02606,e6f18dbb-acb7-46bb-a116-d6111d7b40f8,Quần Jogger Nam Thể Thao Nỉ,Quần,L,Xám,1,320000,25/05/2025
HD02607,b8a6d3f1-ad5c-4c5b-adf9-7e766ed462a5,Nón Bucket Unisex Vải Kaki Trơn,Nón,Free Size,Đen,1,150000,24/08/2025
HD02607,c9e6150b-fdf6-4a91-8f2c-d8bab75b9f2b,Hoodie Unisex Local Brand Cực Chất,Áo khoác,XL,Nâu,2,399000,24/08/2025
HD02608,d687bdc0-7bd2-4fb3-b157-ef8d3c1b2135,Quần Jogger Unisex Nỉ Basic,Quần,M,Xám,2,280000,06/02/2025
HD02608,ca7585c8-ddbf-4d1d-a666-37a7b963d906,Balo Unisex Thời Trang Chống Nước,Nón,Free Size,Trắng,1,450000,06/02/2025
HD02608,d15def0c-3a31-492a-ac97-382525c2218a,Áo Sweater Unisex Trơn Basic,Áo khoác,M,Nâu,2,320000,06/02/2025
HD02609,cc14f38d-1c5d-44e4-a577-c2add0a1b47e,Áo Sơ Mi Nữ Linen Kem,Áo sơ mi,L,Be,2,359000,14/10/2025
HD02609,47321475-4386-4cf5-8b77-af01547cd204,Quần Baggy Nữ Hàn Quốc,Quần,XL,Đen,1,429000,14/10/2025
HD02609,b3d420d4-d451-4c61-bd20-6636b4973e09,Cardigan Nữ Len Dệt Kim Kem,Cardigan,M,Be,2,499000,14/10/2025
HD02610,bb06c357-8eb3-4ffe-a765-1307de4e19eb,Mũ Len Unisex Mùa Đông Ấm Áp,Nón,Free Size,Xám,2,150000,25/04/2025
HD02610,0f6632d3-5cf7-42d2-9157-f13f0084a634,Áo Khoác Nam Denim Classic,Áo khoác,M,Xanh,1,550000,25/04/2025
HD02610,1d9f44d7-0657-47ec-baf9-659b9bfe2f6d,Áo Len Nam Cổ Lọ Ấm Áp,Áo len,M,Đen,1,520000,25/04/2025
HD02611,99f07ede-2b19-4f58-949e-3c20b4da9416,Nón Snapback Unisex Streetwear,Nón,Free Size,Xám,2,220000,20/04/2026
HD02611,8211c7e6-49da-422e-8c8e-61bf0288e356,Áo Thun Nam Oversize Cực Chất,Áo thun,M,Đen,1,220000,20/04/2026
HD02611,b9070ded-f7bb-4ae7-8384-31f433f188c1,Quần Jogger Nam Kaki Túi Hộp,Quần,XL,Đen,1,350000,20/04/2026
HD02612,7a707f6c-7a4b-4392-80c8-475eb6eb4bc8,Quần Tây Nam Lịch Lãm Công Sở,Quần,29,Đen,1,489000,02/01/2025
HD02612,bf8bb740-6ff2-40aa-b164-ac144119c781,Giày Tây Nam Derby Lịch Lãm,Giày,39,Xám,1,990000,02/01/2025
HD02612,591f87ca-ccec-4d04-af4e-fe941c4ee72e,Giày Sneaker Trắng Unisex Streetwear,Giày,39,Trắng,1,650000,02/01/2025
HD02613,db900625-f6c9-41e1-a4eb-2042fcd9496f,Giày Cao Gót Nữ Đế Nhọn Công Sở,Giày,35,Trắng,1,490000,12/10/2025
HD02613,c36ca838-024f-462b-b202-e125f17c3a90,Áo Body Nữ Tay Dài Ôm Sát,Áo body,L,Đen,1,299000,12/10/2025
HD02613,409dbb70-64f9-445d-b146-33a6ba02b819,Váy Nữ Dự Tiệc Trễ Vai Sang Chảnh,Váy,S,Đỏ,2,690000,12/10/2025
HD02614,591f87ca-ccec-4d04-af4e-fe941c4ee72e,Giày Sneaker Trắng Unisex Streetwear,Giày,41,Trắng,1,650000,25/07/2025
HD02614,c9e6150b-fdf6-4a91-8f2c-d8bab75b9f2b,Hoodie Unisex Local Brand Cực Chất,Áo khoác,XL,Nâu,1,399000,25/07/2025
HD02614,b8a6d3f1-ad5c-4c5b-adf9-7e766ed462a5,Nón Bucket Unisex Vải Kaki Trơn,Nón,Free Size,Đen,1,150000,25/07/2025
HD02615,1d9f44d7-0657-47ec-baf9-659b9bfe2f6d,Áo Len Nam Cổ Lọ Ấm Áp,Áo len,XL,Đen,2,520000,04/11/2025
HD02615,0f6632d3-5cf7-42d2-9157-f13f0084a634,Áo Khoác Nam Denim Classic,Áo khoác,XL,Xanh,1,550000,04/11/2025
HD02615,bb06c357-8eb3-4ffe-a765-1307de4e19eb,Mũ Len Unisex Mùa Đông Ấm Áp,Nón,Free Size,Xám,2,150000,04/11/2025
HD02616,e6f18dbb-acb7-46bb-a116-d6111d7b40f8,Quần Jogger Nam Thể Thao Nỉ,Quần,L,Xám,1,320000,25/01/2026
HD02616,12c3c23d-b26f-4090-b661-3e330f928a84,Nón Thể Thao Unisex,Nón,Free Size,Trắng,1,160000,25/01/2026
HD02616,c9abc8f4-c333-4a02-9fdb-0a7346bdc75f,Váy Nữ Hoa Nhí Dáng A,Váy,M,Hồng,1,390000,25/01/2026
HD02617,2d01e356-ac67-4d6f-83ce-e2c9ad89a55d,Quần Tây Nữ Ống Suông,Quần,M,Đen,1,459000,09/04/2026
HD02617,1d8256e6-c737-4a4c-86b9-b28f0c3112eb,Áo Sơ Mi Nữ Oxford Trắng,Áo sơ mi,M,Trắng,1,329000,09/04/2026
HD02617,7af62054-cb7c-43d5-8a7a-f6de97b8440d,Blazer Nữ Công Sở Premium,Blazer,M,Trắng,1,820000,09/04/2026
HD02617,3040b7d2-2bea-4c81-bd8c-2c17927ad9e2,Quần Culottes Nữ,Quần,L,Be,2,379000,09/04/2026
HD02618,565df8e7-d30d-4935-a0a2-bcd5ab5bf4a2,Quần Jeans Nam Slimfit Đen,Quần,29,Đen,2,549000,14/02/2026
HD02618,591f87ca-ccec-4d04-af4e-fe941c4ee72e,Giày Sneaker Trắng Unisex Streetwear,Giày,40,Trắng,1,650000,14/02/2026
HD02619,7a707f6c-7a4b-4392-80c8-475eb6eb4bc8,Quần Tây Nam Lịch Lãm Công Sở,Quần,33,Đen,2,489000,18/09/2025
HD02619,773638cb-7eea-46c3-8af4-3bce1ecb5dd2,Áo Polo Nam Công Sở Premium,Áo thun,S,Xanh Navy,1,350000,18/09/2025
HD02619,bf8bb740-6ff2-40aa-b164-ac144119c781,Giày Tây Nam Derby Lịch Lãm,Giày,41,Xám,1,990000,18/09/2025
HD02620,99f07ede-2b19-4f58-949e-3c20b4da9416,Nón Snapback Unisex Streetwear,Nón,Free Size,Xám,1,220000,22/03/2025
HD02620,b9070ded-f7bb-4ae7-8384-31f433f188c1,Quần Jogger Nam Kaki Túi Hộp,Quần,M,Đen,1,350000,22/03/2025
HD02621,14aa5a7e-58a7-4ee6-91dc-3b3841539483,Áo Thun Nam Graphic Print,Áo thun,L,Đen,2,259000,04/08/2025
HD02621,e1fb3fad-6974-423e-b5e0-33e5c3f7a559,Áo Khoác Nam Varsity,Áo khoác,XL,Đen Trắng,1,639000,04/08/2025
HD02621,f60ed1b2-8aed-4bf4-9047-bcdb95f84623,Áo Sơ Mi Nữ Công Sở,Áo sơ mi,XL,Nâu,1,279000,04/08/2025
HD02622,1d8256e6-c737-4a4c-86b9-b28f0c3112eb,Áo Sơ Mi Nữ Oxford Trắng,Áo sơ mi,L,Trắng,1,329000,14/05/2025
HD02622,7af62054-cb7c-43d5-8a7a-f6de97b8440d,Blazer Nữ Công Sở Premium,Blazer,L,Trắng,2,820000,14/05/2025
HD02622,2d01e356-ac67-4d6f-83ce-e2c9ad89a55d,Quần Tây Nữ Ống Suông,Quần,L,Đen,1,459000,14/05/2025
HD02623,1d8256e6-c737-4a4c-86b9-b28f0c3112eb,Áo Sơ Mi Nữ Oxford Trắng,Áo sơ mi,M,Trắng,2,329000,01/04/2025
HD02623,7af62054-cb7c-43d5-8a7a-f6de97b8440d,Blazer Nữ Công Sở Premium,Blazer,S,Trắng,1,820000,01/04/2025
HD02623,2d01e356-ac67-4d6f-83ce-e2c9ad89a55d,Quần Tây Nữ Ống Suông,Quần,L,Đen,2,459000,01/04/2025
HD02623,2840661b-b758-4365-9ddb-51837e109ce7,Áo Thun Nam Local Brand,Áo thun,S,Trắng,2,199000,01/04/2025
HD02624,47321475-4386-4cf5-8b77-af01547cd204,Quần Baggy Nữ Hàn Quốc,Quần,S,Đen,1,429000,12/03/2025
HD02624,b3d420d4-d451-4c61-bd20-6636b4973e09,Cardigan Nữ Len Dệt Kim Kem,Cardigan,L,Be,2,499000,12/03/2025
HD02625,2d01e356-ac67-4d6f-83ce-e2c9ad89a55d,Quần Tây Nữ Ống Suông,Quần,M,Đen,1,459000,23/01/2025
HD02625,1d8256e6-c737-4a4c-86b9-b28f0c3112eb,Áo Sơ Mi Nữ Oxford Trắng,Áo sơ mi,S,Trắng,2,329000,23/01/2025
HD02625,7af62054-cb7c-43d5-8a7a-f6de97b8440d,Blazer Nữ Công Sở Premium,Blazer,M,Trắng,1,820000,23/01/2025
HD02626,b9070ded-f7bb-4ae7-8384-31f433f188c1,Quần Jogger Nam Kaki Túi Hộp,Quần,XL,Đen,1,350000,28/02/2026
HD02626,99f07ede-2b19-4f58-949e-3c20b4da9416,Nón Snapback Unisex Streetwear,Nón,Free Size,Xám,1,220000,28/02/2026
HD02627,b8a6d3f1-ad5c-4c5b-adf9-7e766ed462a5,Nón Bucket Unisex Vải Kaki Trơn,Nón,Free Size,Đen,1,150000,05/07/2025
HD02627,c9e6150b-fdf6-4a91-8f2c-d8bab75b9f2b,Hoodie Unisex Local Brand Cực Chất,Áo khoác,L,Nâu,1,399000,05/07/2025
HD02628,105ad1ba-828c-468d-b1e2-33860aced25e,Giày Tây Nam Oxford Da Bò,Giày,42,Xám,2,1200000,13/01/2025
HD02628,256a70eb-d06d-417a-bf57-9b60da0305c5,Giày Thể Thao Nam,Giày,41,Xám,2,720000,13/01/2025
HD02628,33732f38-6563-44e9-a85f-09fcdda0aa6f,Blazer Nữ Dáng Ngắn Thời Thượng,Blazer,M,Be,2,790000,13/01/2025
HD02629,e6f18dbb-acb7-46bb-a116-d6111d7b40f8,Quần Jogger Nam Thể Thao Nỉ,Quần,XL,Xám,1,320000,13/01/2025
HD02629,4ef3b541-6c86-4287-8090-28809b3559fe,Giày Chạy Bộ Nam Running Sport,Giày,42,Đen,2,790000,13/01/2025
HD02629,12c3c23d-b26f-4090-b661-3e330f928a84,Nón Thể Thao Unisex,Nón,Free Size,Trắng,1,160000,13/01/2025
HD02629,80fca8d2-8d12-40fd-aaf6-6c3e0e0d49ea,Cardigan Nữ Len Mỏng,Cardigan,M,Kem,2,399000,13/01/2025
HD02630,1d9f44d7-0657-47ec-baf9-659b9bfe2f6d,Áo Len Nam Cổ Lọ Ấm Áp,Áo len,L,Đen,1,520000,13/02/2026
HD02630,bb06c357-8eb3-4ffe-a765-1307de4e19eb,Mũ Len Unisex Mùa Đông Ấm Áp,Nón,Free Size,Xám,1,150000,13/02/2026
HD02631,1d9f44d7-0657-47ec-baf9-659b9bfe2f6d,Áo Len Nam Cổ Lọ Ấm Áp,Áo len,XL,Đen,1,520000,31/03/2025
HD02631,bb06c357-8eb3-4ffe-a765-1307de4e19eb,Mũ Len Unisex Mùa Đông Ấm Áp,Nón,Free Size,Xám,2,150000,31/03/2025
HD02631,0f6632d3-5cf7-42d2-9157-f13f0084a634,Áo Khoác Nam Denim Classic,Áo khoác,L,Xanh,2,550000,31/03/2025
HD02632,d15def0c-3a31-492a-ac97-382525c2218a,Áo Sweater Unisex Trơn Basic,Áo khoác,M,Nâu,1,320000,27/07/2025
HD02632,ca7585c8-ddbf-4d1d-a666-37a7b963d906,Balo Unisex Thời Trang Chống Nước,Nón,Free Size,Trắng,2,450000,27/07/2025
HD02632,d687bdc0-7bd2-4fb3-b157-ef8d3c1b2135,Quần Jogger Unisex Nỉ Basic,Quần,L,Xám,2,280000,27/07/2025
HD02633,c36ca838-024f-462b-b202-e125f17c3a90,Áo Body Nữ Tay Dài Ôm Sát,Áo body,S,Đen,1,299000,20/06/2025
HD02633,db900625-f6c9-41e1-a4eb-2042fcd9496f,Giày Cao Gót Nữ Đế Nhọn Công Sở,Giày,38,Trắng,1,490000,20/06/2025
HD02634,d687bdc0-7bd2-4fb3-b157-ef8d3c1b2135,Quần Jogger Unisex Nỉ Basic,Quần,XL,Xám,1,280000,23/11/2025
HD02634,d15def0c-3a31-492a-ac97-382525c2218a,Áo Sweater Unisex Trơn Basic,Áo khoác,L,Nâu,1,320000,23/11/2025
HD02635,bb06c357-8eb3-4ffe-a765-1307de4e19eb,Mũ Len Unisex Mùa Đông Ấm Áp,Nón,Free Size,Xám,1,150000,06/09/2025
HD02635,0f6632d3-5cf7-42d2-9157-f13f0084a634,Áo Khoác Nam Denim Classic,Áo khoác,M,Xanh,1,550000,06/09/2025
HD02635,1d9f44d7-0657-47ec-baf9-659b9bfe2f6d,Áo Len Nam Cổ Lọ Ấm Áp,Áo len,L,Đen,2,520000,06/09/2025
HD02635,c9abc8f4-c333-4a02-9fdb-0a7346bdc75f,Váy Nữ Hoa Nhí Dáng A,Váy,M,Hồng,1,390000,06/09/2025
HD02636,4ef3b541-6c86-4287-8090-28809b3559fe,Giày Chạy Bộ Nam Running Sport,Giày,41,Đen,2,790000,31/10/2025
HD02636,e6f18dbb-acb7-46bb-a116-d6111d7b40f8,Quần Jogger Nam Thể Thao Nỉ,Quần,L,Xám,1,320000,31/10/2025
HD02636,12c3c23d-b26f-4090-b661-3e330f928a84,Nón Thể Thao Unisex,Nón,Free Size,Trắng,2,160000,31/10/2025
HD02637,c36ca838-024f-462b-b202-e125f17c3a90,Áo Body Nữ Tay Dài Ôm Sát,Áo body,M,Đen,2,299000,22/04/2025
HD02637,c9abc8f4-c333-4a02-9fdb-0a7346bdc75f,Váy Nữ Hoa Nhí Dáng A,Váy,L,Hồng,2,390000,22/04/2025
HD02637,d15def0c-3a31-492a-ac97-382525c2218a,Áo Sweater Unisex Trơn Basic,Áo khoác,XL,Nâu,1,320000,22/04/2025
HD02637,e5f19f93-1057-4ec4-880f-a16e5fbcb39c,Váy Tennis Nữ Xếp Ly Trắng,Váy,S,Trắng,2,280000,22/04/2025
HD02638,b8a6d3f1-ad5c-4c5b-adf9-7e766ed462a5,Nón Bucket Unisex Vải Kaki Trơn,Nón,Free Size,Đen,2,150000,21/11/2025
HD02638,626b4040-d17f-4bae-a99a-a9bd43b0140b,Áo Len Nam Cổ Lọ,Áo len,XL,Xám,1,520000,21/11/2025
HD02638,57d427ce-2cb0-4659-b346-22ed27f9bafa,Quần Baggy Nữ,Quần,L,Đen,1,429000,21/11/2025
HD02639,2abe7389-f13b-422a-b6f1-a2c95273e319,Sandal Unisex Dây Chéo Học Sinh,Giày,39,Đen,1,250000,28/04/2026
HD02639,b9070ded-f7bb-4ae7-8384-31f433f188c1,Quần Jogger Nam Kaki Túi Hộp,Quần,XL,Đen,2,350000,28/04/2026
HD02639,31c0b020-668f-4c1e-aa4b-e58b7ea7da0f,Nón Lưỡi Trai Basic Unisex,Nón,FreeSize,Trắng,2,120000,28/04/2026
HD02639,0e0448a2-c2bd-4e80-b627-8787750e4656,Áo Sơ Mi Nam Caro,Áo sơ mi,L,Đỏ,1,299000,28/04/2026
HD02640,1d8256e6-c737-4a4c-86b9-b28f0c3112eb,Áo Sơ Mi Nữ Oxford Trắng,Áo sơ mi,L,Trắng,1,329000,21/03/2026
HD02640,81735139-02ec-4da6-aa6b-74780cb71167,Áo Sơ Mi Nữ Voan Lụa Công Sở,Áo sơ mi,M,Trắng,1,380000,21/03/2026
HD02640,08f8884f-159a-4ac0-956a-63c1d86d3552,Quần short Nam,Quần,M,Đen,2,189000,21/03/2026
HD02640,db900625-f6c9-41e1-a4eb-2042fcd9496f,Giày Cao Gót Nữ Đế Nhọn Công Sở,Giày,37,Trắng,1,490000,21/03/2026
HD02641,8ad4ef8e-e76a-4754-9239-64101f13a08e,Quần Short Nữ Jeans Retro,Quần,L,Xanh,1,289000,12/10/2025
HD02641,2d01e356-ac67-4d6f-83ce-e2c9ad89a55d,Quần Tây Nữ Ống Suông,Quần,L,Đen,1,459000,12/10/2025
HD02641,863bc572-8ddb-47bc-98e0-bff31818a347,Quần Ống Rộng Nữ,Quần,S,Kem,2,399000,12/10/2025
HD02642,020a480f-a235-4103-9eaf-f34d0cff36ed,Quần Jeans Nữ Skinny,Quần,S,Xanh,2,489000,01/03/2026
HD02642,b73fb852-1dd9-4829-86c6-c6c6f6ca7b73,Túi Tote Vải Unisex Tiện Lợi,Nón,Free Size,Trắng,1,120000,01/03/2026
HD02642,bb06c357-8eb3-4ffe-a765-1307de4e19eb,Mũ Len Unisex Mùa Đông Ấm Áp,Nón,Free Size,Xám,1,150000,01/03/2026
HD02643,591f87ca-ccec-4d04-af4e-fe941c4ee72e,Giày Sneaker Trắng Unisex Streetwear,Giày,38,Trắng,1,650000,01/04/2026
HD02643,b8a6d3f1-ad5c-4c5b-adf9-7e766ed462a5,Nón Bucket Unisex Vải Kaki Trơn,Nón,Free Size,Đen,1,150000,01/04/2026
HD02644,b3d420d4-d451-4c61-bd20-6636b4973e09,Cardigan Nữ Len Dệt Kim Kem,Cardigan,S,Be,2,499000,01/01/2026
HD02644,47321475-4386-4cf5-8b77-af01547cd204,Quần Baggy Nữ Hàn Quốc,Quần,S,Đen,2,429000,01/01/2026
HD02644,61017231-ff80-414c-8355-84b4bfd8f3fb,Áo Sơ Mi Nữ Oxford,Áo sơ mi,M,Trắng,2,329000,01/01/2026
HD02645,b3d420d4-d451-4c61-bd20-6636b4973e09,Cardigan Nữ Len Dệt Kim Kem,Cardigan,M,Be,2,499000,30/10/2025
HD02645,cc14f38d-1c5d-44e4-a577-c2add0a1b47e,Áo Sơ Mi Nữ Linen Kem,Áo sơ mi,S,Be,2,359000,30/10/2025
HD02645,47321475-4386-4cf5-8b77-af01547cd204,Quần Baggy Nữ Hàn Quốc,Quần,S,Đen,1,429000,30/10/2025
HD02646,7af62054-cb7c-43d5-8a7a-f6de97b8440d,Blazer Nữ Công Sở Premium,Blazer,L,Trắng,1,820000,13/02/2026
HD02646,2d01e356-ac67-4d6f-83ce-e2c9ad89a55d,Quần Tây Nữ Ống Suông,Quần,L,Đen,1,459000,13/02/2026
HD02647,0f6632d3-5cf7-42d2-9157-f13f0084a634,Áo Khoác Nam Denim Classic,Áo khoác,XL,Xanh,1,550000,03/01/2025
HD02647,1d9f44d7-0657-47ec-baf9-659b9bfe2f6d,Áo Len Nam Cổ Lọ Ấm Áp,Áo len,L,Đen,2,520000,03/01/2025
HD02648,c36ca838-024f-462b-b202-e125f17c3a90,Áo Body Nữ Tay Dài Ôm Sát,Áo body,S,Đen,1,299000,03/10/2025
HD02648,db900625-f6c9-41e1-a4eb-2042fcd9496f,Giày Cao Gót Nữ Đế Nhọn Công Sở,Giày,35,Trắng,1,490000,03/10/2025
HD02648,409dbb70-64f9-445d-b146-33a6ba02b819,Váy Nữ Dự Tiệc Trễ Vai Sang Chảnh,Váy,S,Đỏ,1,690000,03/10/2025
HD02649,e6f18dbb-acb7-46bb-a116-d6111d7b40f8,Quần Jogger Nam Thể Thao Nỉ,Quần,L,Xám,2,320000,24/01/2026
HD02649,4ef3b541-6c86-4287-8090-28809b3559fe,Giày Chạy Bộ Nam Running Sport,Giày,40,Đen,1,790000,24/01/2026
HD02649,12c3c23d-b26f-4090-b661-3e330f928a84,Nón Thể Thao Unisex,Nón,Free Size,Trắng,2,160000,24/01/2026
HD02650,0f6632d3-5cf7-42d2-9157-f13f0084a634,Áo Khoác Nam Denim Classic,Áo khoác,M,Xanh,2,550000,09/12/2025
HD02650,bb06c357-8eb3-4ffe-a765-1307de4e19eb,Mũ Len Unisex Mùa Đông Ấm Áp,Nón,Free Size,Xám,2,150000,09/12/2025
HD02650,1d9f44d7-0657-47ec-baf9-659b9bfe2f6d,Áo Len Nam Cổ Lọ Ấm Áp,Áo len,XL,Đen,1,520000,09/12/2025
HD02651,6f18cc28-04f2-411d-8e77-8735933ad66c,Nón Lưỡi Trai Unisex Thêu Chữ,Nón,Free Size,Trắng,2,120000,07/04/2025
HD02651,b44f5194-d6f8-497b-b568-738d7d09c9e4,Áo Thun Nữ Croptop Cổ Tim,Áo thun,S,Trắng,2,120000,07/04/2025
HD02652,5fe8aacd-2167-47c0-925f-693248a365fe,Giày Slip On Unisex,Giày,39,Đen,1,499000,13/08/2025
HD02652,591f87ca-ccec-4d04-af4e-fe941c4ee72e,Giày Sneaker Trắng Unisex Streetwear,Giày,41,Trắng,2,650000,13/08/2025
HD02653,cc14f38d-1c5d-44e4-a577-c2add0a1b47e,Áo Sơ Mi Nữ Linen Kem,Áo sơ mi,M,Be,1,359000,22/10/2025
HD02653,b3d420d4-d451-4c61-bd20-6636b4973e09,Cardigan Nữ Len Dệt Kim Kem,Cardigan,S,Be,2,499000,22/10/2025
HD02653,47321475-4386-4cf5-8b77-af01547cd204,Quần Baggy Nữ Hàn Quốc,Quần,L,Đen,1,429000,22/10/2025
HD02654,7af62054-cb7c-43d5-8a7a-f6de97b8440d,Blazer Nữ Công Sở Premium,Blazer,M,Trắng,2,820000,13/02/2026
HD02654,2d01e356-ac67-4d6f-83ce-e2c9ad89a55d,Quần Tây Nữ Ống Suông,Quần,S,Đen,2,459000,13/02/2026
HD02654,1d8256e6-c737-4a4c-86b9-b28f0c3112eb,Áo Sơ Mi Nữ Oxford Trắng,Áo sơ mi,L,Trắng,2,329000,13/02/2026
HD02654,0f6632d3-5cf7-42d2-9157-f13f0084a634,Áo Khoác Nam Denim Classic,Áo khoác,M,Xanh,2,550000,13/02/2026
HD02655,42027732-03d0-4a71-a42b-eafc03a8cc71,Áo Khoác Blazer Unisex Form Rộng,Blazer,XL,Xám,2,750000,15/08/2025
HD02655,0e0448a2-c2bd-4e80-b627-8787750e4656,Áo Sơ Mi Nam Caro,Áo sơ mi,L,Đỏ,1,299000,15/08/2025
HD02655,81735139-02ec-4da6-aa6b-74780cb71167,Áo Sơ Mi Nữ Voan Lụa Công Sở,Áo sơ mi,L,Trắng,1,380000,15/08/2025
HD02655,cc14f38d-1c5d-44e4-a577-c2add0a1b47e,Áo Sơ Mi Nữ Linen Kem,Áo sơ mi,S,Be,2,359000,15/08/2025
HD02655,14aa5a7e-58a7-4ee6-91dc-3b3841539483,Áo Thun Nam Graphic Print,Áo thun,M,Xám,1,259000,15/08/2025
HD02656,e6f18dbb-acb7-46bb-a116-d6111d7b40f8,Quần Jogger Nam Thể Thao Nỉ,Quần,M,Xám,2,320000,18/06/2025
HD02656,12c3c23d-b26f-4090-b661-3e330f928a84,Nón Thể Thao Unisex,Nón,Free Size,Trắng,1,160000,18/06/2025
HD02657,6f18cc28-04f2-411d-8e77-8735933ad66c,Nón Lưỡi Trai Unisex Thêu Chữ,Nón,Free Size,Trắng,1,120000,30/07/2025
HD02657,626b4040-d17f-4bae-a99a-a9bd43b0140b,Áo Len Nam Cổ Lọ,Áo len,L,Đen,1,520000,30/07/2025
HD02657,57d427ce-2cb0-4659-b346-22ed27f9bafa,Quần Baggy Nữ,Quần,S,Đen,2,429000,30/07/2025
HD02657,6e959b97-7e1c-49d4-a62d-1d3bdaa3a97c,Áo Len Nam Hàn Quốc,Áo len,L,Nâu,1,499000,30/07/2025
HD02658,409dbb70-64f9-445d-b146-33a6ba02b819,Váy Nữ Dự Tiệc Trễ Vai Sang Chảnh,Váy,M,Đỏ,1,690000,17/05/2025
HD02658,c36ca838-024f-462b-b202-e125f17c3a90,Áo Body Nữ Tay Dài Ôm Sát,Áo body,M,Đen,1,299000,17/05/2025
HD02658,db900625-f6c9-41e1-a4eb-2042fcd9496f,Giày Cao Gót Nữ Đế Nhọn Công Sở,Giày,35,Trắng,1,490000,17/05/2025
HD02658,3ffeadc2-56cb-4267-a02b-00fc51a7a1b2,Áo Khoác Bomber Unisex Da Lộn,Áo khoác,XL,Đen,1,599000,17/05/2025
HD02659,bf8bb740-6ff2-40aa-b164-ac144119c781,Giày Tây Nam Derby Lịch Lãm,Giày,40,Xám,1,990000,11/03/2026
HD02659,773638cb-7eea-46c3-8af4-3bce1ecb5dd2,Áo Polo Nam Công Sở Premium,Áo thun,XL,Xanh Navy,2,350000,11/03/2026
HD02660,bca6a5e3-a504-49ff-8fe8-bf5c131d57e5,Áo Sơ Mi Nam Kẻ Sọc Công Sở,Áo sơ mi,L,Xanh,1,330000,03/02/2025
HD02660,409dbb70-64f9-445d-b146-33a6ba02b819,Váy Nữ Dự Tiệc Trễ Vai Sang Chảnh,Váy,L,Đỏ,1,690000,03/02/2025
HD02660,b9cffddd-aa22-47ea-b376-34ad81004eed,Blazer Nữ Công Sở,Blazer,M,Trắng,1,820000,03/02/2025
HD02660,99f07ede-2b19-4f58-949e-3c20b4da9416,Nón Snapback Unisex Streetwear,Nón,Free Size,Xám,1,220000,03/02/2025
HD02661,12c3c23d-b26f-4090-b661-3e330f928a84,Nón Thể Thao Unisex,Nón,Free Size,Trắng,2,160000,14/08/2025
HD02661,4ef3b541-6c86-4287-8090-28809b3559fe,Giày Chạy Bộ Nam Running Sport,Giày,41,Đen,1,790000,14/08/2025
HD02662,2d01e356-ac67-4d6f-83ce-e2c9ad89a55d,Quần Tây Nữ Ống Suông,Quần,L,Đen,1,459000,03/01/2026
HD02662,1d8256e6-c737-4a4c-86b9-b28f0c3112eb,Áo Sơ Mi Nữ Oxford Trắng,Áo sơ mi,S,Trắng,2,329000,03/01/2026
HD02663,e6f18dbb-acb7-46bb-a116-d6111d7b40f8,Quần Jogger Nam Thể Thao Nỉ,Quần,XL,Xám,1,320000,25/02/2025
HD02663,4ef3b541-6c86-4287-8090-28809b3559fe,Giày Chạy Bộ Nam Running Sport,Giày,41,Đen,2,790000,25/02/2025
HD02663,12c3c23d-b26f-4090-b661-3e330f928a84,Nón Thể Thao Unisex,Nón,Free Size,Trắng,2,160000,25/02/2025
HD02664,12c3c23d-b26f-4090-b661-3e330f928a84,Nón Thể Thao Unisex,Nón,Free Size,Trắng,1,160000,14/04/2026
HD02664,4ef3b541-6c86-4287-8090-28809b3559fe,Giày Chạy Bộ Nam Running Sport,Giày,41,Đen,2,790000,14/04/2026
HD02664,f79701c0-468d-45ca-a063-f2c32fead22e,Áo Polo Nam Basic,Áo thun,XL,Xanh Navy,1,279000,14/04/2026
HD02665,bf8bb740-6ff2-40aa-b164-ac144119c781,Giày Tây Nam Derby Lịch Lãm,Giày,39,Xám,2,990000,31/10/2025
HD02665,7a707f6c-7a4b-4392-80c8-475eb6eb4bc8,Quần Tây Nam Lịch Lãm Công Sở,Quần,31,Đen,2,489000,31/10/2025
HD02665,773638cb-7eea-46c3-8af4-3bce1ecb5dd2,Áo Polo Nam Công Sở Premium,Áo thun,L,Xanh Navy,1,350000,31/10/2025
HD02666,591f87ca-ccec-4d04-af4e-fe941c4ee72e,Giày Sneaker Trắng Unisex Streetwear,Giày,41,Trắng,1,650000,14/03/2026
HD02666,c9e6150b-fdf6-4a91-8f2c-d8bab75b9f2b,Hoodie Unisex Local Brand Cực Chất,Áo khoác,XL,Nâu,2,399000,14/03/2026
HD02666,b8a6d3f1-ad5c-4c5b-adf9-7e766ed462a5,Nón Bucket Unisex Vải Kaki Trơn,Nón,Free Size,Đen,2,150000,14/03/2026
HD02667,fb99d5a6-90f1-4a0e-931d-e0f87e9f92e9,Áo Body Nữ Basic,Áo body,S,Trắng,2,269000,24/11/2025
HD02667,0537aac5-9d37-4ea1-bee3-5ed3851cc79d,Áo Sơ Mi Nam Vải Linen Xanh,Áo sơ mi,M,Xanh,2,340000,24/11/2025
HD02667,42df8548-dbbf-40a4-a6f2-f989e10394fd,Blazer Nữ Hàn Quốc,Blazer,L,Kem,1,790000,24/11/2025
HD02667,db900625-f6c9-41e1-a4eb-2042fcd9496f,Giày Cao Gót Nữ Đế Nhọn Công Sở,Giày,37,Trắng,2,490000,24/11/2025
HD02668,41ba1486-c8ed-42ba-8e21-a7baaaf113a7,Quần Short Nữ,Quần,M,Xanh,1,259000,09/09/2025
HD02668,12c3c23d-b26f-4090-b661-3e330f928a84,Nón Thể Thao Unisex,Nón,Free Size,Trắng,1,160000,09/09/2025
HD02669,bb06c357-8eb3-4ffe-a765-1307de4e19eb,Mũ Len Unisex Mùa Đông Ấm Áp,Nón,Free Size,Xám,1,150000,15/03/2025
HD02669,0f6632d3-5cf7-42d2-9157-f13f0084a634,Áo Khoác Nam Denim Classic,Áo khoác,L,Xanh,2,550000,15/03/2025
HD02670,8211c7e6-49da-422e-8c8e-61bf0288e356,Áo Thun Nam Oversize Cực Chất,Áo thun,XL,Đen,2,220000,30/01/2026
HD02670,99f07ede-2b19-4f58-949e-3c20b4da9416,Nón Snapback Unisex Streetwear,Nón,Free Size,Xám,2,220000,30/01/2026
HD02670,b9070ded-f7bb-4ae7-8384-31f433f188c1,Quần Jogger Nam Kaki Túi Hộp,Quần,L,Đen,2,350000,30/01/2026
HD02671,b9070ded-f7bb-4ae7-8384-31f433f188c1,Quần Jogger Nam Kaki Túi Hộp,Quần,L,Đen,1,350000,20/09/2025
HD02671,99f07ede-2b19-4f58-949e-3c20b4da9416,Nón Snapback Unisex Streetwear,Nón,Free Size,Xám,2,220000,20/09/2025
HD02672,565df8e7-d30d-4935-a0a2-bcd5ab5bf4a2,Quần Jeans Nam Slimfit Đen,Quần,31,Đen,2,549000,10/02/2026
HD02672,591f87ca-ccec-4d04-af4e-fe941c4ee72e,Giày Sneaker Trắng Unisex Streetwear,Giày,38,Trắng,2,650000,10/02/2026
HD02673,1d8256e6-c737-4a4c-86b9-b28f0c3112eb,Áo Sơ Mi Nữ Oxford Trắng,Áo sơ mi,L,Trắng,2,329000,18/10/2025
HD02673,2d01e356-ac67-4d6f-83ce-e2c9ad89a55d,Quần Tây Nữ Ống Suông,Quần,S,Đen,2,459000,18/10/2025
HD02674,1d9f44d7-0657-47ec-baf9-659b9bfe2f6d,Áo Len Nam Cổ Lọ Ấm Áp,Áo len,L,Đen,1,520000,29/09/2025
HD02674,bb06c357-8eb3-4ffe-a765-1307de4e19eb,Mũ Len Unisex Mùa Đông Ấm Áp,Nón,Free Size,Xám,2,150000,29/09/2025
HD02675,00cd794a-d248-4ee5-82bc-6f47e4552024,Giày Thể Thao Unisex Chunky,Giày,41,Trắng,2,850000,20/04/2025
HD02675,a7c450bf-193d-4223-b178-523acdd5ce71,Quần Kaki Nam Dáng Suông,Quần,32,Kem,2,389000,20/04/2025
HD02675,b675c96d-da9f-4712-a11c-0596cc052da0,Giày Sneaker Cổ Cao Unisex,Giày,39,Trắng,1,690000,20/04/2025
HD02676,7a707f6c-7a4b-4392-80c8-475eb6eb4bc8,Quần Tây Nam Lịch Lãm Công Sở,Quần,30,Đen,1,489000,19/05/2025
HD02676,bf8bb740-6ff2-40aa-b164-ac144119c781,Giày Tây Nam Derby Lịch Lãm,Giày,41,Xám,1,990000,19/05/2025
HD02677,ca7585c8-ddbf-4d1d-a666-37a7b963d906,Balo Unisex Thời Trang Chống Nước,Nón,Free Size,Trắng,1,450000,25/04/2025
HD02677,d15def0c-3a31-492a-ac97-382525c2218a,Áo Sweater Unisex Trơn Basic,Áo khoác,L,Nâu,1,320000,25/04/2025
HD02677,d687bdc0-7bd2-4fb3-b157-ef8d3c1b2135,Quần Jogger Unisex Nỉ Basic,Quần,L,Xám,1,280000,25/04/2025
HD02677,85f5b187-a705-4316-b553-16ca69de626b,Áo len phong cách cho nam,Áo len,S,Đen,2,789000,25/04/2025
HD02678,47321475-4386-4cf5-8b77-af01547cd204,Quần Baggy Nữ Hàn Quốc,Quần,XL,Đen,2,429000,31/12/2025
HD02678,cc14f38d-1c5d-44e4-a577-c2add0a1b47e,Áo Sơ Mi Nữ Linen Kem,Áo sơ mi,L,Be,2,359000,31/12/2025
HD02679,99f07ede-2b19-4f58-949e-3c20b4da9416,Nón Snapback Unisex Streetwear,Nón,Free Size,Xám,1,220000,11/08/2025
HD02679,b9070ded-f7bb-4ae7-8384-31f433f188c1,Quần Jogger Nam Kaki Túi Hộp,Quần,M,Đen,1,350000,11/08/2025
HD02680,565df8e7-d30d-4935-a0a2-bcd5ab5bf4a2,Quần Jeans Nam Slimfit Đen,Quần,31,Đen,1,549000,10/02/2026
HD02680,f79701c0-468d-45ca-a063-f2c32fead22e,Áo Polo Nam Basic,Áo thun,L,Xanh Navy,1,279000,10/02/2026
HD02681,4b45ae2f-6d60-448a-85ad-61b9796446ed,Áo Thun Tay Lỡ Unisex Form Rộng,Áo thun,L,Trắng,1,199000,28/04/2026
HD02681,d687bdc0-7bd2-4fb3-b157-ef8d3c1b2135,Quần Jogger Unisex Nỉ Basic,Quần,XL,Xám,1,280000,28/04/2026
HD02681,8a7e2af6-1dec-44a6-bf40-5c5c403abe8c,Áo Sơ Mi Nam Vải Oxford Trắng,Áo sơ mi,L,Trắng,2,320000,28/04/2026
HD02681,3d8984b4-57a3-4d52-913c-2a11d9222ede,Áo Thun Nam Basic,Áo thun,XL,Trắng,2,199000,28/04/2026
HD02681,46605dff-a9ed-41df-a46a-88d80a783e20,Nón Lưỡi Trai Cao Cấp Unisex,Nón,Free Size,Navy,2,250000,28/04/2026
HD02682,2aad4182-f5b2-4e66-a70b-32fe3626ae38,Nón Bucket Basic Unisex,Nón,Free Size,Đen,2,180000,04/06/2025
HD02682,7a1e5705-4b19-42f7-a7ec-504fb2481cc2,Thắt Lưng Da Nam Khóa Tự Động,Nón,Free Size,Đen,1,350000,04/06/2025
HD02683,e1fb3fad-6974-423e-b5e0-33e5c3f7a559,Áo Khoác Nam Varsity,Áo khoác,XL,Đen Trắng,2,639000,04/11/2025
HD02683,b9070ded-f7bb-4ae7-8384-31f433f188c1,Quần Jogger Nam Kaki Túi Hộp,Quần,M,Đen,1,350000,04/11/2025
HD02684,773638cb-7eea-46c3-8af4-3bce1ecb5dd2,Áo Polo Nam Công Sở Premium,Áo thun,M,Xanh Navy,1,350000,12/03/2026
HD02684,7a707f6c-7a4b-4392-80c8-475eb6eb4bc8,Quần Tây Nam Lịch Lãm Công Sở,Quần,30,Đen,1,489000,12/03/2026
HD02684,bf8bb740-6ff2-40aa-b164-ac144119c781,Giày Tây Nam Derby Lịch Lãm,Giày,42,Xám,2,990000,12/03/2026
HD02685,773638cb-7eea-46c3-8af4-3bce1ecb5dd2,Áo Polo Nam Công Sở Premium,Áo thun,L,Xanh Navy,2,350000,28/04/2025
HD02685,7a707f6c-7a4b-4392-80c8-475eb6eb4bc8,Quần Tây Nam Lịch Lãm Công Sở,Quần,30,Đen,2,489000,28/04/2025
HD02686,2d01e356-ac67-4d6f-83ce-e2c9ad89a55d,Quần Tây Nữ Ống Suông,Quần,L,Đen,2,459000,04/03/2025
HD02686,7af62054-cb7c-43d5-8a7a-f6de97b8440d,Blazer Nữ Công Sở Premium,Blazer,M,Trắng,2,820000,04/03/2025
HD02687,740d378a-17ab-4db0-aa7b-961840cb0ad8,Blazer Nữ Premium,Blazer,M,Đen,1,990000,08/09/2025
HD02687,dda95a07-c578-4e4d-a707-ee9fa4ee14cc,Áo Len Nam Dệt Kim,Áo len,XL,Trắng,1,469000,08/09/2025
HD02687,45cc86fe-2abb-4420-8516-4718ae1f9990,Cardigan Nữ Oversize,Cardigan,XL,Nâu,2,459000,08/09/2025
HD02687,ca7585c8-ddbf-4d1d-a666-37a7b963d906,Balo Unisex Thời Trang Chống Nước,Nón,Free Size,Trắng,2,450000,08/09/2025
HD02687,31c0b020-668f-4c1e-aa4b-e58b7ea7da0f,Nón Lưỡi Trai Basic Unisex,Nón,FreeSize,Đen,2,120000,08/09/2025
HD02688,0e0448a2-c2bd-4e80-b627-8787750e4656,Áo Sơ Mi Nam Caro,Áo sơ mi,M,Đỏ,2,299000,09/11/2025
HD02688,a9bbcc47-d51e-49fb-aab9-04649744ad76,Áo Thun Nam Cổ Tim Trơn,Áo thun,M,Đen,1,160000,09/11/2025
HD02688,1d8256e6-c737-4a4c-86b9-b28f0c3112eb,Áo Sơ Mi Nữ Oxford Trắng,Áo sơ mi,M,Trắng,1,329000,09/11/2025
HD02689,4ef3b541-6c86-4287-8090-28809b3559fe,Giày Chạy Bộ Nam Running Sport,Giày,43,Đen,2,790000,04/01/2026
HD02689,12c3c23d-b26f-4090-b661-3e330f928a84,Nón Thể Thao Unisex,Nón,Free Size,Trắng,1,160000,04/01/2026
HD02690,cc14f38d-1c5d-44e4-a577-c2add0a1b47e,Áo Sơ Mi Nữ Linen Kem,Áo sơ mi,S,Be,2,359000,30/05/2025
HD02690,47321475-4386-4cf5-8b77-af01547cd204,Quần Baggy Nữ Hàn Quốc,Quần,M,Đen,2,429000,30/05/2025
HD02690,b3d420d4-d451-4c61-bd20-6636b4973e09,Cardigan Nữ Len Dệt Kim Kem,Cardigan,L,Be,2,499000,30/05/2025
HD02690,a7c450bf-193d-4223-b178-523acdd5ce71,Quần Kaki Nam Dáng Suông,Quần,29,Kem,1,389000,30/05/2025
HD02691,2840661b-b758-4365-9ddb-51837e109ce7,Áo Thun Nam Local Brand,Áo thun,M,Trắng,2,199000,01/01/2026
HD02691,d230d9ed-71e2-4378-9fb2-15dd13a37357,Áo Hoodie Unisex,Áo khoác,XXL,Nâu,1,399000,01/01/2026
HD02692,7a1e5705-4b19-42f7-a7ec-504fb2481cc2,Thắt Lưng Da Nam Khóa Tự Động,Nón,Free Size,Đen,1,350000,03/08/2025
HD02692,e7a2f4b5-bf3f-47e0-b981-e6142607b6bc,Giày Chunky Sneaker Unisex,Giày,41,Trắng,1,850000,03/08/2025
HD02693,9b3e4d7c-96f1-4236-826e-5f32678a9fc4,Quần Jeans Nam,Quần,32,Xanh đậm,1,549000,13/02/2026
HD02693,2aad4182-f5b2-4e66-a70b-32fe3626ae38,Nón Bucket Basic Unisex,Nón,Free Size,Đen,1,180000,13/02/2026
HD02693,fb99d5a6-90f1-4a0e-931d-e0f87e9f92e9,Áo Body Nữ Basic,Áo body,M,Trắng,1,269000,13/02/2026
HD02693,fc61ed45-ce98-480f-a519-02961cff9b10,Giày Chạy Bộ Nữ Siêu Nhẹ,Giày,38,Đen,2,750000,13/02/2026
HD02693,dda95a07-c578-4e4d-a707-ee9fa4ee14cc,Áo Len Nam Dệt Kim,Áo len,L,Trắng,1,469000,13/02/2026
HD02694,c9e6150b-fdf6-4a91-8f2c-d8bab75b9f2b,Hoodie Unisex Local Brand Cực Chất,Áo khoác,M,Nâu,2,399000,20/01/2026
HD02694,591f87ca-ccec-4d04-af4e-fe941c4ee72e,Giày Sneaker Trắng Unisex Streetwear,Giày,41,Trắng,1,650000,20/01/2026
HD02694,b8a6d3f1-ad5c-4c5b-adf9-7e766ed462a5,Nón Bucket Unisex Vải Kaki Trơn,Nón,Free Size,Đen,2,150000,20/01/2026
HD02695,1d8256e6-c737-4a4c-86b9-b28f0c3112eb,Áo Sơ Mi Nữ Oxford Trắng,Áo sơ mi,S,Trắng,1,329000,10/02/2026
HD02695,7af62054-cb7c-43d5-8a7a-f6de97b8440d,Blazer Nữ Công Sở Premium,Blazer,L,Trắng,1,820000,10/02/2026
HD02696,773638cb-7eea-46c3-8af4-3bce1ecb5dd2,Áo Polo Nam Công Sở Premium,Áo thun,S,Xanh Navy,2,350000,18/09/2025
HD02696,7a707f6c-7a4b-4392-80c8-475eb6eb4bc8,Quần Tây Nam Lịch Lãm Công Sở,Quần,33,Đen,2,489000,18/09/2025
HD02696,bf8bb740-6ff2-40aa-b164-ac144119c781,Giày Tây Nam Derby Lịch Lãm,Giày,42,Xám,1,990000,18/09/2025
HD02697,7af62054-cb7c-43d5-8a7a-f6de97b8440d,Blazer Nữ Công Sở Premium,Blazer,L,Trắng,1,820000,23/07/2025
HD02697,2d01e356-ac67-4d6f-83ce-e2c9ad89a55d,Quần Tây Nữ Ống Suông,Quần,L,Đen,1,459000,23/07/2025
HD02697,1d8256e6-c737-4a4c-86b9-b28f0c3112eb,Áo Sơ Mi Nữ Oxford Trắng,Áo sơ mi,S,Trắng,2,329000,23/07/2025
HD02698,565df8e7-d30d-4935-a0a2-bcd5ab5bf4a2,Quần Jeans Nam Slimfit Đen,Quần,31,Đen,1,549000,14/09/2025
HD02698,5fe8aacd-2167-47c0-925f-693248a365fe,Giày Slip On Unisex,Giày,39,Đen,2,499000,14/09/2025
HD02698,0e0448a2-c2bd-4e80-b627-8787750e4656,Áo Sơ Mi Nam Caro,Áo sơ mi,L,Đỏ,1,299000,14/09/2025
HD02699,d15def0c-3a31-492a-ac97-382525c2218a,Áo Sweater Unisex Trơn Basic,Áo khoác,XL,Nâu,1,320000,01/02/2026
HD02699,ca7585c8-ddbf-4d1d-a666-37a7b963d906,Balo Unisex Thời Trang Chống Nước,Nón,Free Size,Trắng,2,450000,01/02/2026
HD02699,d687bdc0-7bd2-4fb3-b157-ef8d3c1b2135,Quần Jogger Unisex Nỉ Basic,Quần,XL,Xám,1,280000,01/02/2026
HD02700,d15def0c-3a31-492a-ac97-382525c2218a,Áo Sweater Unisex Trơn Basic,Áo khoác,L,Nâu,2,320000,24/03/2025
HD02700,ca7585c8-ddbf-4d1d-a666-37a7b963d906,Balo Unisex Thời Trang Chống Nước,Nón,Free Size,Trắng,2,450000,24/03/2025
HD02700,d687bdc0-7bd2-4fb3-b157-ef8d3c1b2135,Quần Jogger Unisex Nỉ Basic,Quần,XL,Xám,1,280000,24/03/2025
HD02701,b8a6d3f1-ad5c-4c5b-adf9-7e766ed462a5,Nón Bucket Unisex Vải Kaki Trơn,Nón,Free Size,Đen,1,150000,17/07/2025
HD02701,c9e6150b-fdf6-4a91-8f2c-d8bab75b9f2b,Hoodie Unisex Local Brand Cực Chất,Áo khoác,XL,Nâu,2,399000,17/07/2025
HD02701,591f87ca-ccec-4d04-af4e-fe941c4ee72e,Giày Sneaker Trắng Unisex Streetwear,Giày,41,Trắng,2,650000,17/07/2025
HD02702,ca7585c8-ddbf-4d1d-a666-37a7b963d906,Balo Unisex Thời Trang Chống Nước,Nón,Free Size,Trắng,1,450000,27/01/2025
HD02702,d687bdc0-7bd2-4fb3-b157-ef8d3c1b2135,Quần Jogger Unisex Nỉ Basic,Quần,M,Xám,2,280000,27/01/2025
HD02702,d15def0c-3a31-492a-ac97-382525c2218a,Áo Sweater Unisex Trơn Basic,Áo khoác,L,Nâu,1,320000,27/01/2025
HD02703,cc14f38d-1c5d-44e4-a577-c2add0a1b47e,Áo Sơ Mi Nữ Linen Kem,Áo sơ mi,S,Be,2,359000,04/04/2025
HD02703,47321475-4386-4cf5-8b77-af01547cd204,Quần Baggy Nữ Hàn Quốc,Quần,XL,Đen,2,429000,04/04/2025
HD02703,b3d420d4-d451-4c61-bd20-6636b4973e09,Cardigan Nữ Len Dệt Kim Kem,Cardigan,M,Be,1,499000,04/04/2025
HD02704,9456490a-db92-4ace-9320-5e745196fa6b,Áo Thun Polo Unisex Oversize,Áo thun,L,Xanh Navy,2,259000,06/03/2025
HD02704,3ffeadc2-56cb-4267-a02b-00fc51a7a1b2,Áo Khoác Bomber Unisex Da Lộn,Áo khoác,L,Đen,1,599000,06/03/2025
HD02705,0f6632d3-5cf7-42d2-9157-f13f0084a634,Áo Khoác Nam Denim Classic,Áo khoác,XL,Xanh,1,550000,10/03/2025
HD02705,1d9f44d7-0657-47ec-baf9-659b9bfe2f6d,Áo Len Nam Cổ Lọ Ấm Áp,Áo len,L,Đen,1,520000,10/03/2025
HD02706,cc14f38d-1c5d-44e4-a577-c2add0a1b47e,Áo Sơ Mi Nữ Linen Kem,Áo sơ mi,M,Be,1,359000,21/06/2025
HD02706,47321475-4386-4cf5-8b77-af01547cd204,Quần Baggy Nữ Hàn Quốc,Quần,XL,Đen,2,429000,21/06/2025
HD02706,b3d420d4-d451-4c61-bd20-6636b4973e09,Cardigan Nữ Len Dệt Kim Kem,Cardigan,S,Be,2,499000,21/06/2025
HD02706,f60ed1b2-8aed-4bf4-9047-bcdb95f84623,Áo Sơ Mi Nữ Công Sở,Áo sơ mi,XL,Nâu,2,279000,21/06/2025
HD02707,c36ca838-024f-462b-b202-e125f17c3a90,Áo Body Nữ Tay Dài Ôm Sát,Áo body,L,Đen,1,299000,22/03/2025
HD02707,409dbb70-64f9-445d-b146-33a6ba02b819,Váy Nữ Dự Tiệc Trễ Vai Sang Chảnh,Váy,S,Đỏ,1,690000,22/03/2025
HD02707,cda0d51d-8c0e-423b-a4de-8d22cec903bf,Thắt Lưng Da Nữ Khóa Tròn Cổ Điển,Nón,Free Size,Trắng,2,250000,22/03/2025
HD02708,2d01e356-ac67-4d6f-83ce-e2c9ad89a55d,Quần Tây Nữ Ống Suông,Quần,M,Đen,1,459000,25/10/2025
HD02708,1d8256e6-c737-4a4c-86b9-b28f0c3112eb,Áo Sơ Mi Nữ Oxford Trắng,Áo sơ mi,S,Trắng,2,329000,25/10/2025
HD02709,4ef3b541-6c86-4287-8090-28809b3559fe,Giày Chạy Bộ Nam Running Sport,Giày,41,Đen,1,790000,08/04/2026
HD02709,12c3c23d-b26f-4090-b661-3e330f928a84,Nón Thể Thao Unisex,Nón,Free Size,Trắng,2,160000,08/04/2026
HD02709,e6f18dbb-acb7-46bb-a116-d6111d7b40f8,Quần Jogger Nam Thể Thao Nỉ,Quần,XL,Xám,2,320000,08/04/2026
HD02709,80fca8d2-8d12-40fd-aaf6-6c3e0e0d49ea,Cardigan Nữ Len Mỏng,Cardigan,L,Kem,2,399000,08/04/2026
HD02710,591f87ca-ccec-4d04-af4e-fe941c4ee72e,Giày Sneaker Trắng Unisex Streetwear,Giày,40,Trắng,1,650000,28/12/2025
HD02710,b8a6d3f1-ad5c-4c5b-adf9-7e766ed462a5,Nón Bucket Unisex Vải Kaki Trơn,Nón,Free Size,Đen,1,150000,28/12/2025
HD02710,c9e6150b-fdf6-4a91-8f2c-d8bab75b9f2b,Hoodie Unisex Local Brand Cực Chất,Áo khoác,M,Nâu,2,399000,28/12/2025
HD02711,306ab081-eb9c-4df5-8b30-1f55f1daa354,Quần Kaki Nam Short Casual,Quần,M,Đen,2,249000,05/11/2025
HD02711,105ad1ba-828c-468d-b1e2-33860aced25e,Giày Tây Nam Oxford Da Bò,Giày,39,Xám,2,1200000,05/11/2025
HD02712,2d01e356-ac67-4d6f-83ce-e2c9ad89a55d,Quần Tây Nữ Ống Suông,Quần,L,Đen,1,459000,05/05/2026
HD02712,1d8256e6-c737-4a4c-86b9-b28f0c3112eb,Áo Sơ Mi Nữ Oxford Trắng,Áo sơ mi,L,Trắng,1,329000,05/05/2026
HD02712,7af62054-cb7c-43d5-8a7a-f6de97b8440d,Blazer Nữ Công Sở Premium,Blazer,S,Trắng,1,820000,05/05/2026
HD02713,b3d420d4-d451-4c61-bd20-6636b4973e09,Cardigan Nữ Len Dệt Kim Kem,Cardigan,L,Be,1,499000,04/02/2025
HD02713,cc14f38d-1c5d-44e4-a577-c2add0a1b47e,Áo Sơ Mi Nữ Linen Kem,Áo sơ mi,L,Be,2,359000,04/02/2025
HD02714,4ef3b541-6c86-4287-8090-28809b3559fe,Giày Chạy Bộ Nam Running Sport,Giày,40,Đen,1,790000,25/02/2026
HD02714,e6f18dbb-acb7-46bb-a116-d6111d7b40f8,Quần Jogger Nam Thể Thao Nỉ,Quần,XL,Xám,2,320000,25/02/2026
HD02714,12c3c23d-b26f-4090-b661-3e330f928a84,Nón Thể Thao Unisex,Nón,Free Size,Trắng,1,160000,25/02/2026
HD02714,8a7e2af6-1dec-44a6-bf40-5c5c403abe8c,Áo Sơ Mi Nam Vải Oxford Trắng,Áo sơ mi,L,Trắng,2,320000,25/02/2026
HD02715,ca7585c8-ddbf-4d1d-a666-37a7b963d906,Balo Unisex Thời Trang Chống Nước,Nón,Free Size,Trắng,2,450000,12/10/2025
HD02715,d15def0c-3a31-492a-ac97-382525c2218a,Áo Sweater Unisex Trơn Basic,Áo khoác,XL,Nâu,2,320000,12/10/2025
HD02715,d687bdc0-7bd2-4fb3-b157-ef8d3c1b2135,Quần Jogger Unisex Nỉ Basic,Quần,M,Xám,1,280000,12/10/2025
HD02716,d15def0c-3a31-492a-ac97-382525c2218a,Áo Sweater Unisex Trơn Basic,Áo khoác,L,Nâu,1,320000,28/01/2025
HD02716,d687bdc0-7bd2-4fb3-b157-ef8d3c1b2135,Quần Jogger Unisex Nỉ Basic,Quần,M,Xám,2,280000,28/01/2025
HD02716,ca7585c8-ddbf-4d1d-a666-37a7b963d906,Balo Unisex Thời Trang Chống Nước,Nón,Free Size,Trắng,1,450000,28/01/2025
HD02717,b8a6d3f1-ad5c-4c5b-adf9-7e766ed462a5,Nón Bucket Unisex Vải Kaki Trơn,Nón,Free Size,Đen,2,150000,13/05/2026
HD02717,c9e6150b-fdf6-4a91-8f2c-d8bab75b9f2b,Hoodie Unisex Local Brand Cực Chất,Áo khoác,XL,Nâu,1,399000,13/05/2026
HD02718,409dbb70-64f9-445d-b146-33a6ba02b819,Váy Nữ Dự Tiệc Trễ Vai Sang Chảnh,Váy,M,Đỏ,1,690000,19/04/2026
HD02718,db900625-f6c9-41e1-a4eb-2042fcd9496f,Giày Cao Gót Nữ Đế Nhọn Công Sở,Giày,36,Trắng,2,490000,19/04/2026
HD02719,773638cb-7eea-46c3-8af4-3bce1ecb5dd2,Áo Polo Nam Công Sở Premium,Áo thun,S,Xanh Navy,1,350000,11/01/2025
HD02719,bf8bb740-6ff2-40aa-b164-ac144119c781,Giày Tây Nam Derby Lịch Lãm,Giày,39,Xám,2,990000,11/01/2025
HD02720,4ef3b541-6c86-4287-8090-28809b3559fe,Giày Chạy Bộ Nam Running Sport,Giày,43,Đen,2,790000,12/05/2025
HD02720,e6f18dbb-acb7-46bb-a116-d6111d7b40f8,Quần Jogger Nam Thể Thao Nỉ,Quần,L,Xám,2,320000,12/05/2025
HD02721,462e9e6e-f5a5-4689-bca8-aa61f7489a66,Hoodie Unisex Nỉ Bông Có Mũ,Áo khoác,M,Xám,2,380000,12/02/2025
HD02721,4ef3b541-6c86-4287-8090-28809b3559fe,Giày Chạy Bộ Nam Running Sport,Giày,41,Đen,2,790000,12/02/2025
HD02721,b3d420d4-d451-4c61-bd20-6636b4973e09,Cardigan Nữ Len Dệt Kim Kem,Cardigan,L,Be,1,499000,12/02/2025
HD02722,c36ca838-024f-462b-b202-e125f17c3a90,Áo Body Nữ Tay Dài Ôm Sát,Áo body,L,Đen,1,299000,23/04/2026
HD02722,db900625-f6c9-41e1-a4eb-2042fcd9496f,Giày Cao Gót Nữ Đế Nhọn Công Sở,Giày,39,Trắng,2,490000,23/04/2026
HD02723,99f07ede-2b19-4f58-949e-3c20b4da9416,Nón Snapback Unisex Streetwear,Nón,Free Size,Xám,1,220000,22/09/2025
HD02723,8211c7e6-49da-422e-8c8e-61bf0288e356,Áo Thun Nam Oversize Cực Chất,Áo thun,L,Đen,1,220000,22/09/2025
HD02724,7af62054-cb7c-43d5-8a7a-f6de97b8440d,Blazer Nữ Công Sở Premium,Blazer,M,Trắng,1,820000,27/02/2026
HD02724,1d8256e6-c737-4a4c-86b9-b28f0c3112eb,Áo Sơ Mi Nữ Oxford Trắng,Áo sơ mi,L,Trắng,2,329000,27/02/2026
HD02724,2d01e356-ac67-4d6f-83ce-e2c9ad89a55d,Quần Tây Nữ Ống Suông,Quần,S,Đen,1,459000,27/02/2026
HD02725,565df8e7-d30d-4935-a0a2-bcd5ab5bf4a2,Quần Jeans Nam Slimfit Đen,Quần,30,Đen,2,549000,03/01/2025
HD02725,591f87ca-ccec-4d04-af4e-fe941c4ee72e,Giày Sneaker Trắng Unisex Streetwear,Giày,39,Trắng,1,650000,03/01/2025
HD02725,f79701c0-468d-45ca-a063-f2c32fead22e,Áo Polo Nam Basic,Áo thun,L,Xanh Navy,2,279000,03/01/2025
HD02726,b8a6d3f1-ad5c-4c5b-adf9-7e766ed462a5,Nón Bucket Unisex Vải Kaki Trơn,Nón,Free Size,Đen,1,150000,14/04/2025
HD02726,c9e6150b-fdf6-4a91-8f2c-d8bab75b9f2b,Hoodie Unisex Local Brand Cực Chất,Áo khoác,M,Nâu,1,399000,14/04/2025
HD02726,591f87ca-ccec-4d04-af4e-fe941c4ee72e,Giày Sneaker Trắng Unisex Streetwear,Giày,41,Trắng,2,650000,14/04/2025
HD02726,fc61ed45-ce98-480f-a519-02961cff9b10,Giày Chạy Bộ Nữ Siêu Nhẹ,Giày,36,Đen,2,750000,14/04/2025
HD02727,1571231f-22cc-4ac1-94b1-c01fcb332ed7,Túi Bao Tử Unisex Chống Nước,Nón,Free Size,Navy,2,220000,13/05/2026
HD02727,fb99d5a6-90f1-4a0e-931d-e0f87e9f92e9,Áo Body Nữ Basic,Áo body,S,Trắng,2,269000,13/05/2026
HD02727,99f07ede-2b19-4f58-949e-3c20b4da9416,Nón Snapback Unisex Streetwear,Nón,Free Size,Xám,1,220000,13/05/2026
HD02727,306ab081-eb9c-4df5-8b30-1f55f1daa354,Quần Kaki Nam Short Casual,Quần,L,Đen,2,249000,13/05/2026
HD02727,0d2d0b09-60dc-474a-a0d4-d49689e230b8,Quần Jeans Nữ Ống Rộng Culottes,Quần,M,Kem,1,529000,13/05/2026
HD02728,b3d420d4-d451-4c61-bd20-6636b4973e09,Cardigan Nữ Len Dệt Kim Kem,Cardigan,S,Be,1,499000,06/07/2025
HD02728,cc14f38d-1c5d-44e4-a577-c2add0a1b47e,Áo Sơ Mi Nữ Linen Kem,Áo sơ mi,S,Be,1,359000,06/07/2025
HD02728,47321475-4386-4cf5-8b77-af01547cd204,Quần Baggy Nữ Hàn Quốc,Quần,L,Đen,1,429000,06/07/2025
HD02729,2d01e356-ac67-4d6f-83ce-e2c9ad89a55d,Quần Tây Nữ Ống Suông,Quần,L,Đen,1,459000,23/06/2025
HD02729,7af62054-cb7c-43d5-8a7a-f6de97b8440d,Blazer Nữ Công Sở Premium,Blazer,M,Trắng,2,820000,23/06/2025
HD02729,1d8256e6-c737-4a4c-86b9-b28f0c3112eb,Áo Sơ Mi Nữ Oxford Trắng,Áo sơ mi,S,Trắng,1,329000,23/06/2025
HD02730,12c3c23d-b26f-4090-b661-3e330f928a84,Nón Thể Thao Unisex,Nón,Free Size,Trắng,1,160000,14/12/2025
HD02730,e6f18dbb-acb7-46bb-a116-d6111d7b40f8,Quần Jogger Nam Thể Thao Nỉ,Quần,XL,Xám,2,320000,14/12/2025
HD02730,4ef3b541-6c86-4287-8090-28809b3559fe,Giày Chạy Bộ Nam Running Sport,Giày,40,Đen,2,790000,14/12/2025
HD02731,ca7585c8-ddbf-4d1d-a666-37a7b963d906,Balo Unisex Thời Trang Chống Nước,Nón,Free Size,Trắng,1,450000,12/05/2026
HD02731,d15def0c-3a31-492a-ac97-382525c2218a,Áo Sweater Unisex Trơn Basic,Áo khoác,L,Nâu,1,320000,12/05/2026
HD02731,d687bdc0-7bd2-4fb3-b157-ef8d3c1b2135,Quần Jogger Unisex Nỉ Basic,Quần,XL,Xám,2,280000,12/05/2026
HD02732,8211c7e6-49da-422e-8c8e-61bf0288e356,Áo Thun Nam Oversize Cực Chất,Áo thun,L,Đen,1,220000,02/05/2026
HD02732,b9070ded-f7bb-4ae7-8384-31f433f188c1,Quần Jogger Nam Kaki Túi Hộp,Quần,M,Đen,2,350000,02/05/2026
HD02733,12c3c23d-b26f-4090-b661-3e330f928a84,Nón Thể Thao Unisex,Nón,Free Size,Trắng,2,160000,16/07/2025
HD02733,4ef3b541-6c86-4287-8090-28809b3559fe,Giày Chạy Bộ Nam Running Sport,Giày,41,Đen,1,790000,16/07/2025
HD02734,0f6632d3-5cf7-42d2-9157-f13f0084a634,Áo Khoác Nam Denim Classic,Áo khoác,XL,Xanh,1,550000,02/01/2026
HD02734,1d9f44d7-0657-47ec-baf9-659b9bfe2f6d,Áo Len Nam Cổ Lọ Ấm Áp,Áo len,M,Đen,1,520000,02/01/2026
HD02735,d687bdc0-7bd2-4fb3-b157-ef8d3c1b2135,Quần Jogger Unisex Nỉ Basic,Quần,L,Xám,2,280000,16/01/2026
HD02735,d15def0c-3a31-492a-ac97-382525c2218a,Áo Sweater Unisex Trơn Basic,Áo khoác,XL,Nâu,2,320000,16/01/2026
HD02735,ca7585c8-ddbf-4d1d-a666-37a7b963d906,Balo Unisex Thời Trang Chống Nước,Nón,Free Size,Trắng,2,450000,16/01/2026
HD02736,2139d828-a4c0-4f2e-90e4-3cfb3420bf70,Bộ Vest Nam Cao Cấp Sang Trọng,Blazer,L,Đen,2,1500000,03/12/2025
HD02736,e7988e60-9056-472a-b914-5ab26da5917c,Quần Jeans Nam Rách Gối Streetwear,Quần,30,Xanh nhạt,2,599000,03/12/2025
HD02736,e668318e-62fd-4730-9829-e614a2db7729,Blazer Nữ Form Rộng,Blazer,L,Xám,2,850000,03/12/2025
HD02737,b3d420d4-d451-4c61-bd20-6636b4973e09,Cardigan Nữ Len Dệt Kim Kem,Cardigan,M,Be,2,499000,01/12/2025
HD02737,cc14f38d-1c5d-44e4-a577-c2add0a1b47e,Áo Sơ Mi Nữ Linen Kem,Áo sơ mi,L,Be,1,359000,01/12/2025
HD02737,47321475-4386-4cf5-8b77-af01547cd204,Quần Baggy Nữ Hàn Quốc,Quần,L,Đen,2,429000,01/12/2025
HD02737,256a70eb-d06d-417a-bf57-9b60da0305c5,Giày Thể Thao Nam,Giày,40,Xám,1,720000,01/12/2025
HD02738,591f87ca-ccec-4d04-af4e-fe941c4ee72e,Giày Sneaker Trắng Unisex Streetwear,Giày,40,Trắng,2,650000,13/02/2025
HD02738,b8a6d3f1-ad5c-4c5b-adf9-7e766ed462a5,Nón Bucket Unisex Vải Kaki Trơn,Nón,Free Size,Đen,1,150000,13/02/2025
HD02738,c9e6150b-fdf6-4a91-8f2c-d8bab75b9f2b,Hoodie Unisex Local Brand Cực Chất,Áo khoác,M,Nâu,2,399000,13/02/2025
HD02739,591f87ca-ccec-4d04-af4e-fe941c4ee72e,Giày Sneaker Trắng Unisex Streetwear,Giày,41,Trắng,1,650000,15/07/2025
HD02739,c9e6150b-fdf6-4a91-8f2c-d8bab75b9f2b,Hoodie Unisex Local Brand Cực Chất,Áo khoác,M,Nâu,2,399000,15/07/2025
HD02740,c356d946-1d0c-4868-a400-11e664e1c6c1,Áo Thun Nam Cotton Organic,Áo thun,L,Xám,2,190000,06/04/2026
HD02740,f05e6db1-a12e-426c-aa6d-d5e504740533,Áo Body Nữ Tay Dài,Áo body,L,Đen,1,299000,06/04/2026
HD02741,b8a6d3f1-ad5c-4c5b-adf9-7e766ed462a5,Nón Bucket Unisex Vải Kaki Trơn,Nón,Free Size,Đen,1,150000,26/01/2026
HD02741,591f87ca-ccec-4d04-af4e-fe941c4ee72e,Giày Sneaker Trắng Unisex Streetwear,Giày,41,Trắng,2,650000,26/01/2026
HD02741,c9e6150b-fdf6-4a91-8f2c-d8bab75b9f2b,Hoodie Unisex Local Brand Cực Chất,Áo khoác,L,Nâu,1,399000,26/01/2026
HD02741,1d99fb01-0c7c-4f56-86b7-e573663b11e2,Áo Thun Nam Oversize Streetwear,Áo thun,XL,Trắng,2,239000,26/01/2026
HD02742,b44f5194-d6f8-497b-b568-738d7d09c9e4,Áo Thun Nữ Croptop Cổ Tim,Áo thun,M,Trắng,2,120000,21/04/2025
HD02742,c356d946-1d0c-4868-a400-11e664e1c6c1,Áo Thun Nam Cotton Organic,Áo thun,XL,Xám,1,190000,21/04/2025
HD02742,fba0cb23-9cc9-40ed-a279-a57f1c6ac794,Áo Khoác Nam Bomber,Áo khoác,L,Đen,2,499000,21/04/2025
HD02742,b9070ded-f7bb-4ae7-8384-31f433f188c1,Quần Jogger Nam Kaki Túi Hộp,Quần,M,Đen,2,350000,21/04/2025
HD02742,5a9e4c10-4d85-4ae9-99d0-4ecdbc69964b,Áo Thun Unisex In Chữ Streetwear,Áo thun,L,Đen,2,189000,21/04/2025
HD02743,2d01e356-ac67-4d6f-83ce-e2c9ad89a55d,Quần Tây Nữ Ống Suông,Quần,M,Đen,2,459000,09/06/2025
HD02743,1d8256e6-c737-4a4c-86b9-b28f0c3112eb,Áo Sơ Mi Nữ Oxford Trắng,Áo sơ mi,L,Trắng,2,329000,09/06/2025
HD02743,7af62054-cb7c-43d5-8a7a-f6de97b8440d,Blazer Nữ Công Sở Premium,Blazer,M,Trắng,1,820000,09/06/2025
HD02744,1d9f44d7-0657-47ec-baf9-659b9bfe2f6d,Áo Len Nam Cổ Lọ Ấm Áp,Áo len,XL,Đen,2,520000,08/08/2025
HD02744,bb06c357-8eb3-4ffe-a765-1307de4e19eb,Mũ Len Unisex Mùa Đông Ấm Áp,Nón,Free Size,Xám,1,150000,08/08/2025
HD02744,0f6632d3-5cf7-42d2-9157-f13f0084a634,Áo Khoác Nam Denim Classic,Áo khoác,L,Xanh,1,550000,08/08/2025
HD02745,1d9f44d7-0657-47ec-baf9-659b9bfe2f6d,Áo Len Nam Cổ Lọ Ấm Áp,Áo len,XL,Đen,2,520000,15/09/2025
HD02745,bb06c357-8eb3-4ffe-a765-1307de4e19eb,Mũ Len Unisex Mùa Đông Ấm Áp,Nón,Free Size,Xám,2,150000,15/09/2025
HD02745,0f6632d3-5cf7-42d2-9157-f13f0084a634,Áo Khoác Nam Denim Classic,Áo khoác,XL,Xanh,1,550000,15/09/2025
HD02746,0f6632d3-5cf7-42d2-9157-f13f0084a634,Áo Khoác Nam Denim Classic,Áo khoác,L,Xanh,1,550000,25/02/2026
HD02746,bb06c357-8eb3-4ffe-a765-1307de4e19eb,Mũ Len Unisex Mùa Đông Ấm Áp,Nón,Free Size,Xám,1,150000,25/02/2026
HD02746,1d9f44d7-0657-47ec-baf9-659b9bfe2f6d,Áo Len Nam Cổ Lọ Ấm Áp,Áo len,XL,Đen,2,520000,25/02/2026
HD02747,d687bdc0-7bd2-4fb3-b157-ef8d3c1b2135,Quần Jogger Unisex Nỉ Basic,Quần,XL,Xám,2,280000,02/11/2025
HD02747,d15def0c-3a31-492a-ac97-382525c2218a,Áo Sweater Unisex Trơn Basic,Áo khoác,L,Nâu,2,320000,02/11/2025
HD02747,ca7585c8-ddbf-4d1d-a666-37a7b963d906,Balo Unisex Thời Trang Chống Nước,Nón,Free Size,Trắng,2,450000,02/11/2025
HD02748,47321475-4386-4cf5-8b77-af01547cd204,Quần Baggy Nữ Hàn Quốc,Quần,L,Đen,2,429000,18/12/2025
HD02748,b3d420d4-d451-4c61-bd20-6636b4973e09,Cardigan Nữ Len Dệt Kim Kem,Cardigan,M,Be,1,499000,18/12/2025
HD02748,cc14f38d-1c5d-44e4-a577-c2add0a1b47e,Áo Sơ Mi Nữ Linen Kem,Áo sơ mi,L,Be,2,359000,18/12/2025
HD02749,c9e6150b-fdf6-4a91-8f2c-d8bab75b9f2b,Hoodie Unisex Local Brand Cực Chất,Áo khoác,L,Nâu,1,399000,14/02/2025
HD02749,591f87ca-ccec-4d04-af4e-fe941c4ee72e,Giày Sneaker Trắng Unisex Streetwear,Giày,40,Trắng,2,650000,14/02/2025
HD02750,12c3c23d-b26f-4090-b661-3e330f928a84,Nón Thể Thao Unisex,Nón,Free Size,Trắng,2,160000,24/01/2026
HD02750,4ef3b541-6c86-4287-8090-28809b3559fe,Giày Chạy Bộ Nam Running Sport,Giày,43,Đen,1,790000,24/01/2026
HD02750,b9cffddd-aa22-47ea-b376-34ad81004eed,Blazer Nữ Công Sở,Blazer,S,Trắng,1,820000,24/01/2026
HD02751,591f87ca-ccec-4d04-af4e-fe941c4ee72e,Giày Sneaker Trắng Unisex Streetwear,Giày,39,Trắng,1,650000,20/09/2025
HD02751,565df8e7-d30d-4935-a0a2-bcd5ab5bf4a2,Quần Jeans Nam Slimfit Đen,Quần,32,Đen,1,549000,20/09/2025
HD02751,f79701c0-468d-45ca-a063-f2c32fead22e,Áo Polo Nam Basic,Áo thun,M,Xanh Navy,1,279000,20/09/2025
HD02751,7a29452a-b709-4fb1-8dd9-a5d8e53fa194,Váy Nữ Dài,Váy,S,Xanh,1,459000,20/09/2025
HD02752,bb06c357-8eb3-4ffe-a765-1307de4e19eb,Mũ Len Unisex Mùa Đông Ấm Áp,Nón,Free Size,Xám,1,150000,06/08/2025
HD02752,0f6632d3-5cf7-42d2-9157-f13f0084a634,Áo Khoác Nam Denim Classic,Áo khoác,L,Xanh,1,550000,06/08/2025
HD02752,1d9f44d7-0657-47ec-baf9-659b9bfe2f6d,Áo Len Nam Cổ Lọ Ấm Áp,Áo len,M,Đen,1,520000,06/08/2025
HD02753,8ad4ef8e-e76a-4754-9239-64101f13a08e,Quần Short Nữ Jeans Retro,Quần,M,Xanh,1,289000,05/05/2026
HD02753,00cd794a-d248-4ee5-82bc-6f47e4552024,Giày Thể Thao Unisex Chunky,Giày,41,Trắng,1,850000,05/05/2026
HD02753,c9e6150b-fdf6-4a91-8f2c-d8bab75b9f2b,Hoodie Unisex Local Brand Cực Chất,Áo khoác,L,Nâu,1,399000,05/05/2026
HD02754,591f87ca-ccec-4d04-af4e-fe941c4ee72e,Giày Sneaker Trắng Unisex Streetwear,Giày,39,Trắng,2,650000,24/03/2026
HD02754,565df8e7-d30d-4935-a0a2-bcd5ab5bf4a2,Quần Jeans Nam Slimfit Đen,Quần,29,Đen,2,549000,24/03/2026
HD02755,565df8e7-d30d-4935-a0a2-bcd5ab5bf4a2,Quần Jeans Nam Slimfit Đen,Quần,29,Đen,1,549000,06/10/2025
HD02755,f79701c0-468d-45ca-a063-f2c32fead22e,Áo Polo Nam Basic,Áo thun,XL,Xanh Navy,2,279000,06/10/2025
HD02756,db900625-f6c9-41e1-a4eb-2042fcd9496f,Giày Cao Gót Nữ Đế Nhọn Công Sở,Giày,39,Trắng,2,490000,11/04/2026
HD02756,409dbb70-64f9-445d-b146-33a6ba02b819,Váy Nữ Dự Tiệc Trễ Vai Sang Chảnh,Váy,S,Đỏ,2,690000,11/04/2026
HD02757,e6f18dbb-acb7-46bb-a116-d6111d7b40f8,Quần Jogger Nam Thể Thao Nỉ,Quần,M,Xám,2,320000,02/02/2025
HD02757,4ef3b541-6c86-4287-8090-28809b3559fe,Giày Chạy Bộ Nam Running Sport,Giày,40,Đen,2,790000,02/02/2025
HD02757,12c3c23d-b26f-4090-b661-3e330f928a84,Nón Thể Thao Unisex,Nón,Free Size,Trắng,1,160000,02/02/2025
HD02757,23cbc0c9-3f70-46ca-82e3-35767699a754,Giày Slip On Unisex Vải Canvas,Giày,38,Đen,2,399000,02/02/2025
HD02758,f05e6db1-a12e-426c-aa6d-d5e504740533,Áo Body Nữ Tay Dài,Áo body,L,Đen,1,299000,24/10/2025
HD02758,f44172da-7e3c-467e-8c19-187fcb7ae23a,Áo Hoodie Unisex Zip Tiện Lợi,Áo khoác,L,Đen,1,420000,24/10/2025
HD02759,12c3c23d-b26f-4090-b661-3e330f928a84,Nón Thể Thao Unisex,Nón,Free Size,Trắng,2,160000,20/01/2025
HD02759,e6f18dbb-acb7-46bb-a116-d6111d7b40f8,Quần Jogger Nam Thể Thao Nỉ,Quần,XL,Xám,1,320000,20/01/2025
HD02759,4ef3b541-6c86-4287-8090-28809b3559fe,Giày Chạy Bộ Nam Running Sport,Giày,42,Đen,1,790000,20/01/2025
HD02759,33732f38-6563-44e9-a85f-09fcdda0aa6f,Blazer Nữ Dáng Ngắn Thời Thượng,Blazer,S,Be,2,790000,20/01/2025
HD02760,565df8e7-d30d-4935-a0a2-bcd5ab5bf4a2,Quần Jeans Nam Slimfit Đen,Quần,29,Đen,2,549000,28/06/2025
HD02760,591f87ca-ccec-4d04-af4e-fe941c4ee72e,Giày Sneaker Trắng Unisex Streetwear,Giày,42,Trắng,1,650000,28/06/2025
HD02761,2d01e356-ac67-4d6f-83ce-e2c9ad89a55d,Quần Tây Nữ Ống Suông,Quần,M,Đen,1,459000,10/11/2025
HD02761,7af62054-cb7c-43d5-8a7a-f6de97b8440d,Blazer Nữ Công Sở Premium,Blazer,L,Trắng,2,820000,10/11/2025
HD02761,1d8256e6-c737-4a4c-86b9-b28f0c3112eb,Áo Sơ Mi Nữ Oxford Trắng,Áo sơ mi,S,Trắng,1,329000,10/11/2025
HD02762,b9070ded-f7bb-4ae7-8384-31f433f188c1,Quần Jogger Nam Kaki Túi Hộp,Quần,L,Đen,2,350000,13/06/2025
HD02762,99f07ede-2b19-4f58-949e-3c20b4da9416,Nón Snapback Unisex Streetwear,Nón,Free Size,Xám,1,220000,13/06/2025
HD02762,8211c7e6-49da-422e-8c8e-61bf0288e356,Áo Thun Nam Oversize Cực Chất,Áo thun,L,Đen,1,220000,13/06/2025
HD02762,599c0d70-ee05-4d99-a987-47c5d24f9546,Áo Sweater Unisex In Hình Cá Tính,Áo khoác,XL,Xám,1,350000,13/06/2025
HD02763,b9070ded-f7bb-4ae7-8384-31f433f188c1,Quần Jogger Nam Kaki Túi Hộp,Quần,XL,Đen,2,350000,21/02/2025
HD02763,99f07ede-2b19-4f58-949e-3c20b4da9416,Nón Snapback Unisex Streetwear,Nón,Free Size,Xám,1,220000,21/02/2025
HD02763,8211c7e6-49da-422e-8c8e-61bf0288e356,Áo Thun Nam Oversize Cực Chất,Áo thun,XL,Đen,1,220000,21/02/2025
HD02764,3519fffb-6ea3-4fe0-947e-6d8b8e470b7a,Váy Nữ Maxi Đi Biển Dịu Dàng,Váy,L,Be,1,550000,30/07/2025
HD02764,90594d6e-3ae8-44bc-be8b-4d8d5d4c89fe,Cardigan Nữ Basic,Cardigan,S,Trắng,2,379000,30/07/2025
HD02764,dc8af6b0-89d3-409a-98db-fb01be893d15,Giày Sneaker Da Lộn Unisex,Giày,39,Trắng,2,720000,30/07/2025
HD02765,47321475-4386-4cf5-8b77-af01547cd204,Quần Baggy Nữ Hàn Quốc,Quần,XL,Đen,2,429000,13/02/2026
HD02765,cc14f38d-1c5d-44e4-a577-c2add0a1b47e,Áo Sơ Mi Nữ Linen Kem,Áo sơ mi,L,Be,1,359000,13/02/2026
HD02765,b3d420d4-d451-4c61-bd20-6636b4973e09,Cardigan Nữ Len Dệt Kim Kem,Cardigan,S,Be,1,499000,13/02/2026
HD02766,773638cb-7eea-46c3-8af4-3bce1ecb5dd2,Áo Polo Nam Công Sở Premium,Áo thun,M,Xanh Navy,1,350000,27/08/2025
HD02766,7a707f6c-7a4b-4392-80c8-475eb6eb4bc8,Quần Tây Nam Lịch Lãm Công Sở,Quần,31,Đen,2,489000,27/08/2025
HD02767,591f87ca-ccec-4d04-af4e-fe941c4ee72e,Giày Sneaker Trắng Unisex Streetwear,Giày,38,Trắng,1,650000,06/01/2025
HD02767,b8a6d3f1-ad5c-4c5b-adf9-7e766ed462a5,Nón Bucket Unisex Vải Kaki Trơn,Nón,Free Size,Đen,1,150000,06/01/2025
HD02767,c9e6150b-fdf6-4a91-8f2c-d8bab75b9f2b,Hoodie Unisex Local Brand Cực Chất,Áo khoác,XL,Nâu,2,399000,06/01/2025
HD02768,d15def0c-3a31-492a-ac97-382525c2218a,Áo Sweater Unisex Trơn Basic,Áo khoác,M,Nâu,2,320000,24/11/2025
HD02768,d687bdc0-7bd2-4fb3-b157-ef8d3c1b2135,Quần Jogger Unisex Nỉ Basic,Quần,L,Xám,1,280000,24/11/2025
HD02769,e6f18dbb-acb7-46bb-a116-d6111d7b40f8,Quần Jogger Nam Thể Thao Nỉ,Quần,M,Xám,1,320000,09/08/2025
HD02769,4ef3b541-6c86-4287-8090-28809b3559fe,Giày Chạy Bộ Nam Running Sport,Giày,43,Đen,2,790000,09/08/2025
HD02769,12c3c23d-b26f-4090-b661-3e330f928a84,Nón Thể Thao Unisex,Nón,Free Size,Trắng,1,160000,09/08/2025
HD02770,b8a6d3f1-ad5c-4c5b-adf9-7e766ed462a5,Nón Bucket Unisex Vải Kaki Trơn,Nón,Free Size,Đen,1,150000,19/03/2026
HD02770,591f87ca-ccec-4d04-af4e-fe941c4ee72e,Giày Sneaker Trắng Unisex Streetwear,Giày,42,Trắng,1,650000,19/03/2026
HD02771,7a707f6c-7a4b-4392-80c8-475eb6eb4bc8,Quần Tây Nam Lịch Lãm Công Sở,Quần,30,Đen,1,489000,12/12/2025
HD02771,bf8bb740-6ff2-40aa-b164-ac144119c781,Giày Tây Nam Derby Lịch Lãm,Giày,42,Xám,1,990000,12/12/2025
HD02771,773638cb-7eea-46c3-8af4-3bce1ecb5dd2,Áo Polo Nam Công Sở Premium,Áo thun,M,Xanh Navy,1,350000,12/12/2025
HD02772,591f87ca-ccec-4d04-af4e-fe941c4ee72e,Giày Sneaker Trắng Unisex Streetwear,Giày,42,Trắng,1,650000,17/02/2025
HD02772,f79701c0-468d-45ca-a063-f2c32fead22e,Áo Polo Nam Basic,Áo thun,M,Xanh Navy,1,279000,17/02/2025
HD02773,d15def0c-3a31-492a-ac97-382525c2218a,Áo Sweater Unisex Trơn Basic,Áo khoác,L,Nâu,1,320000,07/05/2026
HD02773,d687bdc0-7bd2-4fb3-b157-ef8d3c1b2135,Quần Jogger Unisex Nỉ Basic,Quần,L,Xám,2,280000,07/05/2026
HD02773,ca7585c8-ddbf-4d1d-a666-37a7b963d906,Balo Unisex Thời Trang Chống Nước,Nón,Free Size,Trắng,1,450000,07/05/2026
HD02774,bf8bb740-6ff2-40aa-b164-ac144119c781,Giày Tây Nam Derby Lịch Lãm,Giày,40,Xám,2,990000,22/04/2026
HD02774,773638cb-7eea-46c3-8af4-3bce1ecb5dd2,Áo Polo Nam Công Sở Premium,Áo thun,M,Xanh Navy,1,350000,22/04/2026
HD02774,7a707f6c-7a4b-4392-80c8-475eb6eb4bc8,Quần Tây Nam Lịch Lãm Công Sở,Quần,33,Đen,1,489000,22/04/2026
HD02775,12c3c23d-b26f-4090-b661-3e330f928a84,Nón Thể Thao Unisex,Nón,Free Size,Trắng,1,160000,22/01/2025
HD02775,e6f18dbb-acb7-46bb-a116-d6111d7b40f8,Quần Jogger Nam Thể Thao Nỉ,Quần,M,Xám,1,320000,22/01/2025
HD02775,4ef3b541-6c86-4287-8090-28809b3559fe,Giày Chạy Bộ Nam Running Sport,Giày,43,Đen,1,790000,22/01/2025
HD02776,b3d420d4-d451-4c61-bd20-6636b4973e09,Cardigan Nữ Len Dệt Kim Kem,Cardigan,S,Be,2,499000,27/03/2025
HD02776,cc14f38d-1c5d-44e4-a577-c2add0a1b47e,Áo Sơ Mi Nữ Linen Kem,Áo sơ mi,L,Be,2,359000,27/03/2025
HD02776,47321475-4386-4cf5-8b77-af01547cd204,Quần Baggy Nữ Hàn Quốc,Quần,S,Đen,1,429000,27/03/2025
HD02777,1d9f44d7-0657-47ec-baf9-659b9bfe2f6d,Áo Len Nam Cổ Lọ Ấm Áp,Áo len,XL,Đen,2,520000,15/01/2026
HD02777,0f6632d3-5cf7-42d2-9157-f13f0084a634,Áo Khoác Nam Denim Classic,Áo khoác,L,Xanh,2,550000,15/01/2026
HD02777,bb06c357-8eb3-4ffe-a765-1307de4e19eb,Mũ Len Unisex Mùa Đông Ấm Áp,Nón,Free Size,Xám,1,150000,15/01/2026
HD02777,e5f19f93-1057-4ec4-880f-a16e5fbcb39c,Váy Tennis Nữ Xếp Ly Trắng,Váy,M,Trắng,2,280000,15/01/2026
HD02778,03b22bfb-54c3-42d4-b00d-f03c542dacb4,Áo Polo Nam Sọc Ngang,Áo thun,M,Trắng,1,289000,02/02/2026
HD02778,00cd794a-d248-4ee5-82bc-6f47e4552024,Giày Thể Thao Unisex Chunky,Giày,37,Trắng,1,850000,02/02/2026
HD02779,1d9f44d7-0657-47ec-baf9-659b9bfe2f6d,Áo Len Nam Cổ Lọ Ấm Áp,Áo len,L,Đen,1,520000,18/03/2026
HD02779,4b45ae2f-6d60-448a-85ad-61b9796446ed,Áo Thun Tay Lỡ Unisex Form Rộng,Áo thun,M,Trắng,1,199000,18/03/2026
HD02780,c9e6150b-fdf6-4a91-8f2c-d8bab75b9f2b,Hoodie Unisex Local Brand Cực Chất,Áo khoác,L,Nâu,2,399000,14/12/2025
HD02780,b8a6d3f1-ad5c-4c5b-adf9-7e766ed462a5,Nón Bucket Unisex Vải Kaki Trơn,Nón,Free Size,Đen,2,150000,14/12/2025
HD02780,591f87ca-ccec-4d04-af4e-fe941c4ee72e,Giày Sneaker Trắng Unisex Streetwear,Giày,41,Trắng,1,650000,14/12/2025
HD02781,462e9e6e-f5a5-4689-bca8-aa61f7489a66,Hoodie Unisex Nỉ Bông Có Mũ,Áo khoác,M,Xám,1,380000,02/01/2026
HD02781,e6f18dbb-acb7-46bb-a116-d6111d7b40f8,Quần Jogger Nam Thể Thao Nỉ,Quần,L,Xám,2,320000,02/01/2026
HD02781,020a480f-a235-4103-9eaf-f34d0cff36ed,Quần Jeans Nữ Skinny,Quần,S,Xanh,2,489000,02/01/2026
HD02781,7af62054-cb7c-43d5-8a7a-f6de97b8440d,Blazer Nữ Công Sở Premium,Blazer,S,Trắng,2,820000,02/01/2026
HD02782,b9070ded-f7bb-4ae7-8384-31f433f188c1,Quần Jogger Nam Kaki Túi Hộp,Quần,L,Đen,1,350000,19/03/2026
HD02782,f60ed1b2-8aed-4bf4-9047-bcdb95f84623,Áo Sơ Mi Nữ Công Sở,Áo sơ mi,L,Xanh nhạt,1,279000,19/03/2026
HD02783,591f87ca-ccec-4d04-af4e-fe941c4ee72e,Giày Sneaker Trắng Unisex Streetwear,Giày,38,Trắng,1,650000,02/02/2026
HD02783,c9e6150b-fdf6-4a91-8f2c-d8bab75b9f2b,Hoodie Unisex Local Brand Cực Chất,Áo khoác,L,Nâu,2,399000,02/02/2026
HD02783,b8a6d3f1-ad5c-4c5b-adf9-7e766ed462a5,Nón Bucket Unisex Vải Kaki Trơn,Nón,Free Size,Đen,1,150000,02/02/2026
HD02784,538c2225-906f-42c8-8875-c759a7017d20,Áo Sweater Unisex Cổ Tròn Nỉ,Áo khoác,M,Nâu,1,310000,24/09/2025
HD02784,e7988e60-9056-472a-b914-5ab26da5917c,Quần Jeans Nam Rách Gối Streetwear,Quần,32,Xanh nhạt,1,599000,24/09/2025
HD02784,2840661b-b758-4365-9ddb-51837e109ce7,Áo Thun Nam Local Brand,Áo thun,L,Xám,2,199000,24/09/2025
HD02784,c04e8b6a-b8be-4231-9377-710ae7bb8e46,Áo Body Nữ Croptop,Áo body,S,Đen,1,289000,24/09/2025
HD02784,23cbc0c9-3f70-46ca-82e3-35767699a754,Giày Slip On Unisex Vải Canvas,Giày,40,Đen,2,399000,24/09/2025
HD02785,0e0448a2-c2bd-4e80-b627-8787750e4656,Áo Sơ Mi Nam Caro,Áo sơ mi,M,Đỏ,1,299000,27/08/2025
HD02785,6217de90-58f8-4c3f-99e7-59c09b50f42d,Áo Khoác Nam Denim,Áo khoác,M,Xanh,2,559000,27/08/2025
HD02785,72b9161e-e55b-4802-a1c7-d7f33e5ccb0d,Quần Jogger Nam,Quần,L,Đen,2,320000,27/08/2025
HD02786,23cbc0c9-3f70-46ca-82e3-35767699a754,Giày Slip On Unisex Vải Canvas,Giày,37,Đen,2,399000,28/08/2025
HD02786,bb06c357-8eb3-4ffe-a765-1307de4e19eb,Mũ Len Unisex Mùa Đông Ấm Áp,Nón,Free Size,Xám,2,150000,28/08/2025
HD02786,db900625-f6c9-41e1-a4eb-2042fcd9496f,Giày Cao Gót Nữ Đế Nhọn Công Sở,Giày,37,Trắng,2,490000,28/08/2025
HD02786,72b9161e-e55b-4802-a1c7-d7f33e5ccb0d,Quần Jogger Nam,Quần,XL,Xám,2,320000,28/08/2025
HD02787,e6f18dbb-acb7-46bb-a116-d6111d7b40f8,Quần Jogger Nam Thể Thao Nỉ,Quần,XL,Xám,2,320000,20/01/2026
HD02787,12c3c23d-b26f-4090-b661-3e330f928a84,Nón Thể Thao Unisex,Nón,Free Size,Trắng,2,160000,20/01/2026
HD02787,4ef3b541-6c86-4287-8090-28809b3559fe,Giày Chạy Bộ Nam Running Sport,Giày,41,Đen,1,790000,20/01/2026
HD02788,99f07ede-2b19-4f58-949e-3c20b4da9416,Nón Snapback Unisex Streetwear,Nón,Free Size,Xám,1,220000,06/07/2025
HD02788,c90322dd-72a9-41d6-bbd0-c581d78ab911,Giày Sneaker Trắng Unisex,Giày,41,Trắng,2,650000,06/07/2025
HD02788,dc8af6b0-89d3-409a-98db-fb01be893d15,Giày Sneaker Da Lộn Unisex,Giày,39,Trắng,1,720000,06/07/2025
HD02788,d15def0c-3a31-492a-ac97-382525c2218a,Áo Sweater Unisex Trơn Basic,Áo khoác,XL,Nâu,1,320000,06/07/2025
HD02788,03b22bfb-54c3-42d4-b00d-f03c542dacb4,Áo Polo Nam Sọc Ngang,Áo thun,XL,Trắng,1,289000,06/07/2025
HD02789,7a707f6c-7a4b-4392-80c8-475eb6eb4bc8,Quần Tây Nam Lịch Lãm Công Sở,Quần,29,Đen,2,489000,17/08/2025
HD02789,773638cb-7eea-46c3-8af4-3bce1ecb5dd2,Áo Polo Nam Công Sở Premium,Áo thun,XXL,Xanh Navy,2,350000,17/08/2025
HD02790,2d01e356-ac67-4d6f-83ce-e2c9ad89a55d,Quần Tây Nữ Ống Suông,Quần,S,Đen,2,459000,07/09/2025
HD02790,1d8256e6-c737-4a4c-86b9-b28f0c3112eb,Áo Sơ Mi Nữ Oxford Trắng,Áo sơ mi,S,Trắng,1,329000,07/09/2025
HD02790,7af62054-cb7c-43d5-8a7a-f6de97b8440d,Blazer Nữ Công Sở Premium,Blazer,M,Trắng,1,820000,07/09/2025
HD02791,7af62054-cb7c-43d5-8a7a-f6de97b8440d,Blazer Nữ Công Sở Premium,Blazer,M,Trắng,2,820000,05/01/2026
HD02791,1d8256e6-c737-4a4c-86b9-b28f0c3112eb,Áo Sơ Mi Nữ Oxford Trắng,Áo sơ mi,M,Trắng,1,329000,05/01/2026
HD02791,2d01e356-ac67-4d6f-83ce-e2c9ad89a55d,Quần Tây Nữ Ống Suông,Quần,M,Đen,1,459000,05/01/2026
HD02791,1246b9f6-1cf6-4a6f-a0c4-8f8e34c3e4e8,Giày Running Sport Unisex,Giày,41,Đen,2,790000,05/01/2026
HD02792,00ea76e6-8a78-4510-9aa1-8c8d3f1e0ea4,Áo Body Nữ Cổ Vuông,Áo body,S,Hồng,2,329000,08/06/2025
HD02792,20b29c90-bea4-432c-ac66-0b72cbccdf6a,Áo Sơ Mi Nữ Linen,Áo sơ mi,L,Be,1,359000,08/06/2025
HD02792,5aee6bb0-ffad-4321-976e-a7a74709d94d,Dép Unisex Quai Ngang Êm Chân,Giày,38,Đen,1,150000,08/06/2025
HD02792,08f8884f-159a-4ac0-956a-63c1d86d3552,Quần short Nam,Quần,M,Xanh,1,189000,08/06/2025
HD02792,4ef3b541-6c86-4287-8090-28809b3559fe,Giày Chạy Bộ Nam Running Sport,Giày,43,Đen,2,790000,08/06/2025
HD02793,d15def0c-3a31-492a-ac97-382525c2218a,Áo Sweater Unisex Trơn Basic,Áo khoác,L,Nâu,1,320000,13/12/2025
HD02793,d687bdc0-7bd2-4fb3-b157-ef8d3c1b2135,Quần Jogger Unisex Nỉ Basic,Quần,L,Xám,1,280000,13/12/2025
HD02793,ca7585c8-ddbf-4d1d-a666-37a7b963d906,Balo Unisex Thời Trang Chống Nước,Nón,Free Size,Trắng,2,450000,13/12/2025
HD02794,565df8e7-d30d-4935-a0a2-bcd5ab5bf4a2,Quần Jeans Nam Slimfit Đen,Quần,30,Đen,1,549000,06/04/2025
HD02794,f79701c0-468d-45ca-a063-f2c32fead22e,Áo Polo Nam Basic,Áo thun,S,Xanh Navy,2,279000,06/04/2025
HD02794,591f87ca-ccec-4d04-af4e-fe941c4ee72e,Giày Sneaker Trắng Unisex Streetwear,Giày,39,Trắng,1,650000,06/04/2025
HD02795,7af62054-cb7c-43d5-8a7a-f6de97b8440d,Blazer Nữ Công Sở Premium,Blazer,L,Trắng,2,820000,20/02/2025
HD02795,1d8256e6-c737-4a4c-86b9-b28f0c3112eb,Áo Sơ Mi Nữ Oxford Trắng,Áo sơ mi,L,Trắng,2,329000,20/02/2025
HD02796,2351fa2f-2c97-41ba-bcdd-77f50f0bac7b,Quần Kaki Nam Slimfit,Quần,29,Kem,2,389000,08/02/2026
HD02796,85f5b187-a705-4316-b553-16ca69de626b,Áo len phong cách cho nam,Áo len,M,Navy,1,789000,08/02/2026
HD02796,52d573b6-f538-4651-9496-600f187e26cc,Cardigan Nữ Form Rộng Thêu Hoa,Cardigan,M,Nâu,2,480000,08/02/2026
HD02796,2d01e356-ac67-4d6f-83ce-e2c9ad89a55d,Quần Tây Nữ Ống Suông,Quần,M,Đen,2,459000,08/02/2026
HD02797,7af62054-cb7c-43d5-8a7a-f6de97b8440d,Blazer Nữ Công Sở Premium,Blazer,M,Trắng,1,820000,01/05/2025
HD02797,1d8256e6-c737-4a4c-86b9-b28f0c3112eb,Áo Sơ Mi Nữ Oxford Trắng,Áo sơ mi,M,Trắng,1,329000,01/05/2025
HD02797,2d01e356-ac67-4d6f-83ce-e2c9ad89a55d,Quần Tây Nữ Ống Suông,Quần,S,Đen,1,459000,01/05/2025
HD02797,7a29452a-b709-4fb1-8dd9-a5d8e53fa194,Váy Nữ Dài,Váy,L,Xanh,2,459000,01/05/2025
HD02798,47321475-4386-4cf5-8b77-af01547cd204,Quần Baggy Nữ Hàn Quốc,Quần,M,Đen,1,429000,20/11/2025
HD02798,b3d420d4-d451-4c61-bd20-6636b4973e09,Cardigan Nữ Len Dệt Kim Kem,Cardigan,L,Be,1,499000,20/11/2025
HD02799,01a62d8d-11a8-4f0e-95c8-28324f5438b6,Áo Body Nữ Basic Cổ Lọ,Áo body,S,Trắng,2,269000,08/04/2025
HD02799,93c3d112-b724-48cb-bee5-b2dcef7f1d55,Áo Khoác Gió Unisex Thể Thao,Áo khoác,L,Đen,1,350000,08/04/2025
HD02800,ca7585c8-ddbf-4d1d-a666-37a7b963d906,Balo Unisex Thời Trang Chống Nước,Nón,Free Size,Trắng,2,450000,08/02/2025
HD02800,d15def0c-3a31-492a-ac97-382525c2218a,Áo Sweater Unisex Trơn Basic,Áo khoác,L,Nâu,2,320000,08/02/2025
HD02801,591f87ca-ccec-4d04-af4e-fe941c4ee72e,Giày Sneaker Trắng Unisex Streetwear,Giày,40,Trắng,2,650000,26/03/2026
HD02801,538c2225-906f-42c8-8875-c759a7017d20,Áo Sweater Unisex Cổ Tròn Nỉ,Áo khoác,M,Nâu,1,310000,26/03/2026
HD02801,872f179f-f0d5-4bcd-a90e-d10870eac50d,Giày Boot Da Nữ Cổ Cao Cá Tính,Giày,39,Trắng,1,890000,26/03/2026
HD02801,5fe8aacd-2167-47c0-925f-693248a365fe,Giày Slip On Unisex,Giày,40,Đen,1,499000,26/03/2026
HD02802,7af62054-cb7c-43d5-8a7a-f6de97b8440d,Blazer Nữ Công Sở Premium,Blazer,M,Trắng,2,820000,08/03/2026
HD02802,2d01e356-ac67-4d6f-83ce-e2c9ad89a55d,Quần Tây Nữ Ống Suông,Quần,S,Đen,1,459000,08/03/2026
HD02803,7a707f6c-7a4b-4392-80c8-475eb6eb4bc8,Quần Tây Nam Lịch Lãm Công Sở,Quần,30,Đen,2,489000,08/07/2025
HD02803,bf8bb740-6ff2-40aa-b164-ac144119c781,Giày Tây Nam Derby Lịch Lãm,Giày,41,Xám,2,990000,08/07/2025
HD02803,773638cb-7eea-46c3-8af4-3bce1ecb5dd2,Áo Polo Nam Công Sở Premium,Áo thun,XL,Xanh Navy,1,350000,08/07/2025
HD02804,2aad4182-f5b2-4e66-a70b-32fe3626ae38,Nón Bucket Basic Unisex,Nón,Free Size,Đen,1,180000,07/03/2025
HD02804,d15def0c-3a31-492a-ac97-382525c2218a,Áo Sweater Unisex Trơn Basic,Áo khoác,XL,Nâu,1,320000,07/03/2025
HD02804,9339978c-7737-41bc-b043-029aeb186aac,Áo Polo Nam Basic,Áo thun,M,Xanh Navy,2,279000,07/03/2025
HD02805,7a707f6c-7a4b-4392-80c8-475eb6eb4bc8,Quần Tây Nam Lịch Lãm Công Sở,Quần,30,Đen,2,489000,02/04/2026
HD02805,773638cb-7eea-46c3-8af4-3bce1ecb5dd2,Áo Polo Nam Công Sở Premium,Áo thun,M,Xanh Navy,1,350000,02/04/2026
HD02806,7a707f6c-7a4b-4392-80c8-475eb6eb4bc8,Quần Tây Nam Lịch Lãm Công Sở,Quần,29,Đen,1,489000,05/06/2025
HD02806,773638cb-7eea-46c3-8af4-3bce1ecb5dd2,Áo Polo Nam Công Sở Premium,Áo thun,M,Xanh Navy,1,350000,05/06/2025
HD02807,f79701c0-468d-45ca-a063-f2c32fead22e,Áo Polo Nam Basic,Áo thun,L,Xanh Navy,2,279000,16/07/2025
HD02807,565df8e7-d30d-4935-a0a2-bcd5ab5bf4a2,Quần Jeans Nam Slimfit Đen,Quần,31,Đen,1,549000,16/07/2025
HD02808,c36ca838-024f-462b-b202-e125f17c3a90,Áo Body Nữ Tay Dài Ôm Sát,Áo body,M,Đen,1,299000,27/12/2025
HD02808,409dbb70-64f9-445d-b146-33a6ba02b819,Váy Nữ Dự Tiệc Trễ Vai Sang Chảnh,Váy,S,Đỏ,2,690000,27/12/2025
HD02809,bb06c357-8eb3-4ffe-a765-1307de4e19eb,Mũ Len Unisex Mùa Đông Ấm Áp,Nón,Free Size,Xám,2,150000,09/01/2026
HD02809,0f6632d3-5cf7-42d2-9157-f13f0084a634,Áo Khoác Nam Denim Classic,Áo khoác,L,Xanh,2,550000,09/01/2026
HD02810,46605dff-a9ed-41df-a46a-88d80a783e20,Nón Lưỡi Trai Cao Cấp Unisex,Nón,Free Size,Navy,2,250000,01/07/2025
HD02810,b9070ded-f7bb-4ae7-8384-31f433f188c1,Quần Jogger Nam Kaki Túi Hộp,Quần,L,Đen,1,350000,01/07/2025
HD02810,fc61ed45-ce98-480f-a519-02961cff9b10,Giày Chạy Bộ Nữ Siêu Nhẹ,Giày,38,Đen,2,750000,01/07/2025
HD02810,31c0b020-668f-4c1e-aa4b-e58b7ea7da0f,Nón Lưỡi Trai Basic Unisex,Nón,FreeSize,Trắng,2,120000,01/07/2025
HD02810,23cbc0c9-3f70-46ca-82e3-35767699a754,Giày Slip On Unisex Vải Canvas,Giày,39,Đen,2,399000,01/07/2025
HD02811,d687bdc0-7bd2-4fb3-b157-ef8d3c1b2135,Quần Jogger Unisex Nỉ Basic,Quần,M,Xám,2,280000,24/08/2025
HD02811,d15def0c-3a31-492a-ac97-382525c2218a,Áo Sweater Unisex Trơn Basic,Áo khoác,XL,Nâu,2,320000,24/08/2025
HD02812,4ef3b541-6c86-4287-8090-28809b3559fe,Giày Chạy Bộ Nam Running Sport,Giày,40,Đen,1,790000,21/01/2026
HD02812,12c3c23d-b26f-4090-b661-3e330f928a84,Nón Thể Thao Unisex,Nón,Free Size,Trắng,2,160000,21/01/2026
HD02813,95eb8021-2598-4aeb-92e1-99f5e709c28c,Cardigan Nữ Hàn Quốc,Cardigan,M,Trắng,2,430000,16/05/2025
HD02813,41ba1486-c8ed-42ba-8e21-a7baaaf113a7,Quần Short Nữ,Quần,M,Xanh,1,259000,16/05/2025
HD02814,db900625-f6c9-41e1-a4eb-2042fcd9496f,Giày Cao Gót Nữ Đế Nhọn Công Sở,Giày,36,Trắng,1,490000,10/04/2025
HD02814,c36ca838-024f-462b-b202-e125f17c3a90,Áo Body Nữ Tay Dài Ôm Sát,Áo body,L,Đen,2,299000,10/04/2025
HD02814,409dbb70-64f9-445d-b146-33a6ba02b819,Váy Nữ Dự Tiệc Trễ Vai Sang Chảnh,Váy,L,Đỏ,2,690000,10/04/2025
HD02814,20ecab60-6f47-43a3-b5a2-8c73d262ff50,Váy Nữ Dự Tiệc Cao Cấp,Váy,M,Đỏ,1,690000,10/04/2025
HD02815,b9070ded-f7bb-4ae7-8384-31f433f188c1,Quần Jogger Nam Kaki Túi Hộp,Quần,XL,Đen,1,350000,16/04/2026
HD02815,8211c7e6-49da-422e-8c8e-61bf0288e356,Áo Thun Nam Oversize Cực Chất,Áo thun,M,Đen,1,220000,16/04/2026
HD02816,b9070ded-f7bb-4ae7-8384-31f433f188c1,Quần Jogger Nam Kaki Túi Hộp,Quần,L,Đen,1,350000,08/10/2025
HD02816,8211c7e6-49da-422e-8c8e-61bf0288e356,Áo Thun Nam Oversize Cực Chất,Áo thun,XL,Đen,2,220000,08/10/2025
HD02817,0f6632d3-5cf7-42d2-9157-f13f0084a634,Áo Khoác Nam Denim Classic,Áo khoác,L,Xanh,1,550000,28/07/2025
HD02817,bb06c357-8eb3-4ffe-a765-1307de4e19eb,Mũ Len Unisex Mùa Đông Ấm Áp,Nón,Free Size,Xám,1,150000,28/07/2025
HD02817,1d9f44d7-0657-47ec-baf9-659b9bfe2f6d,Áo Len Nam Cổ Lọ Ấm Áp,Áo len,XL,Đen,1,520000,28/07/2025
HD02818,bb06c357-8eb3-4ffe-a765-1307de4e19eb,Mũ Len Unisex Mùa Đông Ấm Áp,Nón,Free Size,Xám,2,150000,18/03/2026
HD02818,1d9f44d7-0657-47ec-baf9-659b9bfe2f6d,Áo Len Nam Cổ Lọ Ấm Áp,Áo len,XL,Đen,1,520000,18/03/2026
HD02818,0f6632d3-5cf7-42d2-9157-f13f0084a634,Áo Khoác Nam Denim Classic,Áo khoác,L,Xanh,2,550000,18/03/2026
HD02819,c36ca838-024f-462b-b202-e125f17c3a90,Áo Body Nữ Tay Dài Ôm Sát,Áo body,S,Đen,2,299000,02/03/2026
HD02819,409dbb70-64f9-445d-b146-33a6ba02b819,Váy Nữ Dự Tiệc Trễ Vai Sang Chảnh,Váy,S,Đỏ,2,690000,02/03/2026
HD02819,db900625-f6c9-41e1-a4eb-2042fcd9496f,Giày Cao Gót Nữ Đế Nhọn Công Sở,Giày,38,Trắng,1,490000,02/03/2026
HD02820,7a707f6c-7a4b-4392-80c8-475eb6eb4bc8,Quần Tây Nam Lịch Lãm Công Sở,Quần,32,Đen,1,489000,21/01/2025
HD02820,bf8bb740-6ff2-40aa-b164-ac144119c781,Giày Tây Nam Derby Lịch Lãm,Giày,40,Xám,1,990000,21/01/2025
HD02820,773638cb-7eea-46c3-8af4-3bce1ecb5dd2,Áo Polo Nam Công Sở Premium,Áo thun,L,Xanh Navy,1,350000,21/01/2025
HD02821,f44172da-7e3c-467e-8c19-187fcb7ae23a,Áo Hoodie Unisex Zip Tiện Lợi,Áo khoác,M,Đen,1,420000,14/03/2026
HD02821,cda0d51d-8c0e-423b-a4de-8d22cec903bf,Thắt Lưng Da Nữ Khóa Tròn Cổ Điển,Nón,Free Size,Trắng,2,250000,14/03/2026
HD02821,42df8548-dbbf-40a4-a6f2-f989e10394fd,Blazer Nữ Hàn Quốc,Blazer,L,Kem,1,790000,14/03/2026
HD02822,47321475-4386-4cf5-8b77-af01547cd204,Quần Baggy Nữ Hàn Quốc,Quần,XL,Đen,1,429000,14/02/2025
HD02822,b3d420d4-d451-4c61-bd20-6636b4973e09,Cardigan Nữ Len Dệt Kim Kem,Cardigan,L,Be,1,499000,14/02/2025
HD02822,cc14f38d-1c5d-44e4-a577-c2add0a1b47e,Áo Sơ Mi Nữ Linen Kem,Áo sơ mi,L,Be,1,359000,14/02/2025
HD02823,db900625-f6c9-41e1-a4eb-2042fcd9496f,Giày Cao Gót Nữ Đế Nhọn Công Sở,Giày,37,Trắng,2,490000,12/01/2026
HD02823,409dbb70-64f9-445d-b146-33a6ba02b819,Váy Nữ Dự Tiệc Trễ Vai Sang Chảnh,Váy,L,Đỏ,1,690000,12/01/2026
HD02823,c36ca838-024f-462b-b202-e125f17c3a90,Áo Body Nữ Tay Dài Ôm Sát,Áo body,L,Đen,2,299000,12/01/2026
HD02824,7a707f6c-7a4b-4392-80c8-475eb6eb4bc8,Quần Tây Nam Lịch Lãm Công Sở,Quần,33,Đen,1,489000,07/01/2026
HD02824,773638cb-7eea-46c3-8af4-3bce1ecb5dd2,Áo Polo Nam Công Sở Premium,Áo thun,XXL,Xanh Navy,2,350000,07/01/2026
HD02824,d15def0c-3a31-492a-ac97-382525c2218a,Áo Sweater Unisex Trơn Basic,Áo khoác,M,Nâu,1,320000,07/01/2026
HD02825,7af62054-cb7c-43d5-8a7a-f6de97b8440d,Blazer Nữ Công Sở Premium,Blazer,S,Trắng,1,820000,04/07/2025
HD02825,2d01e356-ac67-4d6f-83ce-e2c9ad89a55d,Quần Tây Nữ Ống Suông,Quần,L,Đen,2,459000,04/07/2025
HD02825,1d8256e6-c737-4a4c-86b9-b28f0c3112eb,Áo Sơ Mi Nữ Oxford Trắng,Áo sơ mi,S,Trắng,2,329000,04/07/2025
HD02826,dda95a07-c578-4e4d-a707-ee9fa4ee14cc,Áo Len Nam Dệt Kim,Áo len,XL,Trắng,1,469000,26/08/2025
HD02826,6567b83c-7707-4f60-b9df-577208962783,Blazer Nữ Kẻ Caro Phong Cách Hàn,Blazer,S,Xám,2,850000,26/08/2025
HD02826,2840661b-b758-4365-9ddb-51837e109ce7,Áo Thun Nam Local Brand,Áo thun,M,Xám,2,199000,26/08/2025
HD02826,6e959b97-7e1c-49d4-a62d-1d3bdaa3a97c,Áo Len Nam Hàn Quốc,Áo len,M,Nâu,2,499000,26/08/2025
HD02827,e6f18dbb-acb7-46bb-a116-d6111d7b40f8,Quần Jogger Nam Thể Thao Nỉ,Quần,M,Xám,1,320000,26/02/2025
HD02827,f60ed1b2-8aed-4bf4-9047-bcdb95f84623,Áo Sơ Mi Nữ Công Sở,Áo sơ mi,M,Nâu,2,279000,26/02/2025
HD02827,4ef3b541-6c86-4287-8090-28809b3559fe,Giày Chạy Bộ Nam Running Sport,Giày,40,Đen,2,790000,26/02/2025
HD02827,85f5b187-a705-4316-b553-16ca69de626b,Áo len phong cách cho nam,Áo len,M,Xám,2,789000,26/02/2025
HD02827,d756eba2-7d66-4274-b91e-a18e6827f867,Giày Boot Da Nam Chelsea Lịch Lãm,Giày,43,Xám,2,1100000,26/02/2025
HD02828,3d8984b4-57a3-4d52-913c-2a11d9222ede,Áo Thun Nam Basic,Áo thun,L,Đen,2,199000,26/11/2025
HD02828,cc14f38d-1c5d-44e4-a577-c2add0a1b47e,Áo Sơ Mi Nữ Linen Kem,Áo sơ mi,S,Be,2,359000,26/11/2025
HD02828,f905c3e5-b9ef-496a-9516-a5cd2ae75514,Áo Hoodie Unisex Basic,Áo khoác,M,Đen,2,399000,26/11/2025
HD02828,e0f136c6-62be-4f5c-a912-54349bbee80a,Chân Váy Nữ Midi Xếp Ly,Váy,S,Đen,2,320000,26/11/2025
HD02828,08f8884f-159a-4ac0-956a-63c1d86d3552,Quần short Nam,Quần,XL,Xanh,2,189000,26/11/2025
HD02829,2abe7389-f13b-422a-b6f1-a2c95273e319,Sandal Unisex Dây Chéo Học Sinh,Giày,39,Đen,1,250000,22/02/2025
HD02829,56edf28b-737a-4e1d-8e76-51796deff112,Nón Lưỡi Trai Unisex Basic Đen,Nón,Free Size,Đen,2,99000,22/02/2025
HD02830,409dbb70-64f9-445d-b146-33a6ba02b819,Váy Nữ Dự Tiệc Trễ Vai Sang Chảnh,Váy,L,Đỏ,2,690000,27/04/2026
HD02830,db900625-f6c9-41e1-a4eb-2042fcd9496f,Giày Cao Gót Nữ Đế Nhọn Công Sở,Giày,35,Trắng,2,490000,27/04/2026
HD02830,c36ca838-024f-462b-b202-e125f17c3a90,Áo Body Nữ Tay Dài Ôm Sát,Áo body,L,Đen,1,299000,27/04/2026
HD02831,49f47c17-2a4e-45e3-8c86-564e0b68bf44,Chân Váy Nữ Chữ A Da Lộn,Váy,L,Be,1,299000,23/05/2025
HD02831,1d9f44d7-0657-47ec-baf9-659b9bfe2f6d,Áo Len Nam Cổ Lọ Ấm Áp,Áo len,M,Đen,1,520000,23/05/2025
HD02831,599c0d70-ee05-4d99-a987-47c5d24f9546,Áo Sweater Unisex In Hình Cá Tính,Áo khoác,M,Xám,2,350000,23/05/2025
HD02832,1d9f44d7-0657-47ec-baf9-659b9bfe2f6d,Áo Len Nam Cổ Lọ Ấm Áp,Áo len,XL,Đen,2,520000,26/08/2025
HD02832,0f6632d3-5cf7-42d2-9157-f13f0084a634,Áo Khoác Nam Denim Classic,Áo khoác,XL,Xanh,2,550000,26/08/2025
HD02833,1d9f44d7-0657-47ec-baf9-659b9bfe2f6d,Áo Len Nam Cổ Lọ Ấm Áp,Áo len,XL,Đen,2,520000,08/10/2025
HD02833,bb06c357-8eb3-4ffe-a765-1307de4e19eb,Mũ Len Unisex Mùa Đông Ấm Áp,Nón,Free Size,Xám,2,150000,08/10/2025
HD02833,0f6632d3-5cf7-42d2-9157-f13f0084a634,Áo Khoác Nam Denim Classic,Áo khoác,L,Xanh,1,550000,08/10/2025
HD02834,d687bdc0-7bd2-4fb3-b157-ef8d3c1b2135,Quần Jogger Unisex Nỉ Basic,Quần,M,Xám,1,280000,21/04/2026
HD02834,ca7585c8-ddbf-4d1d-a666-37a7b963d906,Balo Unisex Thời Trang Chống Nước,Nón,Free Size,Trắng,2,450000,21/04/2026
HD02835,0f6632d3-5cf7-42d2-9157-f13f0084a634,Áo Khoác Nam Denim Classic,Áo khoác,L,Xanh,1,550000,18/04/2025
HD02835,bb06c357-8eb3-4ffe-a765-1307de4e19eb,Mũ Len Unisex Mùa Đông Ấm Áp,Nón,Free Size,Xám,2,150000,18/04/2025
HD02836,b3d420d4-d451-4c61-bd20-6636b4973e09,Cardigan Nữ Len Dệt Kim Kem,Cardigan,S,Be,1,499000,11/01/2026
HD02836,2351fa2f-2c97-41ba-bcdd-77f50f0bac7b,Quần Kaki Nam Slimfit,Quần,29,Kem,1,389000,11/01/2026
HD02836,20ecab60-6f47-43a3-b5a2-8c73d262ff50,Váy Nữ Dự Tiệc Cao Cấp,Váy,M,Đen,1,690000,11/01/2026
HD02837,cc14f38d-1c5d-44e4-a577-c2add0a1b47e,Áo Sơ Mi Nữ Linen Kem,Áo sơ mi,M,Be,2,359000,22/07/2025
HD02837,47321475-4386-4cf5-8b77-af01547cd204,Quần Baggy Nữ Hàn Quốc,Quần,S,Đen,1,429000,22/07/2025
HD02837,b3d420d4-d451-4c61-bd20-6636b4973e09,Cardigan Nữ Len Dệt Kim Kem,Cardigan,S,Be,2,499000,22/07/2025
HD02838,4bdea4f1-6aa9-4f3d-99e7-1c679695c149,Cardigan Nữ Dệt Kim,Cardigan,L,Be,1,499000,17/03/2025
HD02838,57d427ce-2cb0-4659-b346-22ed27f9bafa,Quần Baggy Nữ,Quần,M,Đen,2,429000,17/03/2025
HD02839,4ef3b541-6c86-4287-8090-28809b3559fe,Giày Chạy Bộ Nam Running Sport,Giày,41,Đen,1,790000,04/07/2025
HD02839,e6f18dbb-acb7-46bb-a116-d6111d7b40f8,Quần Jogger Nam Thể Thao Nỉ,Quần,L,Xám,2,320000,04/07/2025
HD02839,12c3c23d-b26f-4090-b661-3e330f928a84,Nón Thể Thao Unisex,Nón,Free Size,Trắng,1,160000,04/07/2025
HD02840,1d8256e6-c737-4a4c-86b9-b28f0c3112eb,Áo Sơ Mi Nữ Oxford Trắng,Áo sơ mi,M,Trắng,1,329000,27/02/2025
HD02840,6d9ff3b3-09bc-4a76-b2f0-891905840fe3,Áo Thun Nữ Form Rộng Giấu Quần,Áo thun,L,Trắng,2,160000,27/02/2025
HD02840,2d01e356-ac67-4d6f-83ce-e2c9ad89a55d,Quần Tây Nữ Ống Suông,Quần,M,Đen,1,459000,27/02/2025
HD02840,52d573b6-f538-4651-9496-600f187e26cc,Cardigan Nữ Form Rộng Thêu Hoa,Cardigan,L,Nâu,1,480000,27/02/2025
HD02841,0f6632d3-5cf7-42d2-9157-f13f0084a634,Áo Khoác Nam Denim Classic,Áo khoác,XL,Xanh,2,550000,12/01/2025
HD02841,bb06c357-8eb3-4ffe-a765-1307de4e19eb,Mũ Len Unisex Mùa Đông Ấm Áp,Nón,Free Size,Xám,2,150000,12/01/2025
HD02842,591f87ca-ccec-4d04-af4e-fe941c4ee72e,Giày Sneaker Trắng Unisex Streetwear,Giày,42,Trắng,1,650000,10/10/2025
HD02842,f79701c0-468d-45ca-a063-f2c32fead22e,Áo Polo Nam Basic,Áo thun,S,Xanh Navy,2,279000,10/10/2025
HD02842,565df8e7-d30d-4935-a0a2-bcd5ab5bf4a2,Quần Jeans Nam Slimfit Đen,Quần,30,Đen,2,549000,10/10/2025
HD02842,33732f38-6563-44e9-a85f-09fcdda0aa6f,Blazer Nữ Dáng Ngắn Thời Thượng,Blazer,M,Be,2,790000,10/10/2025
HD02843,e6f18dbb-acb7-46bb-a116-d6111d7b40f8,Quần Jogger Nam Thể Thao Nỉ,Quần,M,Xám,2,320000,29/08/2025
HD02843,4ef3b541-6c86-4287-8090-28809b3559fe,Giày Chạy Bộ Nam Running Sport,Giày,43,Đen,1,790000,29/08/2025
HD02843,12c3c23d-b26f-4090-b661-3e330f928a84,Nón Thể Thao Unisex,Nón,Free Size,Trắng,2,160000,29/08/2025
HD02843,de2469aa-98bb-4048-b2d6-ca06feaff0f9,Ví Da Unisex Đựng Thẻ Tiện Lợi,Nón,Free Size,Navy,1,190000,29/08/2025
HD02844,4ef3b541-6c86-4287-8090-28809b3559fe,Giày Chạy Bộ Nam Running Sport,Giày,40,Đen,2,790000,11/03/2026
HD02844,e6f18dbb-acb7-46bb-a116-d6111d7b40f8,Quần Jogger Nam Thể Thao Nỉ,Quần,L,Xám,2,320000,11/03/2026
HD02844,12c3c23d-b26f-4090-b661-3e330f928a84,Nón Thể Thao Unisex,Nón,Free Size,Trắng,1,160000,11/03/2026
HD02845,cc14f38d-1c5d-44e4-a577-c2add0a1b47e,Áo Sơ Mi Nữ Linen Kem,Áo sơ mi,M,Be,1,359000,03/04/2026
HD02845,b3d420d4-d451-4c61-bd20-6636b4973e09,Cardigan Nữ Len Dệt Kim Kem,Cardigan,S,Be,1,499000,03/04/2026
HD02845,47321475-4386-4cf5-8b77-af01547cd204,Quần Baggy Nữ Hàn Quốc,Quần,M,Đen,2,429000,03/04/2026
HD02846,565df8e7-d30d-4935-a0a2-bcd5ab5bf4a2,Quần Jeans Nam Slimfit Đen,Quần,29,Đen,2,549000,05/03/2025
HD02846,f79701c0-468d-45ca-a063-f2c32fead22e,Áo Polo Nam Basic,Áo thun,L,Xanh Navy,2,279000,05/03/2025
HD02846,591f87ca-ccec-4d04-af4e-fe941c4ee72e,Giày Sneaker Trắng Unisex Streetwear,Giày,38,Trắng,2,650000,05/03/2025
HD02847,2d01e356-ac67-4d6f-83ce-e2c9ad89a55d,Quần Tây Nữ Ống Suông,Quần,M,Đen,2,459000,11/01/2026
HD02847,7af62054-cb7c-43d5-8a7a-f6de97b8440d,Blazer Nữ Công Sở Premium,Blazer,M,Trắng,1,820000,11/01/2026
HD02848,2aad4182-f5b2-4e66-a70b-32fe3626ae38,Nón Bucket Basic Unisex,Nón,Free Size,Đen,1,180000,07/04/2025
HD02848,668c0c46-b451-49fb-a269-45e518a0a645,Quần Jeans Nam Slimfit,Quần,31,Xanh đậm,2,549000,07/04/2025
HD02848,fbf0bc5c-dbfc-4b4a-9648-0be35b76943f,Quần Jogger Unisex Kaki Túi Hộp,Quần,XL,Đen,2,320000,07/04/2025
HD02849,7af62054-cb7c-43d5-8a7a-f6de97b8440d,Blazer Nữ Công Sở Premium,Blazer,L,Trắng,2,820000,03/01/2025
HD02849,2d01e356-ac67-4d6f-83ce-e2c9ad89a55d,Quần Tây Nữ Ống Suông,Quần,M,Đen,1,459000,03/01/2025
HD02849,1d8256e6-c737-4a4c-86b9-b28f0c3112eb,Áo Sơ Mi Nữ Oxford Trắng,Áo sơ mi,M,Trắng,1,329000,03/01/2025
HD02850,2840661b-b758-4365-9ddb-51837e109ce7,Áo Thun Nam Local Brand,Áo thun,L,Xám,1,199000,17/04/2026
HD02850,75973f59-8a40-4d42-b894-5375a84f3374,Áo Khoác Varsity Unisex Streetwear,Áo khoác,XL,Đen Trắng,1,639000,17/04/2026
HD02850,c90322dd-72a9-41d6-bbd0-c581d78ab911,Giày Sneaker Trắng Unisex,Giày,41,Trắng,2,650000,17/04/2026
HD02850,1654922e-d123-4e17-9ca0-cdae32820ab6,Vớ Unisex Cotton Cổ Cao Sọc,Nón,Free Size,Trắng,2,49000,17/04/2026
HD02850,6567b83c-7707-4f60-b9df-577208962783,Blazer Nữ Kẻ Caro Phong Cách Hàn,Blazer,M,Xám,1,850000,17/04/2026
HD02851,7a707f6c-7a4b-4392-80c8-475eb6eb4bc8,Quần Tây Nam Lịch Lãm Công Sở,Quần,31,Đen,1,489000,17/03/2025
HD02851,bf8bb740-6ff2-40aa-b164-ac144119c781,Giày Tây Nam Derby Lịch Lãm,Giày,42,Xám,2,990000,17/03/2025
HD02852,c36ca838-024f-462b-b202-e125f17c3a90,Áo Body Nữ Tay Dài Ôm Sát,Áo body,L,Đen,1,299000,02/03/2025
HD02852,db900625-f6c9-41e1-a4eb-2042fcd9496f,Giày Cao Gót Nữ Đế Nhọn Công Sở,Giày,37,Trắng,1,490000,02/03/2025
HD02852,409dbb70-64f9-445d-b146-33a6ba02b819,Váy Nữ Dự Tiệc Trễ Vai Sang Chảnh,Váy,S,Đỏ,2,690000,02/03/2025
HD02853,591f87ca-ccec-4d04-af4e-fe941c4ee72e,Giày Sneaker Trắng Unisex Streetwear,Giày,42,Trắng,1,650000,07/03/2025
HD02853,c9e6150b-fdf6-4a91-8f2c-d8bab75b9f2b,Hoodie Unisex Local Brand Cực Chất,Áo khoác,L,Nâu,2,399000,07/03/2025
HD02854,7a707f6c-7a4b-4392-80c8-475eb6eb4bc8,Quần Tây Nam Lịch Lãm Công Sở,Quần,33,Đen,2,489000,03/01/2025
HD02854,773638cb-7eea-46c3-8af4-3bce1ecb5dd2,Áo Polo Nam Công Sở Premium,Áo thun,XXL,Xanh Navy,2,350000,03/01/2025
HD02855,4b45ae2f-6d60-448a-85ad-61b9796446ed,Áo Thun Tay Lỡ Unisex Form Rộng,Áo thun,XL,Trắng,2,199000,01/12/2025
HD02855,56edf28b-737a-4e1d-8e76-51796deff112,Nón Lưỡi Trai Unisex Basic Đen,Nón,Free Size,Đen,2,99000,01/12/2025
HD02856,7a707f6c-7a4b-4392-80c8-475eb6eb4bc8,Quần Tây Nam Lịch Lãm Công Sở,Quần,29,Đen,2,489000,04/02/2026
HD02856,773638cb-7eea-46c3-8af4-3bce1ecb5dd2,Áo Polo Nam Công Sở Premium,Áo thun,L,Xanh Navy,2,350000,04/02/2026
HD02856,bf8bb740-6ff2-40aa-b164-ac144119c781,Giày Tây Nam Derby Lịch Lãm,Giày,39,Xám,2,990000,04/02/2026
HD02857,12c3c23d-b26f-4090-b661-3e330f928a84,Nón Thể Thao Unisex,Nón,Free Size,Trắng,2,160000,02/01/2025
HD02857,4ef3b541-6c86-4287-8090-28809b3559fe,Giày Chạy Bộ Nam Running Sport,Giày,42,Đen,1,790000,02/01/2025
HD02857,e6f18dbb-acb7-46bb-a116-d6111d7b40f8,Quần Jogger Nam Thể Thao Nỉ,Quần,M,Xám,1,320000,02/01/2025
HD02858,12c3c23d-b26f-4090-b661-3e330f928a84,Nón Thể Thao Unisex,Nón,Free Size,Trắng,1,160000,02/08/2025
HD02858,c9e6150b-fdf6-4a91-8f2c-d8bab75b9f2b,Hoodie Unisex Local Brand Cực Chất,Áo khoác,M,Nâu,2,399000,02/08/2025
HD02858,3ef4444d-e48a-41d7-aca5-dff0114fd772,Váy Công Sở Nữ,Váy,L,Kem,2,390000,02/08/2025
HD02858,b518aad8-1fbb-4d46-bc3c-1e531b3b1a8d,Áo Thun Nam Trơn Cổ Tròn,Áo thun,M,Đen,1,150000,02/08/2025
HD02859,409dbb70-64f9-445d-b146-33a6ba02b819,Váy Nữ Dự Tiệc Trễ Vai Sang Chảnh,Váy,S,Đỏ,1,690000,13/01/2025
HD02859,c36ca838-024f-462b-b202-e125f17c3a90,Áo Body Nữ Tay Dài Ôm Sát,Áo body,L,Đen,2,299000,13/01/2025
HD02860,c36ca838-024f-462b-b202-e125f17c3a90,Áo Body Nữ Tay Dài Ôm Sát,Áo body,S,Đen,1,299000,04/05/2025
HD02860,409dbb70-64f9-445d-b146-33a6ba02b819,Váy Nữ Dự Tiệc Trễ Vai Sang Chảnh,Váy,M,Đỏ,2,690000,04/05/2025
HD02861,c36ca838-024f-462b-b202-e125f17c3a90,Áo Body Nữ Tay Dài Ôm Sát,Áo body,M,Đen,2,299000,07/05/2026
HD02861,db900625-f6c9-41e1-a4eb-2042fcd9496f,Giày Cao Gót Nữ Đế Nhọn Công Sở,Giày,35,Trắng,2,490000,07/05/2026
HD02862,1d8256e6-c737-4a4c-86b9-b28f0c3112eb,Áo Sơ Mi Nữ Oxford Trắng,Áo sơ mi,L,Trắng,2,329000,07/02/2025
HD02862,7af62054-cb7c-43d5-8a7a-f6de97b8440d,Blazer Nữ Công Sở Premium,Blazer,M,Trắng,1,820000,07/02/2025
HD02863,c9e6150b-fdf6-4a91-8f2c-d8bab75b9f2b,Hoodie Unisex Local Brand Cực Chất,Áo khoác,XL,Nâu,2,399000,07/11/2025
HD02863,b8a6d3f1-ad5c-4c5b-adf9-7e766ed462a5,Nón Bucket Unisex Vải Kaki Trơn,Nón,Free Size,Đen,2,150000,07/11/2025
HD02864,bf8bb740-6ff2-40aa-b164-ac144119c781,Giày Tây Nam Derby Lịch Lãm,Giày,40,Xám,1,990000,08/05/2026
HD02864,773638cb-7eea-46c3-8af4-3bce1ecb5dd2,Áo Polo Nam Công Sở Premium,Áo thun,XXL,Xanh Navy,1,350000,08/05/2026
HD02864,7a707f6c-7a4b-4392-80c8-475eb6eb4bc8,Quần Tây Nam Lịch Lãm Công Sở,Quần,30,Đen,2,489000,08/05/2026
HD02865,8211c7e6-49da-422e-8c8e-61bf0288e356,Áo Thun Nam Oversize Cực Chất,Áo thun,M,Đen,1,220000,23/01/2026
HD02865,99f07ede-2b19-4f58-949e-3c20b4da9416,Nón Snapback Unisex Streetwear,Nón,Free Size,Xám,2,220000,23/01/2026
HD02866,f79701c0-468d-45ca-a063-f2c32fead22e,Áo Polo Nam Basic,Áo thun,XL,Xanh Navy,2,279000,02/01/2026
HD02866,591f87ca-ccec-4d04-af4e-fe941c4ee72e,Giày Sneaker Trắng Unisex Streetwear,Giày,41,Trắng,1,650000,02/01/2026
HD02866,565df8e7-d30d-4935-a0a2-bcd5ab5bf4a2,Quần Jeans Nam Slimfit Đen,Quần,32,Đen,1,549000,02/01/2026
HD02867,db900625-f6c9-41e1-a4eb-2042fcd9496f,Giày Cao Gót Nữ Đế Nhọn Công Sở,Giày,36,Trắng,2,490000,12/06/2025
HD02867,409dbb70-64f9-445d-b146-33a6ba02b819,Váy Nữ Dự Tiệc Trễ Vai Sang Chảnh,Váy,L,Đỏ,2,690000,12/06/2025
HD02867,c36ca838-024f-462b-b202-e125f17c3a90,Áo Body Nữ Tay Dài Ôm Sát,Áo body,M,Đen,2,299000,12/06/2025
HD02868,c9e6150b-fdf6-4a91-8f2c-d8bab75b9f2b,Hoodie Unisex Local Brand Cực Chất,Áo khoác,L,Nâu,2,399000,20/06/2025
HD02868,b8a6d3f1-ad5c-4c5b-adf9-7e766ed462a5,Nón Bucket Unisex Vải Kaki Trơn,Nón,Free Size,Đen,1,150000,20/06/2025
HD02869,c36ca838-024f-462b-b202-e125f17c3a90,Áo Body Nữ Tay Dài Ôm Sát,Áo body,M,Đen,1,299000,11/05/2026
HD02869,409dbb70-64f9-445d-b146-33a6ba02b819,Váy Nữ Dự Tiệc Trễ Vai Sang Chảnh,Váy,M,Đỏ,2,690000,11/05/2026
HD02869,93efef1b-4c47-4682-af31-84004a28c573,Nón Snapback Unisex,Nón,Free Size,Xám,2,220000,11/05/2026
HD02870,d687bdc0-7bd2-4fb3-b157-ef8d3c1b2135,Quần Jogger Unisex Nỉ Basic,Quần,L,Xám,1,280000,04/03/2026
HD02870,d15def0c-3a31-492a-ac97-382525c2218a,Áo Sweater Unisex Trơn Basic,Áo khoác,L,Nâu,2,320000,04/03/2026
HD02871,2abe7389-f13b-422a-b6f1-a2c95273e319,Sandal Unisex Dây Chéo Học Sinh,Giày,41,Đen,1,250000,01/07/2025
HD02871,42df8548-dbbf-40a4-a6f2-f989e10394fd,Blazer Nữ Hàn Quốc,Blazer,L,Kem,2,790000,01/07/2025
HD02871,7a1e5705-4b19-42f7-a7ec-504fb2481cc2,Thắt Lưng Da Nam Khóa Tự Động,Nón,Free Size,Đen,2,350000,01/07/2025
HD02871,9456490a-db92-4ace-9320-5e745196fa6b,Áo Thun Polo Unisex Oversize,Áo thun,M,Xanh Navy,2,259000,01/07/2025
HD02872,b3d420d4-d451-4c61-bd20-6636b4973e09,Cardigan Nữ Len Dệt Kim Kem,Cardigan,M,Be,1,499000,25/10/2025
HD02872,47321475-4386-4cf5-8b77-af01547cd204,Quần Baggy Nữ Hàn Quốc,Quần,L,Đen,2,429000,25/10/2025
HD02872,cc14f38d-1c5d-44e4-a577-c2add0a1b47e,Áo Sơ Mi Nữ Linen Kem,Áo sơ mi,M,Be,1,359000,25/10/2025
HD02873,bb06c357-8eb3-4ffe-a765-1307de4e19eb,Mũ Len Unisex Mùa Đông Ấm Áp,Nón,Free Size,Xám,2,150000,13/06/2025
HD02873,0f6632d3-5cf7-42d2-9157-f13f0084a634,Áo Khoác Nam Denim Classic,Áo khoác,M,Xanh,1,550000,13/06/2025
HD02874,d15def0c-3a31-492a-ac97-382525c2218a,Áo Sweater Unisex Trơn Basic,Áo khoác,XL,Nâu,2,320000,11/06/2025
HD02874,ca7585c8-ddbf-4d1d-a666-37a7b963d906,Balo Unisex Thời Trang Chống Nước,Nón,Free Size,Trắng,1,450000,11/06/2025
HD02875,1246b9f6-1cf6-4a6f-a0c4-8f8e34c3e4e8,Giày Running Sport Unisex,Giày,41,Đen,2,790000,26/10/2025
HD02875,e1fb3fad-6974-423e-b5e0-33e5c3f7a559,Áo Khoác Nam Varsity,Áo khoác,XL,Đen Trắng,1,639000,26/10/2025
HD02875,7a707f6c-7a4b-4392-80c8-475eb6eb4bc8,Quần Tây Nam Lịch Lãm Công Sở,Quần,32,Đen,2,489000,26/10/2025
HD02876,9b3e4d7c-96f1-4236-826e-5f32678a9fc4,Quần Jeans Nam,Quần,29,Đen,2,549000,03/08/2025
HD02876,3dbb0578-dc6f-4fc7-b609-b0fec9796c29,Áo Thun Unisex Loang Màu Tiedye,Áo thun,M,Đen,1,210000,03/08/2025
HD02877,a7c450bf-193d-4223-b178-523acdd5ce71,Quần Kaki Nam Dáng Suông,Quần,29,Kem,1,389000,20/01/2026
HD02877,1571231f-22cc-4ac1-94b1-c01fcb332ed7,Túi Bao Tử Unisex Chống Nước,Nón,Free Size,Navy,2,220000,20/01/2026
HD02878,e6f18dbb-acb7-46bb-a116-d6111d7b40f8,Quần Jogger Nam Thể Thao Nỉ,Quần,M,Xám,1,320000,07/05/2026
HD02878,4ef3b541-6c86-4287-8090-28809b3559fe,Giày Chạy Bộ Nam Running Sport,Giày,41,Đen,2,790000,07/05/2026
HD02878,12c3c23d-b26f-4090-b661-3e330f928a84,Nón Thể Thao Unisex,Nón,Free Size,Trắng,1,160000,07/05/2026
HD02879,f79701c0-468d-45ca-a063-f2c32fead22e,Áo Polo Nam Basic,Áo thun,XL,Xanh Navy,2,279000,19/06/2025
HD02879,565df8e7-d30d-4935-a0a2-bcd5ab5bf4a2,Quần Jeans Nam Slimfit Đen,Quần,32,Đen,2,549000,19/06/2025
HD02880,ca7585c8-ddbf-4d1d-a666-37a7b963d906,Balo Unisex Thời Trang Chống Nước,Nón,Free Size,Trắng,1,450000,18/01/2025
HD02880,d687bdc0-7bd2-4fb3-b157-ef8d3c1b2135,Quần Jogger Unisex Nỉ Basic,Quần,M,Xám,2,280000,18/01/2025
HD02880,5a9e4c10-4d85-4ae9-99d0-4ecdbc69964b,Áo Thun Unisex In Chữ Streetwear,Áo thun,L,Đen,1,189000,18/01/2025
HD02881,1d8256e6-c737-4a4c-86b9-b28f0c3112eb,Áo Sơ Mi Nữ Oxford Trắng,Áo sơ mi,S,Trắng,2,329000,24/03/2025
HD02881,2d01e356-ac67-4d6f-83ce-e2c9ad89a55d,Quần Tây Nữ Ống Suông,Quần,M,Đen,1,459000,24/03/2025
HD02881,7af62054-cb7c-43d5-8a7a-f6de97b8440d,Blazer Nữ Công Sở Premium,Blazer,M,Trắng,2,820000,24/03/2025
HD02882,b3d420d4-d451-4c61-bd20-6636b4973e09,Cardigan Nữ Len Dệt Kim Kem,Cardigan,S,Be,2,499000,10/04/2025
HD02882,cc14f38d-1c5d-44e4-a577-c2add0a1b47e,Áo Sơ Mi Nữ Linen Kem,Áo sơ mi,S,Be,2,359000,10/04/2025
HD02882,47321475-4386-4cf5-8b77-af01547cd204,Quần Baggy Nữ Hàn Quốc,Quần,S,Đen,2,429000,10/04/2025
HD02882,0d2d0b09-60dc-474a-a0d4-d49689e230b8,Quần Jeans Nữ Ống Rộng Culottes,Quần,S,Kem,1,529000,10/04/2025
HD02883,591f87ca-ccec-4d04-af4e-fe941c4ee72e,Giày Sneaker Trắng Unisex Streetwear,Giày,39,Trắng,1,650000,06/06/2025
HD02883,c9e6150b-fdf6-4a91-8f2c-d8bab75b9f2b,Hoodie Unisex Local Brand Cực Chất,Áo khoác,L,Nâu,2,399000,06/06/2025
HD02884,b518aad8-1fbb-4d46-bc3c-1e531b3b1a8d,Áo Thun Nam Trơn Cổ Tròn,Áo thun,L,Trắng,1,150000,04/04/2025
HD02884,872f179f-f0d5-4bcd-a90e-d10870eac50d,Giày Boot Da Nữ Cổ Cao Cá Tính,Giày,38,Trắng,1,890000,04/04/2025
HD02885,0f6632d3-5cf7-42d2-9157-f13f0084a634,Áo Khoác Nam Denim Classic,Áo khoác,XL,Xanh,1,550000,04/10/2025
HD02885,bb06c357-8eb3-4ffe-a765-1307de4e19eb,Mũ Len Unisex Mùa Đông Ấm Áp,Nón,Free Size,Xám,2,150000,04/10/2025
HD02886,7af62054-cb7c-43d5-8a7a-f6de97b8440d,Blazer Nữ Công Sở Premium,Blazer,L,Trắng,2,820000,07/11/2025
HD02886,2d01e356-ac67-4d6f-83ce-e2c9ad89a55d,Quần Tây Nữ Ống Suông,Quần,S,Đen,1,459000,07/11/2025
HD02886,1d8256e6-c737-4a4c-86b9-b28f0c3112eb,Áo Sơ Mi Nữ Oxford Trắng,Áo sơ mi,L,Trắng,2,329000,07/11/2025
HD02886,2abe7389-f13b-422a-b6f1-a2c95273e319,Sandal Unisex Dây Chéo Học Sinh,Giày,41,Đen,2,250000,07/11/2025
HD02887,47321475-4386-4cf5-8b77-af01547cd204,Quần Baggy Nữ Hàn Quốc,Quần,XL,Đen,1,429000,17/01/2025
HD02887,cc14f38d-1c5d-44e4-a577-c2add0a1b47e,Áo Sơ Mi Nữ Linen Kem,Áo sơ mi,S,Be,1,359000,17/01/2025
HD02887,b3d420d4-d451-4c61-bd20-6636b4973e09,Cardigan Nữ Len Dệt Kim Kem,Cardigan,M,Be,2,499000,17/01/2025
HD02888,1d8256e6-c737-4a4c-86b9-b28f0c3112eb,Áo Sơ Mi Nữ Oxford Trắng,Áo sơ mi,L,Trắng,2,329000,25/07/2025
HD02888,7af62054-cb7c-43d5-8a7a-f6de97b8440d,Blazer Nữ Công Sở Premium,Blazer,L,Trắng,1,820000,25/07/2025
HD02889,8211c7e6-49da-422e-8c8e-61bf0288e356,Áo Thun Nam Oversize Cực Chất,Áo thun,XL,Đen,1,220000,20/11/2025
HD02889,99f07ede-2b19-4f58-949e-3c20b4da9416,Nón Snapback Unisex Streetwear,Nón,Free Size,Xám,1,220000,20/11/2025
HD02889,b9070ded-f7bb-4ae7-8384-31f433f188c1,Quần Jogger Nam Kaki Túi Hộp,Quần,XL,Đen,1,350000,20/11/2025
HD02890,773638cb-7eea-46c3-8af4-3bce1ecb5dd2,Áo Polo Nam Công Sở Premium,Áo thun,S,Xanh Navy,2,350000,18/10/2025
HD02890,7a707f6c-7a4b-4392-80c8-475eb6eb4bc8,Quần Tây Nam Lịch Lãm Công Sở,Quần,30,Đen,1,489000,18/10/2025
HD02890,bf8bb740-6ff2-40aa-b164-ac144119c781,Giày Tây Nam Derby Lịch Lãm,Giày,39,Xám,2,990000,18/10/2025
HD02891,6217de90-58f8-4c3f-99e7-59c09b50f42d,Áo Khoác Nam Denim,Áo khoác,XL,Xanh,1,559000,15/11/2025
HD02891,81735139-02ec-4da6-aa6b-74780cb71167,Áo Sơ Mi Nữ Voan Lụa Công Sở,Áo sơ mi,XL,Trắng,1,380000,15/11/2025
HD02891,0d2d0b09-60dc-474a-a0d4-d49689e230b8,Quần Jeans Nữ Ống Rộng Culottes,Quần,L,Kem,2,529000,15/11/2025
HD02892,d756eba2-7d66-4274-b91e-a18e6827f867,Giày Boot Da Nam Chelsea Lịch Lãm,Giày,41,Xám,2,1100000,30/06/2025
HD02892,49f47c17-2a4e-45e3-8c86-564e0b68bf44,Chân Váy Nữ Chữ A Da Lộn,Váy,S,Be,1,299000,30/06/2025
HD02893,7af62054-cb7c-43d5-8a7a-f6de97b8440d,Blazer Nữ Công Sở Premium,Blazer,S,Trắng,1,820000,18/02/2025
HD02893,1d8256e6-c737-4a4c-86b9-b28f0c3112eb,Áo Sơ Mi Nữ Oxford Trắng,Áo sơ mi,M,Trắng,2,329000,18/02/2025
HD02893,2d01e356-ac67-4d6f-83ce-e2c9ad89a55d,Quần Tây Nữ Ống Suông,Quần,M,Đen,1,459000,18/02/2025
HD02894,565df8e7-d30d-4935-a0a2-bcd5ab5bf4a2,Quần Jeans Nam Slimfit Đen,Quần,31,Đen,2,549000,06/08/2025
HD02894,f79701c0-468d-45ca-a063-f2c32fead22e,Áo Polo Nam Basic,Áo thun,M,Xanh Navy,1,279000,06/08/2025
HD02895,7a707f6c-7a4b-4392-80c8-475eb6eb4bc8,Quần Tây Nam Lịch Lãm Công Sở,Quần,33,Đen,2,489000,16/05/2025
HD02895,773638cb-7eea-46c3-8af4-3bce1ecb5dd2,Áo Polo Nam Công Sở Premium,Áo thun,S,Xanh Navy,1,350000,16/05/2025
HD02896,1d9f44d7-0657-47ec-baf9-659b9bfe2f6d,Áo Len Nam Cổ Lọ Ấm Áp,Áo len,XL,Đen,1,520000,08/05/2026
HD02896,0f6632d3-5cf7-42d2-9157-f13f0084a634,Áo Khoác Nam Denim Classic,Áo khoác,L,Xanh,1,550000,08/05/2026
HD02896,bb06c357-8eb3-4ffe-a765-1307de4e19eb,Mũ Len Unisex Mùa Đông Ấm Áp,Nón,Free Size,Xám,2,150000,08/05/2026
HD02897,bf8bb740-6ff2-40aa-b164-ac144119c781,Giày Tây Nam Derby Lịch Lãm,Giày,41,Xám,2,990000,02/02/2026
HD02897,0f6632d3-5cf7-42d2-9157-f13f0084a634,Áo Khoác Nam Denim Classic,Áo khoác,L,Xanh,1,550000,02/02/2026
HD02897,6e959b97-7e1c-49d4-a62d-1d3bdaa3a97c,Áo Len Nam Hàn Quốc,Áo len,M,Nâu,2,499000,02/02/2026
HD02897,75a19ddc-3ed9-45f0-9578-73b1935b5ad4,Áo Thun Unisex Oversize Cotton,Áo thun,XL,Xám,1,199000,02/02/2026
HD02897,49f47c17-2a4e-45e3-8c86-564e0b68bf44,Chân Váy Nữ Chữ A Da Lộn,Váy,M,Be,1,299000,02/02/2026
HD02898,c9e6150b-fdf6-4a91-8f2c-d8bab75b9f2b,Hoodie Unisex Local Brand Cực Chất,Áo khoác,L,Nâu,1,399000,12/09/2025
HD02898,591f87ca-ccec-4d04-af4e-fe941c4ee72e,Giày Sneaker Trắng Unisex Streetwear,Giày,39,Trắng,2,650000,12/09/2025
HD02899,4b45ae2f-6d60-448a-85ad-61b9796446ed,Áo Thun Tay Lỡ Unisex Form Rộng,Áo thun,XL,Trắng,2,199000,14/03/2025
HD02899,f60ed1b2-8aed-4bf4-9047-bcdb95f84623,Áo Sơ Mi Nữ Công Sở,Áo sơ mi,M,Nâu,2,279000,14/03/2025
HD02899,f44172da-7e3c-467e-8c19-187fcb7ae23a,Áo Hoodie Unisex Zip Tiện Lợi,Áo khoác,XL,Đen,1,420000,14/03/2025
HD02900,e6f18dbb-acb7-46bb-a116-d6111d7b40f8,Quần Jogger Nam Thể Thao Nỉ,Quần,L,Xám,2,320000,06/01/2026
HD02900,4ef3b541-6c86-4287-8090-28809b3559fe,Giày Chạy Bộ Nam Running Sport,Giày,43,Đen,2,790000,06/01/2026
HD02901,710b70de-e346-422e-b35a-a3ce277dacb8,Áo Sơ Mi Nữ Cổ Đức Cách Điệu,Áo sơ mi,S,Trắng,2,310000,27/05/2025
HD02901,41ba1486-c8ed-42ba-8e21-a7baaaf113a7,Quần Short Nữ,Quần,M,Xanh,2,259000,27/05/2025
HD02901,1654922e-d123-4e17-9ca0-cdae32820ab6,Vớ Unisex Cotton Cổ Cao Sọc,Nón,Free Size,Trắng,2,49000,27/05/2025
HD02902,409dbb70-64f9-445d-b146-33a6ba02b819,Váy Nữ Dự Tiệc Trễ Vai Sang Chảnh,Váy,L,Đỏ,1,690000,04/02/2025
HD02902,c36ca838-024f-462b-b202-e125f17c3a90,Áo Body Nữ Tay Dài Ôm Sát,Áo body,S,Đen,1,299000,04/02/2025
HD02903,db900625-f6c9-41e1-a4eb-2042fcd9496f,Giày Cao Gót Nữ Đế Nhọn Công Sở,Giày,37,Trắng,1,490000,26/07/2025
HD02903,409dbb70-64f9-445d-b146-33a6ba02b819,Váy Nữ Dự Tiệc Trễ Vai Sang Chảnh,Váy,M,Đỏ,1,690000,26/07/2025
HD02903,c36ca838-024f-462b-b202-e125f17c3a90,Áo Body Nữ Tay Dài Ôm Sát,Áo body,S,Đen,2,299000,26/07/2025
HD02903,4ef3b541-6c86-4287-8090-28809b3559fe,Giày Chạy Bộ Nam Running Sport,Giày,40,Đen,2,790000,26/07/2025
HD02904,c9e6150b-fdf6-4a91-8f2c-d8bab75b9f2b,Hoodie Unisex Local Brand Cực Chất,Áo khoác,XL,Nâu,1,399000,04/01/2025
HD02904,b8a6d3f1-ad5c-4c5b-adf9-7e766ed462a5,Nón Bucket Unisex Vải Kaki Trơn,Nón,Free Size,Đen,1,150000,04/01/2025
HD02905,b3d420d4-d451-4c61-bd20-6636b4973e09,Cardigan Nữ Len Dệt Kim Kem,Cardigan,M,Be,1,499000,20/10/2025
HD02905,47321475-4386-4cf5-8b77-af01547cd204,Quần Baggy Nữ Hàn Quốc,Quần,S,Đen,2,429000,20/10/2025
HD02906,591f87ca-ccec-4d04-af4e-fe941c4ee72e,Giày Sneaker Trắng Unisex Streetwear,Giày,41,Trắng,2,650000,21/03/2025
HD02906,f79701c0-468d-45ca-a063-f2c32fead22e,Áo Polo Nam Basic,Áo thun,S,Xanh Navy,1,279000,21/03/2025
HD02907,773638cb-7eea-46c3-8af4-3bce1ecb5dd2,Áo Polo Nam Công Sở Premium,Áo thun,XXL,Xanh Navy,2,350000,19/02/2025
HD02907,bf8bb740-6ff2-40aa-b164-ac144119c781,Giày Tây Nam Derby Lịch Lãm,Giày,40,Xám,2,990000,19/02/2025
HD02907,7a707f6c-7a4b-4392-80c8-475eb6eb4bc8,Quần Tây Nam Lịch Lãm Công Sở,Quần,33,Đen,2,489000,19/02/2025
HD02908,d687bdc0-7bd2-4fb3-b157-ef8d3c1b2135,Quần Jogger Unisex Nỉ Basic,Quần,L,Xám,1,280000,16/07/2025
HD02908,ca7585c8-ddbf-4d1d-a666-37a7b963d906,Balo Unisex Thời Trang Chống Nước,Nón,Free Size,Trắng,2,450000,16/07/2025
HD02909,591f87ca-ccec-4d04-af4e-fe941c4ee72e,Giày Sneaker Trắng Unisex Streetwear,Giày,39,Trắng,2,650000,29/09/2025
HD02909,f79701c0-468d-45ca-a063-f2c32fead22e,Áo Polo Nam Basic,Áo thun,S,Xanh Navy,2,279000,29/09/2025
HD02909,7a707f6c-7a4b-4392-80c8-475eb6eb4bc8,Quần Tây Nam Lịch Lãm Công Sở,Quần,30,Đen,2,489000,29/09/2025
HD02910,409dbb70-64f9-445d-b146-33a6ba02b819,Váy Nữ Dự Tiệc Trễ Vai Sang Chảnh,Váy,M,Đỏ,2,690000,12/02/2026
HD02910,db900625-f6c9-41e1-a4eb-2042fcd9496f,Giày Cao Gót Nữ Đế Nhọn Công Sở,Giày,36,Trắng,2,490000,12/02/2026
HD02911,591f87ca-ccec-4d04-af4e-fe941c4ee72e,Giày Sneaker Trắng Unisex Streetwear,Giày,38,Trắng,1,650000,06/04/2025
HD02911,c9e6150b-fdf6-4a91-8f2c-d8bab75b9f2b,Hoodie Unisex Local Brand Cực Chất,Áo khoác,L,Nâu,1,399000,06/04/2025
HD02911,01a62d8d-11a8-4f0e-95c8-28324f5438b6,Áo Body Nữ Basic Cổ Lọ,Áo body,M,Trắng,2,269000,06/04/2025
HD02912,41ba1486-c8ed-42ba-8e21-a7baaaf113a7,Quần Short Nữ,Quần,S,Xanh,2,259000,24/08/2025
HD02912,e1fb3fad-6974-423e-b5e0-33e5c3f7a559,Áo Khoác Nam Varsity,Áo khoác,M,Đen Trắng,1,639000,24/08/2025
HD02913,47321475-4386-4cf5-8b77-af01547cd204,Quần Baggy Nữ Hàn Quốc,Quần,S,Đen,2,429000,11/12/2025
HD02913,cc14f38d-1c5d-44e4-a577-c2add0a1b47e,Áo Sơ Mi Nữ Linen Kem,Áo sơ mi,S,Be,2,359000,11/12/2025
HD02914,bb06c357-8eb3-4ffe-a765-1307de4e19eb,Mũ Len Unisex Mùa Đông Ấm Áp,Nón,Free Size,Xám,2,150000,14/09/2025
HD02914,0f6632d3-5cf7-42d2-9157-f13f0084a634,Áo Khoác Nam Denim Classic,Áo khoác,XL,Xanh,2,550000,14/09/2025
HD02914,1d9f44d7-0657-47ec-baf9-659b9bfe2f6d,Áo Len Nam Cổ Lọ Ấm Áp,Áo len,L,Đen,2,520000,14/09/2025
HD02915,3519fffb-6ea3-4fe0-947e-6d8b8e470b7a,Váy Nữ Maxi Đi Biển Dịu Dàng,Váy,M,Be,2,550000,03/11/2025
HD02915,43d6febf-f863-4841-9ca6-94f3edbcb83a,Giày Búp Bê Nữ Da Mềm Mại,Giày,36,Trắng,1,350000,03/11/2025
HD02915,7a29452a-b709-4fb1-8dd9-a5d8e53fa194,Váy Nữ Dài,Váy,L,Xanh,1,459000,03/11/2025
HD02915,90594d6e-3ae8-44bc-be8b-4d8d5d4c89fe,Cardigan Nữ Basic,Cardigan,M,Trắng,1,379000,03/11/2025
HD02916,bf8bb740-6ff2-40aa-b164-ac144119c781,Giày Tây Nam Derby Lịch Lãm,Giày,39,Xám,1,990000,09/05/2025
HD02916,7a707f6c-7a4b-4392-80c8-475eb6eb4bc8,Quần Tây Nam Lịch Lãm Công Sở,Quần,33,Đen,1,489000,09/05/2025
HD02917,e6f18dbb-acb7-46bb-a116-d6111d7b40f8,Quần Jogger Nam Thể Thao Nỉ,Quần,XL,Xám,1,320000,27/09/2025
HD02917,12c3c23d-b26f-4090-b661-3e330f928a84,Nón Thể Thao Unisex,Nón,Free Size,Trắng,1,160000,27/09/2025
HD02917,3d8984b4-57a3-4d52-913c-2a11d9222ede,Áo Thun Nam Basic,Áo thun,S,Đen,2,199000,27/09/2025
HD02918,1d9f44d7-0657-47ec-baf9-659b9bfe2f6d,Áo Len Nam Cổ Lọ Ấm Áp,Áo len,M,Đen,1,520000,11/01/2025
HD02918,bb06c357-8eb3-4ffe-a765-1307de4e19eb,Mũ Len Unisex Mùa Đông Ấm Áp,Nón,Free Size,Xám,1,150000,11/01/2025
HD02919,c9e6150b-fdf6-4a91-8f2c-d8bab75b9f2b,Hoodie Unisex Local Brand Cực Chất,Áo khoác,XL,Nâu,2,399000,20/04/2026
HD02919,591f87ca-ccec-4d04-af4e-fe941c4ee72e,Giày Sneaker Trắng Unisex Streetwear,Giày,39,Trắng,1,650000,20/04/2026
HD02920,d15def0c-3a31-492a-ac97-382525c2218a,Áo Sweater Unisex Trơn Basic,Áo khoác,XL,Nâu,1,320000,25/04/2026
HD02920,d687bdc0-7bd2-4fb3-b157-ef8d3c1b2135,Quần Jogger Unisex Nỉ Basic,Quần,XL,Xám,1,280000,25/04/2026
HD02920,ca7585c8-ddbf-4d1d-a666-37a7b963d906,Balo Unisex Thời Trang Chống Nước,Nón,Free Size,Trắng,1,450000,25/04/2026
HD02920,52d573b6-f538-4651-9496-600f187e26cc,Cardigan Nữ Form Rộng Thêu Hoa,Cardigan,M,Nâu,1,480000,25/04/2026
HD02921,db900625-f6c9-41e1-a4eb-2042fcd9496f,Giày Cao Gót Nữ Đế Nhọn Công Sở,Giày,35,Trắng,1,490000,18/01/2026
HD02921,409dbb70-64f9-445d-b146-33a6ba02b819,Váy Nữ Dự Tiệc Trễ Vai Sang Chảnh,Váy,M,Đỏ,1,690000,18/01/2026
HD02922,db900625-f6c9-41e1-a4eb-2042fcd9496f,Giày Cao Gót Nữ Đế Nhọn Công Sở,Giày,39,Trắng,2,490000,24/06/2025
HD02922,409dbb70-64f9-445d-b146-33a6ba02b819,Váy Nữ Dự Tiệc Trễ Vai Sang Chảnh,Váy,M,Đỏ,1,690000,24/06/2025
HD02922,c36ca838-024f-462b-b202-e125f17c3a90,Áo Body Nữ Tay Dài Ôm Sát,Áo body,S,Đen,2,299000,24/06/2025
HD02923,db900625-f6c9-41e1-a4eb-2042fcd9496f,Giày Cao Gót Nữ Đế Nhọn Công Sở,Giày,37,Trắng,2,490000,15/05/2026
HD02923,c36ca838-024f-462b-b202-e125f17c3a90,Áo Body Nữ Tay Dài Ôm Sát,Áo body,S,Đen,2,299000,15/05/2026
HD02924,0f6632d3-5cf7-42d2-9157-f13f0084a634,Áo Khoác Nam Denim Classic,Áo khoác,L,Xanh,1,550000,22/10/2025
HD02924,1d9f44d7-0657-47ec-baf9-659b9bfe2f6d,Áo Len Nam Cổ Lọ Ấm Áp,Áo len,XL,Đen,2,520000,22/10/2025
HD02924,bb06c357-8eb3-4ffe-a765-1307de4e19eb,Mũ Len Unisex Mùa Đông Ấm Áp,Nón,Free Size,Xám,1,150000,22/10/2025
HD02925,409dbb70-64f9-445d-b146-33a6ba02b819,Váy Nữ Dự Tiệc Trễ Vai Sang Chảnh,Váy,S,Đỏ,1,690000,07/04/2026
HD02925,6567b83c-7707-4f60-b9df-577208962783,Blazer Nữ Kẻ Caro Phong Cách Hàn,Blazer,S,Xám,1,850000,07/04/2026
HD02925,00ea76e6-8a78-4510-9aa1-8c8d3f1e0ea4,Áo Body Nữ Cổ Vuông,Áo body,M,Hồng,2,329000,07/04/2026
HD02926,8211c7e6-49da-422e-8c8e-61bf0288e356,Áo Thun Nam Oversize Cực Chất,Áo thun,XL,Đen,2,220000,11/06/2025
HD02926,b9070ded-f7bb-4ae7-8384-31f433f188c1,Quần Jogger Nam Kaki Túi Hộp,Quần,L,Đen,2,350000,11/06/2025
HD02927,db900625-f6c9-41e1-a4eb-2042fcd9496f,Giày Cao Gót Nữ Đế Nhọn Công Sở,Giày,36,Trắng,1,490000,23/12/2025
HD02927,409dbb70-64f9-445d-b146-33a6ba02b819,Váy Nữ Dự Tiệc Trễ Vai Sang Chảnh,Váy,M,Đỏ,2,690000,23/12/2025
HD02928,e6f18dbb-acb7-46bb-a116-d6111d7b40f8,Quần Jogger Nam Thể Thao Nỉ,Quần,M,Xám,2,320000,29/06/2025
HD02928,12c3c23d-b26f-4090-b661-3e330f928a84,Nón Thể Thao Unisex,Nón,Free Size,Trắng,1,160000,29/06/2025
HD02928,41ba1486-c8ed-42ba-8e21-a7baaaf113a7,Quần Short Nữ,Quần,M,Xanh,1,259000,29/06/2025
HD02929,ca7585c8-ddbf-4d1d-a666-37a7b963d906,Balo Unisex Thời Trang Chống Nước,Nón,Free Size,Trắng,2,450000,11/04/2026
HD02929,d687bdc0-7bd2-4fb3-b157-ef8d3c1b2135,Quần Jogger Unisex Nỉ Basic,Quần,M,Xám,1,280000,11/04/2026
HD02929,d15def0c-3a31-492a-ac97-382525c2218a,Áo Sweater Unisex Trơn Basic,Áo khoác,XL,Nâu,1,320000,11/04/2026
HD02929,42df8548-dbbf-40a4-a6f2-f989e10394fd,Blazer Nữ Hàn Quốc,Blazer,L,Kem,2,790000,11/04/2026
HD02930,c9e6150b-fdf6-4a91-8f2c-d8bab75b9f2b,Hoodie Unisex Local Brand Cực Chất,Áo khoác,XL,Nâu,2,399000,16/11/2025
HD02930,b8a6d3f1-ad5c-4c5b-adf9-7e766ed462a5,Nón Bucket Unisex Vải Kaki Trơn,Nón,Free Size,Đen,2,150000,16/11/2025
HD02930,591f87ca-ccec-4d04-af4e-fe941c4ee72e,Giày Sneaker Trắng Unisex Streetwear,Giày,39,Trắng,2,650000,16/11/2025
HD02931,c36ca838-024f-462b-b202-e125f17c3a90,Áo Body Nữ Tay Dài Ôm Sát,Áo body,M,Đen,1,299000,31/08/2025
HD02931,db900625-f6c9-41e1-a4eb-2042fcd9496f,Giày Cao Gót Nữ Đế Nhọn Công Sở,Giày,38,Trắng,1,490000,31/08/2025
HD02931,409dbb70-64f9-445d-b146-33a6ba02b819,Váy Nữ Dự Tiệc Trễ Vai Sang Chảnh,Váy,M,Đỏ,2,690000,31/08/2025
HD02932,c356d946-1d0c-4868-a400-11e664e1c6c1,Áo Thun Nam Cotton Organic,Áo thun,L,Xám,2,190000,12/02/2026
HD02932,6e959b97-7e1c-49d4-a62d-1d3bdaa3a97c,Áo Len Nam Hàn Quốc,Áo len,XL,Kem,1,499000,12/02/2026
HD02932,00cd794a-d248-4ee5-82bc-6f47e4552024,Giày Thể Thao Unisex Chunky,Giày,39,Trắng,1,850000,12/02/2026
HD02933,462e9e6e-f5a5-4689-bca8-aa61f7489a66,Hoodie Unisex Nỉ Bông Có Mũ,Áo khoác,M,Xám,1,380000,13/05/2026
HD02933,93efef1b-4c47-4682-af31-84004a28c573,Nón Snapback Unisex,Nón,Free Size,Xám,1,220000,13/05/2026
HD02933,de2469aa-98bb-4048-b2d6-ca06feaff0f9,Ví Da Unisex Đựng Thẻ Tiện Lợi,Nón,Free Size,Navy,1,190000,13/05/2026
HD02933,7a1e5705-4b19-42f7-a7ec-504fb2481cc2,Thắt Lưng Da Nam Khóa Tự Động,Nón,Free Size,Đen,2,350000,13/05/2026
HD02933,dda95a07-c578-4e4d-a707-ee9fa4ee14cc,Áo Len Nam Dệt Kim,Áo len,XL,Trắng,1,469000,13/05/2026
HD02934,bb06c357-8eb3-4ffe-a765-1307de4e19eb,Mũ Len Unisex Mùa Đông Ấm Áp,Nón,Free Size,Xám,2,150000,22/02/2026
HD02934,1d9f44d7-0657-47ec-baf9-659b9bfe2f6d,Áo Len Nam Cổ Lọ Ấm Áp,Áo len,M,Đen,1,520000,22/02/2026
HD02935,57d427ce-2cb0-4659-b346-22ed27f9bafa,Quần Baggy Nữ,Quần,L,Đen,2,429000,25/02/2026
HD02935,de2469aa-98bb-4048-b2d6-ca06feaff0f9,Ví Da Unisex Đựng Thẻ Tiện Lợi,Nón,Free Size,Navy,1,190000,25/02/2026
HD02935,409dbb70-64f9-445d-b146-33a6ba02b819,Váy Nữ Dự Tiệc Trễ Vai Sang Chảnh,Váy,M,Đỏ,2,690000,25/02/2026
HD02936,db900625-f6c9-41e1-a4eb-2042fcd9496f,Giày Cao Gót Nữ Đế Nhọn Công Sở,Giày,37,Trắng,2,490000,13/08/2025
HD02936,409dbb70-64f9-445d-b146-33a6ba02b819,Váy Nữ Dự Tiệc Trễ Vai Sang Chảnh,Váy,S,Đỏ,2,690000,13/08/2025
HD02936,99f07ede-2b19-4f58-949e-3c20b4da9416,Nón Snapback Unisex Streetwear,Nón,Free Size,Xám,1,220000,13/08/2025
HD02937,626b4040-d17f-4bae-a99a-a9bd43b0140b,Áo Len Nam Cổ Lọ,Áo len,M,Xám,1,520000,20/10/2025
HD02937,7a707f6c-7a4b-4392-80c8-475eb6eb4bc8,Quần Tây Nam Lịch Lãm Công Sở,Quần,33,Đen,2,489000,20/10/2025
HD02937,b9070ded-f7bb-4ae7-8384-31f433f188c1,Quần Jogger Nam Kaki Túi Hộp,Quần,L,Đen,1,350000,20/10/2025
HD02938,8211c7e6-49da-422e-8c8e-61bf0288e356,Áo Thun Nam Oversize Cực Chất,Áo thun,XL,Đen,2,220000,04/08/2025
HD02938,99f07ede-2b19-4f58-949e-3c20b4da9416,Nón Snapback Unisex Streetwear,Nón,Free Size,Xám,1,220000,04/08/2025
HD02939,99f07ede-2b19-4f58-949e-3c20b4da9416,Nón Snapback Unisex Streetwear,Nón,Free Size,Xám,1,220000,10/11/2025
HD02939,8211c7e6-49da-422e-8c8e-61bf0288e356,Áo Thun Nam Oversize Cực Chất,Áo thun,XL,Đen,1,220000,10/11/2025
HD02939,5aee6bb0-ffad-4321-976e-a7a74709d94d,Dép Unisex Quai Ngang Êm Chân,Giày,36,Đen,1,150000,10/11/2025
HD02940,86a9c31d-97c5-47fc-b2ce-292729ac16ad,Nón Bucket Unisex Họa Tiết Loang,Nón,Free Size,Đen,2,180000,08/08/2025
HD02940,ac85d49f-37a3-47d2-9850-04adc3abecfb,Mắt Kính Unisex Chống Tia UV,Nón,Free Size,Đen,2,290000,08/08/2025
HD02940,d756eba2-7d66-4274-b91e-a18e6827f867,Giày Boot Da Nam Chelsea Lịch Lãm,Giày,40,Xám,2,1100000,08/08/2025
HD02941,0d2d0b09-60dc-474a-a0d4-d49689e230b8,Quần Jeans Nữ Ống Rộng Culottes,Quần,L,Kem,1,529000,20/01/2025
HD02941,99f07ede-2b19-4f58-949e-3c20b4da9416,Nón Snapback Unisex Streetwear,Nón,Free Size,Xám,1,220000,20/01/2025
HD02942,2d01e356-ac67-4d6f-83ce-e2c9ad89a55d,Quần Tây Nữ Ống Suông,Quần,L,Đen,1,459000,11/07/2025
HD02942,7af62054-cb7c-43d5-8a7a-f6de97b8440d,Blazer Nữ Công Sở Premium,Blazer,M,Trắng,1,820000,11/07/2025
HD02943,bca6a5e3-a504-49ff-8fe8-bf5c131d57e5,Áo Sơ Mi Nam Kẻ Sọc Công Sở,Áo sơ mi,S,Xanh,1,330000,10/02/2026
HD02943,b9cffddd-aa22-47ea-b376-34ad81004eed,Blazer Nữ Công Sở,Blazer,S,Trắng,1,820000,10/02/2026
HD02943,220243e7-0f72-4253-9861-6ff08f57a586,Áo Len Nam Form Rộng,Áo len,L,Xám,2,559000,10/02/2026
HD02943,14aa5a7e-58a7-4ee6-91dc-3b3841539483,Áo Thun Nam Graphic Print,Áo thun,L,Đen,1,259000,10/02/2026
HD02944,773638cb-7eea-46c3-8af4-3bce1ecb5dd2,Áo Polo Nam Công Sở Premium,Áo thun,XXL,Xanh Navy,1,350000,04/01/2025
HD02944,7a707f6c-7a4b-4392-80c8-475eb6eb4bc8,Quần Tây Nam Lịch Lãm Công Sở,Quần,31,Đen,1,489000,04/01/2025
HD02944,bf8bb740-6ff2-40aa-b164-ac144119c781,Giày Tây Nam Derby Lịch Lãm,Giày,39,Xám,1,990000,04/01/2025
HD02945,206646b2-8c77-4e51-b71d-a942c17cbc4b,Quần Short Unisex Dù Gió,Quần,XL,Xanh,2,150000,18/08/2025
HD02945,12c3c23d-b26f-4090-b661-3e330f928a84,Nón Thể Thao Unisex,Nón,Free Size,Trắng,1,160000,18/08/2025
HD02945,f44172da-7e3c-467e-8c19-187fcb7ae23a,Áo Hoodie Unisex Zip Tiện Lợi,Áo khoác,L,Đen,1,420000,18/08/2025
HD02945,b675c96d-da9f-4712-a11c-0596cc052da0,Giày Sneaker Cổ Cao Unisex,Giày,40,Trắng,1,690000,18/08/2025
HD02946,d15def0c-3a31-492a-ac97-382525c2218a,Áo Sweater Unisex Trơn Basic,Áo khoác,M,Nâu,1,320000,20/09/2025
HD02946,de2469aa-98bb-4048-b2d6-ca06feaff0f9,Ví Da Unisex Đựng Thẻ Tiện Lợi,Nón,Free Size,Navy,1,190000,20/09/2025
HD02946,d687bdc0-7bd2-4fb3-b157-ef8d3c1b2135,Quần Jogger Unisex Nỉ Basic,Quần,XL,Xám,2,280000,20/09/2025
HD02947,1246b9f6-1cf6-4a6f-a0c4-8f8e34c3e4e8,Giày Running Sport Unisex,Giày,42,Đen,2,790000,28/01/2025
HD02947,d230d9ed-71e2-4378-9fb2-15dd13a37357,Áo Hoodie Unisex,Áo khoác,L,Xám,2,399000,28/01/2025
HD02948,ca7585c8-ddbf-4d1d-a666-37a7b963d906,Balo Unisex Thời Trang Chống Nước,Nón,Free Size,Trắng,2,450000,31/01/2026
HD02948,d15def0c-3a31-492a-ac97-382525c2218a,Áo Sweater Unisex Trơn Basic,Áo khoác,M,Nâu,1,320000,31/01/2026
HD02948,d687bdc0-7bd2-4fb3-b157-ef8d3c1b2135,Quần Jogger Unisex Nỉ Basic,Quần,M,Xám,1,280000,31/01/2026
HD02949,c356d946-1d0c-4868-a400-11e664e1c6c1,Áo Thun Nam Cotton Organic,Áo thun,L,Xám,2,190000,06/03/2026
HD02949,e668318e-62fd-4730-9829-e614a2db7729,Blazer Nữ Form Rộng,Blazer,L,Xám,2,850000,06/03/2026
HD02949,b73fb852-1dd9-4829-86c6-c6c6f6ca7b73,Túi Tote Vải Unisex Tiện Lợi,Nón,Free Size,Trắng,2,120000,06/03/2026
HD02949,ac85d49f-37a3-47d2-9850-04adc3abecfb,Mắt Kính Unisex Chống Tia UV,Nón,Free Size,Đen,2,290000,06/03/2026
HD02949,b518aad8-1fbb-4d46-bc3c-1e531b3b1a8d,Áo Thun Nam Trơn Cổ Tròn,Áo thun,XL,Đen,1,150000,06/03/2026
HD02950,7a707f6c-7a4b-4392-80c8-475eb6eb4bc8,Quần Tây Nam Lịch Lãm Công Sở,Quần,29,Đen,2,489000,08/12/2025
HD02950,773638cb-7eea-46c3-8af4-3bce1ecb5dd2,Áo Polo Nam Công Sở Premium,Áo thun,XL,Xanh Navy,1,350000,08/12/2025
HD02950,bf8bb740-6ff2-40aa-b164-ac144119c781,Giày Tây Nam Derby Lịch Lãm,Giày,39,Xám,2,990000,08/12/2025
HD02951,4b45ae2f-6d60-448a-85ad-61b9796446ed,Áo Thun Tay Lỡ Unisex Form Rộng,Áo thun,M,Trắng,1,199000,12/05/2026
HD02951,80fca8d2-8d12-40fd-aaf6-6c3e0e0d49ea,Cardigan Nữ Len Mỏng,Cardigan,M,Kem,1,399000,12/05/2026
HD02951,ca7585c8-ddbf-4d1d-a666-37a7b963d906,Balo Unisex Thời Trang Chống Nước,Nón,Free Size,Trắng,2,450000,12/05/2026
HD02951,3040b7d2-2bea-4c81-bd8c-2c17927ad9e2,Quần Culottes Nữ,Quần,M,Be,1,379000,12/05/2026
HD02951,863bc572-8ddb-47bc-98e0-bff31818a347,Quần Ống Rộng Nữ,Quần,M,Kem,1,399000,12/05/2026
HD02952,4ef3b541-6c86-4287-8090-28809b3559fe,Giày Chạy Bộ Nam Running Sport,Giày,41,Đen,1,790000,20/02/2026
HD02952,12c3c23d-b26f-4090-b661-3e330f928a84,Nón Thể Thao Unisex,Nón,Free Size,Trắng,2,160000,20/02/2026
HD02952,e6f18dbb-acb7-46bb-a116-d6111d7b40f8,Quần Jogger Nam Thể Thao Nỉ,Quần,M,Xám,1,320000,20/02/2026
HD02953,b3d420d4-d451-4c61-bd20-6636b4973e09,Cardigan Nữ Len Dệt Kim Kem,Cardigan,S,Be,1,499000,20/12/2025
HD02953,47321475-4386-4cf5-8b77-af01547cd204,Quần Baggy Nữ Hàn Quốc,Quần,XL,Đen,2,429000,20/12/2025
HD02954,591f87ca-ccec-4d04-af4e-fe941c4ee72e,Giày Sneaker Trắng Unisex Streetwear,Giày,38,Trắng,2,650000,30/04/2025
HD02954,f79701c0-468d-45ca-a063-f2c32fead22e,Áo Polo Nam Basic,Áo thun,L,Xanh Navy,2,279000,30/04/2025
HD02954,12c3c23d-b26f-4090-b661-3e330f928a84,Nón Thể Thao Unisex,Nón,Free Size,Trắng,1,160000,30/04/2025
HD02955,4ef3b541-6c86-4287-8090-28809b3559fe,Giày Chạy Bộ Nam Running Sport,Giày,41,Đen,2,790000,17/07/2025
HD02955,b518aad8-1fbb-4d46-bc3c-1e531b3b1a8d,Áo Thun Nam Trơn Cổ Tròn,Áo thun,L,Đen,1,150000,17/07/2025
HD02956,b8a6d3f1-ad5c-4c5b-adf9-7e766ed462a5,Nón Bucket Unisex Vải Kaki Trơn,Nón,Free Size,Đen,2,150000,05/07/2025
HD02956,c9e6150b-fdf6-4a91-8f2c-d8bab75b9f2b,Hoodie Unisex Local Brand Cực Chất,Áo khoác,L,Nâu,1,399000,05/07/2025
HD02956,591f87ca-ccec-4d04-af4e-fe941c4ee72e,Giày Sneaker Trắng Unisex Streetwear,Giày,42,Trắng,1,650000,05/07/2025
HD02957,99f07ede-2b19-4f58-949e-3c20b4da9416,Nón Snapback Unisex Streetwear,Nón,Free Size,Xám,1,220000,24/01/2026
HD02957,b9070ded-f7bb-4ae7-8384-31f433f188c1,Quần Jogger Nam Kaki Túi Hộp,Quần,M,Đen,1,350000,24/01/2026
HD02957,8211c7e6-49da-422e-8c8e-61bf0288e356,Áo Thun Nam Oversize Cực Chất,Áo thun,L,Đen,1,220000,24/01/2026
HD02957,710b70de-e346-422e-b35a-a3ce277dacb8,Áo Sơ Mi Nữ Cổ Đức Cách Điệu,Áo sơ mi,M,Trắng,2,310000,24/01/2026
HD02958,d687bdc0-7bd2-4fb3-b157-ef8d3c1b2135,Quần Jogger Unisex Nỉ Basic,Quần,L,Xám,2,280000,16/10/2025
HD02958,d15def0c-3a31-492a-ac97-382525c2218a,Áo Sweater Unisex Trơn Basic,Áo khoác,XL,Nâu,2,320000,16/10/2025
HD02959,90594d6e-3ae8-44bc-be8b-4d8d5d4c89fe,Cardigan Nữ Basic,Cardigan,S,Trắng,1,379000,08/07/2025
HD02959,863bc572-8ddb-47bc-98e0-bff31818a347,Quần Ống Rộng Nữ,Quần,S,Kem,2,399000,08/07/2025
HD02960,fb99d5a6-90f1-4a0e-931d-e0f87e9f92e9,Áo Body Nữ Basic,Áo body,M,Trắng,2,269000,25/10/2025
HD02960,3d8984b4-57a3-4d52-913c-2a11d9222ede,Áo Thun Nam Basic,Áo thun,M,Đen,1,199000,25/10/2025
HD02960,e668318e-62fd-4730-9829-e614a2db7729,Blazer Nữ Form Rộng,Blazer,XL,Xám,1,850000,25/10/2025
HD02960,591f87ca-ccec-4d04-af4e-fe941c4ee72e,Giày Sneaker Trắng Unisex Streetwear,Giày,39,Trắng,2,650000,25/10/2025
HD02961,b3d420d4-d451-4c61-bd20-6636b4973e09,Cardigan Nữ Len Dệt Kim Kem,Cardigan,S,Be,2,499000,04/02/2025
HD02961,cc14f38d-1c5d-44e4-a577-c2add0a1b47e,Áo Sơ Mi Nữ Linen Kem,Áo sơ mi,M,Be,2,359000,04/02/2025
HD02961,47321475-4386-4cf5-8b77-af01547cd204,Quần Baggy Nữ Hàn Quốc,Quần,M,Đen,1,429000,04/02/2025
HD02961,93efef1b-4c47-4682-af31-84004a28c573,Nón Snapback Unisex,Nón,Free Size,Xám,2,220000,04/02/2025
HD02962,8211c7e6-49da-422e-8c8e-61bf0288e356,Áo Thun Nam Oversize Cực Chất,Áo thun,L,Đen,2,220000,01/04/2026
HD02962,b9070ded-f7bb-4ae7-8384-31f433f188c1,Quần Jogger Nam Kaki Túi Hộp,Quần,L,Đen,2,350000,01/04/2026
HD02962,99f07ede-2b19-4f58-949e-3c20b4da9416,Nón Snapback Unisex Streetwear,Nón,Free Size,Xám,2,220000,01/04/2026
HD02962,ac85d49f-37a3-47d2-9850-04adc3abecfb,Mắt Kính Unisex Chống Tia UV,Nón,Free Size,Đen,1,290000,01/04/2026
HD02963,7af62054-cb7c-43d5-8a7a-f6de97b8440d,Blazer Nữ Công Sở Premium,Blazer,S,Trắng,2,820000,08/11/2025
HD02963,1d8256e6-c737-4a4c-86b9-b28f0c3112eb,Áo Sơ Mi Nữ Oxford Trắng,Áo sơ mi,M,Trắng,1,329000,08/11/2025
HD02964,2d01e356-ac67-4d6f-83ce-e2c9ad89a55d,Quần Tây Nữ Ống Suông,Quần,L,Đen,1,459000,10/12/2025
HD02964,7af62054-cb7c-43d5-8a7a-f6de97b8440d,Blazer Nữ Công Sở Premium,Blazer,M,Trắng,2,820000,10/12/2025
HD02964,1d8256e6-c737-4a4c-86b9-b28f0c3112eb,Áo Sơ Mi Nữ Oxford Trắng,Áo sơ mi,S,Trắng,2,329000,10/12/2025
HD02965,2d01e356-ac67-4d6f-83ce-e2c9ad89a55d,Quần Tây Nữ Ống Suông,Quần,S,Đen,1,459000,10/09/2025
HD02965,7af62054-cb7c-43d5-8a7a-f6de97b8440d,Blazer Nữ Công Sở Premium,Blazer,S,Trắng,2,820000,10/09/2025
HD02966,773638cb-7eea-46c3-8af4-3bce1ecb5dd2,Áo Polo Nam Công Sở Premium,Áo thun,XXL,Xanh Navy,2,350000,18/01/2026
HD02966,a9bbcc47-d51e-49fb-aab9-04649744ad76,Áo Thun Nam Cổ Tim Trơn,Áo thun,M,Đen,1,160000,18/01/2026
HD02966,8a7e2af6-1dec-44a6-bf40-5c5c403abe8c,Áo Sơ Mi Nam Vải Oxford Trắng,Áo sơ mi,S,Trắng,2,320000,18/01/2026
HD02966,47321475-4386-4cf5-8b77-af01547cd204,Quần Baggy Nữ Hàn Quốc,Quần,XL,Đen,2,429000,18/01/2026
HD02966,256a70eb-d06d-417a-bf57-9b60da0305c5,Giày Thể Thao Nam,Giày,42,Xám,2,720000,18/01/2026
HD02967,2840661b-b758-4365-9ddb-51837e109ce7,Áo Thun Nam Local Brand,Áo thun,M,Xám,1,199000,22/06/2025
HD02967,5aee6bb0-ffad-4321-976e-a7a74709d94d,Dép Unisex Quai Ngang Êm Chân,Giày,39,Đen,1,150000,22/06/2025
HD02967,db900625-f6c9-41e1-a4eb-2042fcd9496f,Giày Cao Gót Nữ Đế Nhọn Công Sở,Giày,36,Trắng,2,490000,22/06/2025
HD02967,e7a2f4b5-bf3f-47e0-b981-e6142607b6bc,Giày Chunky Sneaker Unisex,Giày,40,Trắng,1,850000,22/06/2025
HD02968,1d8256e6-c737-4a4c-86b9-b28f0c3112eb,Áo Sơ Mi Nữ Oxford Trắng,Áo sơ mi,L,Trắng,2,329000,21/03/2025
HD02968,2d01e356-ac67-4d6f-83ce-e2c9ad89a55d,Quần Tây Nữ Ống Suông,Quần,S,Đen,2,459000,21/03/2025
HD02969,cc14f38d-1c5d-44e4-a577-c2add0a1b47e,Áo Sơ Mi Nữ Linen Kem,Áo sơ mi,M,Be,1,359000,27/04/2026
HD02969,b3d420d4-d451-4c61-bd20-6636b4973e09,Cardigan Nữ Len Dệt Kim Kem,Cardigan,S,Be,2,499000,27/04/2026
HD02970,f44172da-7e3c-467e-8c19-187fcb7ae23a,Áo Hoodie Unisex Zip Tiện Lợi,Áo khoác,XL,Đen,2,420000,19/01/2026
HD02970,8211c7e6-49da-422e-8c8e-61bf0288e356,Áo Thun Nam Oversize Cực Chất,Áo thun,M,Đen,1,220000,19/01/2026
HD02971,d15def0c-3a31-492a-ac97-382525c2218a,Áo Sweater Unisex Trơn Basic,Áo khoác,XL,Nâu,1,320000,16/01/2025
HD02971,d687bdc0-7bd2-4fb3-b157-ef8d3c1b2135,Quần Jogger Unisex Nỉ Basic,Quần,M,Xám,2,280000,16/01/2025
HD02971,ca7585c8-ddbf-4d1d-a666-37a7b963d906,Balo Unisex Thời Trang Chống Nước,Nón,Free Size,Trắng,1,450000,16/01/2025
HD02972,8211c7e6-49da-422e-8c8e-61bf0288e356,Áo Thun Nam Oversize Cực Chất,Áo thun,XL,Đen,1,220000,02/02/2025
HD02972,4e83e6d5-6bb8-4d62-b032-d8ffc5ee62ef,Quần Jeans Nam Ống Đứng Regular,Quần,33,Xanh đậm,2,529000,02/02/2025
HD02973,b8a6d3f1-ad5c-4c5b-adf9-7e766ed462a5,Nón Bucket Unisex Vải Kaki Trơn,Nón,Free Size,Đen,2,150000,17/12/2025
HD02973,591f87ca-ccec-4d04-af4e-fe941c4ee72e,Giày Sneaker Trắng Unisex Streetwear,Giày,42,Trắng,1,650000,17/12/2025
HD02974,12c3c23d-b26f-4090-b661-3e330f928a84,Nón Thể Thao Unisex,Nón,Free Size,Trắng,1,160000,07/09/2025
HD02974,e6f18dbb-acb7-46bb-a116-d6111d7b40f8,Quần Jogger Nam Thể Thao Nỉ,Quần,M,Xám,2,320000,07/09/2025
HD02974,4ef3b541-6c86-4287-8090-28809b3559fe,Giày Chạy Bộ Nam Running Sport,Giày,43,Đen,1,790000,07/09/2025
HD02975,c9e6150b-fdf6-4a91-8f2c-d8bab75b9f2b,Hoodie Unisex Local Brand Cực Chất,Áo khoác,XL,Nâu,2,399000,28/06/2025
HD02975,b8a6d3f1-ad5c-4c5b-adf9-7e766ed462a5,Nón Bucket Unisex Vải Kaki Trơn,Nón,Free Size,Đen,1,150000,28/06/2025
HD02975,591f87ca-ccec-4d04-af4e-fe941c4ee72e,Giày Sneaker Trắng Unisex Streetwear,Giày,38,Trắng,2,650000,28/06/2025
HD02975,86a9c31d-97c5-47fc-b2ce-292729ac16ad,Nón Bucket Unisex Họa Tiết Loang,Nón,Free Size,Đen,1,180000,28/06/2025
HD02976,db900625-f6c9-41e1-a4eb-2042fcd9496f,Giày Cao Gót Nữ Đế Nhọn Công Sở,Giày,35,Trắng,2,490000,08/03/2026
HD02976,409dbb70-64f9-445d-b146-33a6ba02b819,Váy Nữ Dự Tiệc Trễ Vai Sang Chảnh,Váy,S,Đỏ,2,690000,08/03/2026
HD02976,c36ca838-024f-462b-b202-e125f17c3a90,Áo Body Nữ Tay Dài Ôm Sát,Áo body,S,Đen,2,299000,08/03/2026
HD02977,99f07ede-2b19-4f58-949e-3c20b4da9416,Nón Snapback Unisex Streetwear,Nón,Free Size,Xám,2,220000,25/07/2025
HD02977,8211c7e6-49da-422e-8c8e-61bf0288e356,Áo Thun Nam Oversize Cực Chất,Áo thun,M,Đen,2,220000,25/07/2025
HD02977,b9070ded-f7bb-4ae7-8384-31f433f188c1,Quần Jogger Nam Kaki Túi Hộp,Quần,L,Đen,1,350000,25/07/2025
HD02978,c9abc8f4-c333-4a02-9fdb-0a7346bdc75f,Váy Nữ Hoa Nhí Dáng A,Váy,S,Hồng,1,390000,02/10/2025
HD02978,e7988e60-9056-472a-b914-5ab26da5917c,Quần Jeans Nam Rách Gối Streetwear,Quần,31,Xanh nhạt,2,599000,02/10/2025
HD02978,1654922e-d123-4e17-9ca0-cdae32820ab6,Vớ Unisex Cotton Cổ Cao Sọc,Nón,Free Size,Trắng,1,49000,02/10/2025
HD02979,565df8e7-d30d-4935-a0a2-bcd5ab5bf4a2,Quần Jeans Nam Slimfit Đen,Quần,30,Đen,1,549000,02/12/2025
HD02979,f79701c0-468d-45ca-a063-f2c32fead22e,Áo Polo Nam Basic,Áo thun,XL,Xanh Navy,1,279000,02/12/2025
HD02979,591f87ca-ccec-4d04-af4e-fe941c4ee72e,Giày Sneaker Trắng Unisex Streetwear,Giày,40,Trắng,1,650000,02/12/2025
HD02980,256a70eb-d06d-417a-bf57-9b60da0305c5,Giày Thể Thao Nam,Giày,42,Xám,2,720000,12/02/2026
HD02980,95eb8021-2598-4aeb-92e1-99f5e709c28c,Cardigan Nữ Hàn Quốc,Cardigan,L,Trắng,1,430000,12/02/2026
HD02980,80fca8d2-8d12-40fd-aaf6-6c3e0e0d49ea,Cardigan Nữ Len Mỏng,Cardigan,L,Xám,2,399000,12/02/2026
HD02980,72b9161e-e55b-4802-a1c7-d7f33e5ccb0d,Quần Jogger Nam,Quần,M,Đen,1,320000,12/02/2026
HD02980,b44f5194-d6f8-497b-b568-738d7d09c9e4,Áo Thun Nữ Croptop Cổ Tim,Áo thun,S,Trắng,2,120000,12/02/2026
HD02981,cc14f38d-1c5d-44e4-a577-c2add0a1b47e,Áo Sơ Mi Nữ Linen Kem,Áo sơ mi,L,Be,2,359000,27/01/2025
HD02981,b3d420d4-d451-4c61-bd20-6636b4973e09,Cardigan Nữ Len Dệt Kim Kem,Cardigan,L,Be,1,499000,27/01/2025
HD02981,bf8bb740-6ff2-40aa-b164-ac144119c781,Giày Tây Nam Derby Lịch Lãm,Giày,42,Xám,1,990000,27/01/2025
HD02982,ca7585c8-ddbf-4d1d-a666-37a7b963d906,Balo Unisex Thời Trang Chống Nước,Nón,Free Size,Trắng,1,450000,10/06/2025
HD02982,d687bdc0-7bd2-4fb3-b157-ef8d3c1b2135,Quần Jogger Unisex Nỉ Basic,Quần,XL,Xám,1,280000,10/06/2025
HD02983,b8a6d3f1-ad5c-4c5b-adf9-7e766ed462a5,Nón Bucket Unisex Vải Kaki Trơn,Nón,Free Size,Đen,2,150000,28/04/2026
HD02983,591f87ca-ccec-4d04-af4e-fe941c4ee72e,Giày Sneaker Trắng Unisex Streetwear,Giày,41,Trắng,2,650000,28/04/2026
HD02984,409dbb70-64f9-445d-b146-33a6ba02b819,Váy Nữ Dự Tiệc Trễ Vai Sang Chảnh,Váy,M,Đỏ,1,690000,12/02/2025
HD02984,c36ca838-024f-462b-b202-e125f17c3a90,Áo Body Nữ Tay Dài Ôm Sát,Áo body,L,Đen,1,299000,12/02/2025
HD02984,db900625-f6c9-41e1-a4eb-2042fcd9496f,Giày Cao Gót Nữ Đế Nhọn Công Sở,Giày,36,Trắng,2,490000,12/02/2025
HD02985,c36ca838-024f-462b-b202-e125f17c3a90,Áo Body Nữ Tay Dài Ôm Sát,Áo body,S,Đen,1,299000,26/11/2025
HD02985,409dbb70-64f9-445d-b146-33a6ba02b819,Váy Nữ Dự Tiệc Trễ Vai Sang Chảnh,Váy,S,Đỏ,2,690000,26/11/2025
HD02985,61017231-ff80-414c-8355-84b4bfd8f3fb,Áo Sơ Mi Nữ Oxford,Áo sơ mi,M,Trắng,1,329000,26/11/2025
HD02986,d15def0c-3a31-492a-ac97-382525c2218a,Áo Sweater Unisex Trơn Basic,Áo khoác,XL,Nâu,1,320000,19/03/2026
HD02986,ca7585c8-ddbf-4d1d-a666-37a7b963d906,Balo Unisex Thời Trang Chống Nước,Nón,Free Size,Trắng,1,450000,19/03/2026
HD02986,d687bdc0-7bd2-4fb3-b157-ef8d3c1b2135,Quần Jogger Unisex Nỉ Basic,Quần,L,Xám,2,280000,19/03/2026
HD02986,00cd794a-d248-4ee5-82bc-6f47e4552024,Giày Thể Thao Unisex Chunky,Giày,39,Trắng,2,850000,19/03/2026
HD02987,72b9161e-e55b-4802-a1c7-d7f33e5ccb0d,Quần Jogger Nam,Quần,L,Đen,1,320000,01/07/2025
HD02987,bb06c357-8eb3-4ffe-a765-1307de4e19eb,Mũ Len Unisex Mùa Đông Ấm Áp,Nón,Free Size,Xám,1,150000,01/07/2025
HD02987,b3d420d4-d451-4c61-bd20-6636b4973e09,Cardigan Nữ Len Dệt Kim Kem,Cardigan,L,Be,1,499000,01/07/2025
HD02987,00ea76e6-8a78-4510-9aa1-8c8d3f1e0ea4,Áo Body Nữ Cổ Vuông,Áo body,L,Hồng,2,329000,01/07/2025
HD02988,e6f18dbb-acb7-46bb-a116-d6111d7b40f8,Quần Jogger Nam Thể Thao Nỉ,Quần,XL,Xám,2,320000,21/02/2025
HD02988,12c3c23d-b26f-4090-b661-3e330f928a84,Nón Thể Thao Unisex,Nón,Free Size,Trắng,2,160000,21/02/2025
HD02988,46605dff-a9ed-41df-a46a-88d80a783e20,Nón Lưỡi Trai Cao Cấp Unisex,Nón,Free Size,Navy,2,250000,21/02/2025
HD02989,d15def0c-3a31-492a-ac97-382525c2218a,Áo Sweater Unisex Trơn Basic,Áo khoác,XL,Nâu,2,320000,03/01/2026
HD02989,93efef1b-4c47-4682-af31-84004a28c573,Nón Snapback Unisex,Nón,Free Size,Xám,1,220000,03/01/2026
HD02990,12c3c23d-b26f-4090-b661-3e330f928a84,Nón Thể Thao Unisex,Nón,Free Size,Trắng,1,160000,25/10/2025
HD02990,4ef3b541-6c86-4287-8090-28809b3559fe,Giày Chạy Bộ Nam Running Sport,Giày,42,Đen,1,790000,25/10/2025
HD02991,bb06c357-8eb3-4ffe-a765-1307de4e19eb,Mũ Len Unisex Mùa Đông Ấm Áp,Nón,Free Size,Xám,2,150000,18/09/2025
HD02991,0f6632d3-5cf7-42d2-9157-f13f0084a634,Áo Khoác Nam Denim Classic,Áo khoác,XL,Xanh,1,550000,18/09/2025
HD02991,1d9f44d7-0657-47ec-baf9-659b9bfe2f6d,Áo Len Nam Cổ Lọ Ấm Áp,Áo len,M,Đen,1,520000,18/09/2025
HD02992,99f07ede-2b19-4f58-949e-3c20b4da9416,Nón Snapback Unisex Streetwear,Nón,Free Size,Xám,1,220000,14/01/2026
HD02992,8211c7e6-49da-422e-8c8e-61bf0288e356,Áo Thun Nam Oversize Cực Chất,Áo thun,XL,Đen,1,220000,14/01/2026
HD02992,b9070ded-f7bb-4ae7-8384-31f433f188c1,Quần Jogger Nam Kaki Túi Hộp,Quần,L,Đen,1,350000,14/01/2026
HD02992,7a29452a-b709-4fb1-8dd9-a5d8e53fa194,Váy Nữ Dài,Váy,S,Be,1,459000,14/01/2026
HD02993,8a7e2af6-1dec-44a6-bf40-5c5c403abe8c,Áo Sơ Mi Nam Vải Oxford Trắng,Áo sơ mi,S,Trắng,2,320000,13/01/2026
HD02993,c04e8b6a-b8be-4231-9377-710ae7bb8e46,Áo Body Nữ Croptop,Áo body,M,Đen,2,289000,13/01/2026
HD02994,c9e6150b-fdf6-4a91-8f2c-d8bab75b9f2b,Hoodie Unisex Local Brand Cực Chất,Áo khoác,XL,Nâu,1,399000,20/12/2025
HD02994,b8a6d3f1-ad5c-4c5b-adf9-7e766ed462a5,Nón Bucket Unisex Vải Kaki Trơn,Nón,Free Size,Đen,1,150000,20/12/2025
HD02994,591f87ca-ccec-4d04-af4e-fe941c4ee72e,Giày Sneaker Trắng Unisex Streetwear,Giày,42,Trắng,2,650000,20/12/2025
HD02995,1d9f44d7-0657-47ec-baf9-659b9bfe2f6d,Áo Len Nam Cổ Lọ Ấm Áp,Áo len,M,Đen,1,520000,17/08/2025
HD02995,0f6632d3-5cf7-42d2-9157-f13f0084a634,Áo Khoác Nam Denim Classic,Áo khoác,XL,Xanh,1,550000,17/08/2025
HD02995,bb06c357-8eb3-4ffe-a765-1307de4e19eb,Mũ Len Unisex Mùa Đông Ấm Áp,Nón,Free Size,Xám,2,150000,17/08/2025
HD02996,7af62054-cb7c-43d5-8a7a-f6de97b8440d,Blazer Nữ Công Sở Premium,Blazer,S,Trắng,2,820000,23/04/2026
HD02996,2d01e356-ac67-4d6f-83ce-e2c9ad89a55d,Quần Tây Nữ Ống Suông,Quần,S,Đen,1,459000,23/04/2026
HD02997,99f07ede-2b19-4f58-949e-3c20b4da9416,Nón Snapback Unisex Streetwear,Nón,Free Size,Xám,1,220000,11/10/2025
HD02997,8211c7e6-49da-422e-8c8e-61bf0288e356,Áo Thun Nam Oversize Cực Chất,Áo thun,M,Đen,2,220000,11/10/2025
HD02998,99f07ede-2b19-4f58-949e-3c20b4da9416,Nón Snapback Unisex Streetwear,Nón,Free Size,Xám,1,220000,20/08/2025
HD02998,8211c7e6-49da-422e-8c8e-61bf0288e356,Áo Thun Nam Oversize Cực Chất,Áo thun,XL,Đen,2,220000,20/08/2025
HD02998,b9070ded-f7bb-4ae7-8384-31f433f188c1,Quần Jogger Nam Kaki Túi Hộp,Quần,M,Đen,2,350000,20/08/2025
HD02998,5b589295-6165-44f3-840e-bdf84d3c964e,Áo Body Nữ Giữ Nhiệt Bamboo Cổ Tròn,Áo body,S,Trắng,1,329000,20/08/2025
HD02999,cc14f38d-1c5d-44e4-a577-c2add0a1b47e,Áo Sơ Mi Nữ Linen Kem,Áo sơ mi,L,Be,2,359000,06/10/2025
HD02999,b3d420d4-d451-4c61-bd20-6636b4973e09,Cardigan Nữ Len Dệt Kim Kem,Cardigan,L,Be,1,499000,06/10/2025
HD03000,3ffeadc2-56cb-4267-a02b-00fc51a7a1b2,Áo Khoác Bomber Unisex Da Lộn,Áo khoác,L,Đen,1,599000,17/06/2025
HD03000,9b3e4d7c-96f1-4236-826e-5f32678a9fc4,Quần Jeans Nam,Quần,28,Xanh nhạt,1,549000,17/06/2025
HD03000,ac85d49f-37a3-47d2-9850-04adc3abecfb,Mắt Kính Unisex Chống Tia UV,Nón,Free Size,Đen,2,290000,17/06/2025
HD03000,c9abc8f4-c333-4a02-9fdb-0a7346bdc75f,Váy Nữ Hoa Nhí Dáng A,Váy,S,Hồng,1,390000,17/06/2025
HD03000,6f18cc28-04f2-411d-8e77-8735933ad66c,Nón Lưỡi Trai Unisex Thêu Chữ,Nón,Free Size,Trắng,1,120000,17/06/2025
